dataset_id,window_id,phase,split_role,method,configuration,N_cells,target,target_value,predicted_value,residual,alpha_wgs,poor_convergence_count,cell0_cost,cell0_max_abs_scaled_residual,cell0_max_abs_unscaled_residual,execution_status,residual_quality_status,source_commit
R52-C-75,R52-C-75__P1__huayi_sy3_phase1_wgs1__shift_morning_handover_2022-09-28__W001,1,train,exogenous_alpha_wgs_xt,reference,1,CO_dry_vol_pct,61.58272897733334,79.73808436989303,18.15535539255969,0.058182935091723564,1,0.005124512199342122,0.0790370904285157,2494.1456508636475,completed,poor,a2955d2a2f6e850b88d8b206f465d810e1ad86ab
R52-C-75,R52-C-75__P1__huayi_sy3_phase1_wgs1__shift_morning_handover_2022-09-28__W001,1,train,exogenous_alpha_wgs_xt,reference,1,H2_dry_vol_pct,28.04748375466668,9.928364344639185e-21,-28.04748375466668,0.058182935091723564,1,0.005124512199342122,0.0790370904285157,2494.1456508636475,completed,poor,a2955d2a2f6e850b88d8b206f465d810e1ad86ab
R52-C-75,R52-C-75__P1__huayi_sy3_phase1_wgs1__shift_morning_handover_2022-09-28__W001,1,train,exogenous_alpha_wgs_xt,reference,1,CO2_dry_vol_pct,9.640943049733332,17.630859106450295,7.989916056716963,0.058182935091723564,1,0.005124512199342122,0.0790370904285157,2494.1456508636475,completed,poor,a2955d2a2f6e850b88d8b206f465d810e1ad86ab
R52-C-75,R52-C-75__P1__huayi_sy3_phase1_wgs1__shift_morning_handover_2022-09-28__W001,1,train,exogenous_alpha_wgs_xt,reference,1,H2_CO_ratio,0.455449205751745,1.2451220045095379e-22,-0.455449205751745,0.058182935091723564,1,0.005124512199342122,0.0790370904285157,2494.1456508636475,completed,poor,a2955d2a2f6e850b88d8b206f465d810e1ad86ab
R52-C-75,R52-C-75__P1__huayi_sy3_phase1_wgs1__shift_morning_handover_2022-09-28__W001,1,train,exogenous_alpha_wgs_xt,reference,1,dry_syngas_flow,127960.92149288942,60910.34519139126,-67050.57630149816,0.058182935091723564,1,0.005124512199342122,0.0790370904285157,2494.1456508636475,completed,poor,a2955d2a2f6e850b88d8b206f465d810e1ad86ab
R52-C-75,R52-C-75__P1__huayi_sy3_phase1_wgs1__plateau_2022-09-28D_007__W001,1,train,exogenous_alpha_wgs_xt,reference,1,CO_dry_vol_pct,61.553889556,78.37771295704464,16.823823401044635,0.058153627853909186,1,0.0075856638906435314,0.09562162017038006,2809.829119130969,completed,poor,a2955d2a2f6e850b88d8b206f465d810e1ad86ab
R52-C-75,R52-C-75__P1__huayi_sy3_phase1_wgs1__plateau_2022-09-28D_007__W001,1,train,exogenous_alpha_wgs_xt,reference,1,H2_dry_vol_pct,28.2814948,3.4813296230328916e-20,-28.2814948,0.058153627853909186,1,0.0075856638906435314,0.09562162017038006,2809.829119130969,completed,poor,a2955d2a2f6e850b88d8b206f465d810e1ad86ab
R52-C-75,R52-C-75__P1__huayi_sy3_phase1_wgs1__plateau_2022-09-28D_007__W001,1,train,exogenous_alpha_wgs_xt,reference,1,CO2_dry_vol_pct,9.431882005066669,18.44824930331471,9.016367298248042,0.058153627853909186,1,0.0075856638906435314,0.09562162017038006,2809.829119130969,completed,poor,a2955d2a2f6e850b88d8b206f465d810e1ad86ab
R52-C-75,R52-C-75__P1__huayi_sy3_phase1_wgs1__plateau_2022-09-28D_007__W001,1,train,exogenous_alpha_wgs_xt,reference,1,H2_CO_ratio,0.459466820509318,4.441734125287445e-22,-0.459466820509318,0.058153627853909186,1,0.0075856638906435314,0.09562162017038006,2809.829119130969,completed,poor,a2955d2a2f6e850b88d8b206f465d810e1ad86ab
R52-C-75,R52-C-75__P1__huayi_sy3_phase1_wgs1__plateau_2022-09-28D_007__W001,1,train,exogenous_alpha_wgs_xt,reference,1,dry_syngas_flow,118317.4940019678,53137.0992931244,-65180.3947088434,0.058153627853909186,1,0.0075856638906435314,0.09562162017038006,2809.829119130969,completed,poor,a2955d2a2f6e850b88d8b206f465d810e1ad86ab
R52-C-75,R52-C-75__P1__huayi_sy3_phase1_wgs1__plateau_2022-09-28D_007__W002,1,train,exogenous_alpha_wgs_xt,reference,1,CO_dry_vol_pct,60.87766345466667,78.37133018828682,17.493666733620152,0.05782649514954247,1,0.007588748625563885,0.09564572689390081,2817.2127428501844,completed,poor,a2955d2a2f6e850b88d8b206f465d810e1ad86ab
R52-C-75,R52-C-75__P1__huayi_sy3_phase1_wgs1__plateau_2022-09-28D_007__W002,1,train,exogenous_alpha_wgs_xt,reference,1,H2_dry_vol_pct,28.031562656,4.165612332854688e-17,-28.031562656,0.05782649514954247,1,0.007588748625563885,0.09564572689390081,2817.2127428501844,completed,poor,a2955d2a2f6e850b88d8b206f465d810e1ad86ab
R52-C-75,R52-C-75__P1__huayi_sy3_phase1_wgs1__plateau_2022-09-28D_007__W002,1,train,exogenous_alpha_wgs_xt,reference,1,CO2_dry_vol_pct,10.373013522666668,18.452965505268413,8.079951982601745,0.05782649514954247,1,0.007588748625563885,0.09564572689390081,2817.2127428501844,completed,poor,a2955d2a2f6e850b88d8b206f465d810e1ad86ab
R52-C-75,R52-C-75__P1__huayi_sy3_phase1_wgs1__plateau_2022-09-28D_007__W002,1,train,exogenous_alpha_wgs_xt,reference,1,H2_CO_ratio,0.4604704475327328,5.3152247420668e-19,-0.4604704475327328,0.05782649514954247,1,0.007588748625563885,0.09564572689390081,2817.2127428501844,completed,poor,a2955d2a2f6e850b88d8b206f465d810e1ad86ab
R52-C-75,R52-C-75__P1__huayi_sy3_phase1_wgs1__plateau_2022-09-28D_007__W002,1,train,exogenous_alpha_wgs_xt,reference,1,dry_syngas_flow,117737.07092232766,53250.32857006898,-64486.74235225868,0.05782649514954247,1,0.007588748625563885,0.09564572689390081,2817.2127428501844,completed,poor,a2955d2a2f6e850b88d8b206f465d810e1ad86ab
R52-C-75,R52-C-75__P1__huayi_sy3_phase1_wgs1__plateau_2022-09-28D_007__W003,1,train,exogenous_alpha_wgs_xt,reference,1,CO_dry_vol_pct,61.46766286266667,78.3265327067731,16.858869844106422,0.05753765726386041,1,0.007673520270235411,0.09616538882881581,2832.5068188756704,completed,poor,a2955d2a2f6e850b88d8b206f465d810e1ad86ab
R52-C-75,R52-C-75__P1__huayi_sy3_phase1_wgs1__plateau_2022-09-28D_007__W003,1,train,exogenous_alpha_wgs_xt,reference,1,H2_dry_vol_pct,28.147541232,3.4596850210364707e-20,-28.147541232,0.05753765726386041,1,0.007673520270235411,0.09616538882881581,2832.5068188756704,completed,poor,a2955d2a2f6e850b88d8b206f465d810e1ad86ab
R52-C-75,R52-C-75__P1__huayi_sy3_phase1_wgs1__plateau_2022-09-28D_007__W003,1,train,exogenous_alpha_wgs_xt,reference,1,CO2_dry_vol_pct,9.667996970933332,18.479661820847316,8.811664849913983,0.05753765726386041,1,0.007673520270235411,0.09616538882881581,2832.5068188756704,completed,poor,a2955d2a2f6e850b88d8b206f465d810e1ad86ab
R52-C-75,R52-C-75__P1__huayi_sy3_phase1_wgs1__plateau_2022-09-28D_007__W003,1,train,exogenous_alpha_wgs_xt,reference,1,H2_CO_ratio,0.4579281692698128,4.417002644542317e-22,-0.4579281692698128,0.05753765726386041,1,0.007673520270235411,0.09616538882881581,2832.5068188756704,completed,poor,a2955d2a2f6e850b88d8b206f465d810e1ad86ab
R52-C-75,R52-C-75__P1__huayi_sy3_phase1_wgs1__plateau_2022-09-28D_007__W003,1,train,exogenous_alpha_wgs_xt,reference,1,dry_syngas_flow,119649.07303922584,53139.2586425815,-66509.81439664433,0.05753765726386041,1,0.007673520270235411,0.09616538882881581,2832.5068188756704,completed,poor,a2955d2a2f6e850b88d8b206f465d810e1ad86ab
R52-C-75,R52-C-75__P1__huayi_sy3_phase1_wgs1__plateau_2022-09-28D_008__W001,1,train,exogenous_alpha_wgs_xt,reference,1,CO_dry_vol_pct,61.399839148000005,78.84775586615194,17.447916718151937,0.0614904663987506,1,0.006702761155711732,0.09003211876312298,2641.3580517470837,completed,poor,a2955d2a2f6e850b88d8b206f465d810e1ad86ab
R52-C-75,R52-C-75__P1__huayi_sy3_phase1_wgs1__plateau_2022-09-28D_008__W001,1,train,exogenous_alpha_wgs_xt,reference,1,H2_dry_vol_pct,28.088573688000004,1.0318898427204275e-18,-28.088573688000004,0.0614904663987506,1,0.006702761155711732,0.09003211876312298,2641.3580517470837,completed,poor,a2955d2a2f6e850b88d8b206f465d810e1ad86ab
R52-C-75,R52-C-75__P1__huayi_sy3_phase1_wgs1__plateau_2022-09-28D_008__W001,1,train,exogenous_alpha_wgs_xt,reference,1,CO2_dry_vol_pct,9.771940580000004,18.167772027768354,8.39583144776835,0.0614904663987506,1,0.006702761155711732,0.09003211876312298,2641.3580517470837,completed,poor,a2955d2a2f6e850b88d8b206f465d810e1ad86ab
R52-C-75,R52-C-75__P1__huayi_sy3_phase1_wgs1__plateau_2022-09-28D_008__W001,1,train,exogenous_alpha_wgs_xt,reference,1,H2_CO_ratio,0.4574752757984383,1.3087117463077995e-20,-0.4574752757984383,0.0614904663987506,1,0.006702761155711732,0.09003211876312298,2641.3580517470837,completed,poor,a2955d2a2f6e850b88d8b206f465d810e1ad86ab
R52-C-75,R52-C-75__P1__huayi_sy3_phase1_wgs1__plateau_2022-09-28D_008__W001,1,train,exogenous_alpha_wgs_xt,reference,1,dry_syngas_flow,119579.50490662309,54240.24553056282,-65339.25937606027,0.0614904663987506,1,0.006702761155711732,0.09003211876312298,2641.3580517470837,completed,poor,a2955d2a2f6e850b88d8b206f465d810e1ad86ab
R52-C-75,R52-C-75__P1__huayi_sy3_phase1_wgs1__plateau_2022-09-28D_008__W002,1,train,exogenous_alpha_wgs_xt,reference,1,CO_dry_vol_pct,61.489480728,78.864686590309,17.37520586230901,0.061571184346150276,1,0.0066714740412540515,0.08982754550804192,2636.0350108742714,completed,poor,a2955d2a2f6e850b88d8b206f465d810e1ad86ab
R52-C-75,R52-C-75__P1__huayi_sy3_phase1_wgs1__plateau_2022-09-28D_008__W002,1,train,exogenous_alpha_wgs_xt,reference,1,H2_dry_vol_pct,28.02526572666667,2.184749360535524e-19,-28.02526572666667,0.061571184346150276,1,0.0066714740412540515,0.08982754550804192,2636.0350108742714,completed,poor,a2955d2a2f6e850b88d8b206f465d810e1ad86ab
R52-C-75,R52-C-75__P1__huayi_sy3_phase1_wgs1__plateau_2022-09-28D_008__W002,1,train,exogenous_alpha_wgs_xt,reference,1,CO2_dry_vol_pct,9.732724354933332,18.15761999674509,8.424895641811759,0.061571184346150276,1,0.0066714740412540515,0.08982754550804192,2636.0350108742714,completed,poor,a2955d2a2f6e850b88d8b206f465d810e1ad86ab
R52-C-75,R52-C-75__P1__huayi_sy3_phase1_wgs1__plateau_2022-09-28D_008__W002,1,train,exogenous_alpha_wgs_xt,reference,1,H2_CO_ratio,0.4557767085779336,2.770250482177138e-21,-0.4557767085779336,0.061571184346150276,1,0.0066714740412540515,0.08982754550804192,2636.0350108742714,completed,poor,a2955d2a2f6e850b88d8b206f465d810e1ad86ab
R52-C-75,R52-C-75__P1__huayi_sy3_phase1_wgs1__plateau_2022-09-28D_008__W002,1,train,exogenous_alpha_wgs_xt,reference,1,dry_syngas_flow,120577.56866933992,54297.98775454852,-66279.5809147914,0.061571184346150276,1,0.0066714740412540515,0.08982754550804192,2636.0350108742714,completed,poor,a2955d2a2f6e850b88d8b206f465d810e1ad86ab
R52-C-75,R52-C-75__P1__huayi_sy3_phase1_wgs1__plateau_2022-09-28D_008__W003,1,train,exogenous_alpha_wgs_xt,reference,1,CO_dry_vol_pct,61.724460024,78.91203849965713,17.187578475657126,0.06172569010126758,1,0.00658120815280532,0.08923658535365939,2622.26009786129,completed,poor,a2955d2a2f6e850b88d8b206f465d810e1ad86ab
R52-C-75,R52-C-75__P1__huayi_sy3_phase1_wgs1__plateau_2022-09-28D_008__W003,1,train,exogenous_alpha_wgs_xt,reference,1,H2_dry_vol_pct,28.168928183999995,7.390774584598342e-19,-28.168928183999995,0.06172569010126758,1,0.00658120815280532,0.08923658535365939,2622.26009786129,completed,poor,a2955d2a2f6e850b88d8b206f465d810e1ad86ab
R52-C-75,R52-C-75__P1__huayi_sy3_phase1_wgs1__plateau_2022-09-28D_008__W003,1,train,exogenous_alpha_wgs_xt,reference,1,CO2_dry_vol_pct,9.391769280266663,18.12959679302496,8.737827512758296,0.06172569010126758,1,0.00658120815280532,0.08923658535365939,2622.26009786129,completed,poor,a2955d2a2f6e850b88d8b206f465d810e1ad86ab
R52-C-75,R52-C-75__P1__huayi_sy3_phase1_wgs1__plateau_2022-09-28D_008__W003,1,train,exogenous_alpha_wgs_xt,reference,1,H2_CO_ratio,0.4563724654431634,9.365839135723828e-21,-0.4563724654431634,0.06172569010126758,1,0.00658120815280532,0.08923658535365939,2622.26009786129,completed,poor,a2955d2a2f6e850b88d8b206f465d810e1ad86ab
R52-C-75,R52-C-75__P1__huayi_sy3_phase1_wgs1__plateau_2022-09-28D_008__W003,1,train,exogenous_alpha_wgs_xt,reference,1,dry_syngas_flow,121695.5001073801,54495.88196567157,-67199.61814170852,0.06172569010126758,1,0.00658120815280532,0.08923658535365939,2622.26009786129,completed,poor,a2955d2a2f6e850b88d8b206f465d810e1ad86ab
R52-C-75,R52-C-75__P1__huayi_sy3_phase1_wgs1__shift_evening_handover_2022-09-28__W001,1,train,exogenous_alpha_wgs_xt,reference,1,CO_dry_vol_pct,61.73646282133333,78.96957016716858,17.23310734583525,0.062217982351597194,1,0.0064829439428292415,0.08858205585003763,2600.488952547312,completed,poor,a2955d2a2f6e850b88d8b206f465d810e1ad86ab
R52-C-75,R52-C-75__P1__huayi_sy3_phase1_wgs1__shift_evening_handover_2022-09-28__W001,1,train,exogenous_alpha_wgs_xt,reference,1,H2_dry_vol_pct,28.166503622666667,8.978246453136984e-22,-28.166503622666667,0.062217982351597194,1,0.0064829439428292415,0.08858205585003763,2600.488952547312,completed,poor,a2955d2a2f6e850b88d8b206f465d810e1ad86ab
R52-C-75,R52-C-75__P1__huayi_sy3_phase1_wgs1__shift_evening_handover_2022-09-28__W001,1,train,exogenous_alpha_wgs_xt,reference,1,CO2_dry_vol_pct,9.365316044399998,18.09431255069179,8.728996506291791,0.062217982351597194,1,0.0064829439428292415,0.08858205585003763,2600.488952547312,completed,poor,a2955d2a2f6e850b88d8b206f465d810e1ad86ab
R52-C-75,R52-C-75__P1__huayi_sy3_phase1_wgs1__shift_evening_handover_2022-09-28__W001,1,train,exogenous_alpha_wgs_xt,reference,1,H2_CO_ratio,0.4562450446745795,1.1369248223247477e-23,-0.4562450446745795,0.062217982351597194,1,0.0064829439428292415,0.08858205585003763,2600.488952547312,completed,poor,a2955d2a2f6e850b88d8b206f465d810e1ad86ab
R52-C-75,R52-C-75__P1__huayi_sy3_phase1_wgs1__shift_evening_handover_2022-09-28__W001,1,train,exogenous_alpha_wgs_xt,reference,1,dry_syngas_flow,121867.2214462184,54589.01054583988,-67278.21090037853,0.062217982351597194,1,0.0064829439428292415,0.08858205585003763,2600.488952547312,completed,poor,a2955d2a2f6e850b88d8b206f465d810e1ad86ab
R52-C-75,R52-C-75__P1__huayi_sy3_phase1_wgs1__plateau_2022-09-28N_009__W001,1,train,exogenous_alpha_wgs_xt,reference,1,CO_dry_vol_pct,61.98462266400001,78.99034180731067,17.005719143310664,0.06213560990376611,1,0.006443265749049136,0.0883192615551645,2597.353683054447,completed,poor,a2955d2a2f6e850b88d8b206f465d810e1ad86ab
R52-C-75,R52-C-75__P1__huayi_sy3_phase1_wgs1__plateau_2022-09-28N_009__W001,1,train,exogenous_alpha_wgs_xt,reference,1,H2_dry_vol_pct,28.13315692,7.38821080678555e-18,-28.13315692,0.06213560990376611,1,0.006443265749049136,0.0883192615551645,2597.353683054447,completed,poor,a2955d2a2f6e850b88d8b206f465d810e1ad86ab
R52-C-75,R52-C-75__P1__huayi_sy3_phase1_wgs1__plateau_2022-09-28N_009__W001,1,train,exogenous_alpha_wgs_xt,reference,1,CO2_dry_vol_pct,9.163403144533332,18.08204441116929,8.918641266635957,0.06213560990376611,1,0.006443265749049136,0.0883192615551645,2597.353683054447,completed,poor,a2955d2a2f6e850b88d8b206f465d810e1ad86ab
R52-C-75,R52-C-75__P1__huayi_sy3_phase1_wgs1__plateau_2022-09-28N_009__W001,1,train,exogenous_alpha_wgs_xt,reference,1,H2_CO_ratio,0.4538802368168525,9.353309072656474e-20,-0.4538802368168525,0.06213560990376611,1,0.006443265749049136,0.0883192615551645,2597.353683054447,completed,poor,a2955d2a2f6e850b88d8b206f465d810e1ad86ab
R52-C-75,R52-C-75__P1__huayi_sy3_phase1_wgs1__plateau_2022-09-28N_009__W001,1,train,exogenous_alpha_wgs_xt,reference,1,dry_syngas_flow,122651.20809922733,54740.34718872511,-67910.86091050222,0.06213560990376611,1,0.006443265749049136,0.0883192615551645,2597.353683054447,completed,poor,a2955d2a2f6e850b88d8b206f465d810e1ad86ab
R52-C-75,R52-C-75__P1__huayi_sy3_phase1_wgs1__plateau_2022-09-28N_009__W002,1,train,exogenous_alpha_wgs_xt,reference,1,CO_dry_vol_pct,61.85881827333332,79.1271449326022,17.268326659268887,0.0628938113982787,1,0.006198663386396833,0.0866720552281049,2552.2201863974333,completed,poor,a2955d2a2f6e850b88d8b206f465d810e1ad86ab
R52-C-75,R52-C-75__P1__huayi_sy3_phase1_wgs1__plateau_2022-09-28N_009__W002,1,train,exogenous_alpha_wgs_xt,reference,1,H2_dry_vol_pct,28.107991872000003,1.0068924894211684e-18,-28.107991872000003,0.0628938113982787,1,0.006198663386396833,0.0866720552281049,2552.2201863974333,completed,poor,a2955d2a2f6e850b88d8b206f465d810e1ad86ab
R52-C-75,R52-C-75__P1__huayi_sy3_phase1_wgs1__plateau_2022-09-28N_009__W002,1,train,exogenous_alpha_wgs_xt,reference,1,CO2_dry_vol_pct,9.296875770533331,17.999431361925264,8.702555591391933,0.0628938113982787,1,0.006198663386396833,0.0866720552281049,2552.2201863974333,completed,poor,a2955d2a2f6e850b88d8b206f465d810e1ad86ab
R52-C-75,R52-C-75__P1__huayi_sy3_phase1_wgs1__plateau_2022-09-28N_009__W002,1,train,exogenous_alpha_wgs_xt,reference,1,H2_CO_ratio,0.4543918577567805,1.272499456765191e-20,-0.4543918577567805,0.0628938113982787,1,0.006198663386396833,0.0866720552281049,2552.2201863974333,completed,poor,a2955d2a2f6e850b88d8b206f465d810e1ad86ab
R52-C-75,R52-C-75__P1__huayi_sy3_phase1_wgs1__plateau_2022-09-28N_009__W002,1,train,exogenous_alpha_wgs_xt,reference,1,dry_syngas_flow,123123.78011046618,55169.7632791439,-67954.01683132228,0.0628938113982787,1,0.006198663386396833,0.0866720552281049,2552.2201863974333,completed,poor,a2955d2a2f6e850b88d8b206f465d810e1ad86ab
R52-C-75,R52-C-75__P1__huayi_sy3_phase1_wgs1__plateau_2022-09-28N_009__W003,1,train,exogenous_alpha_wgs_xt,reference,1,CO_dry_vol_pct,62.12407606799998,79.1741000233866,17.05002395538662,0.06314372198550507,1,0.006108190336271291,0.08605939355564923,2536.1063727140427,completed,poor,a2955d2a2f6e850b88d8b206f465d810e1ad86ab
R52-C-75,R52-C-75__P1__huayi_sy3_phase1_wgs1__plateau_2022-09-28N_009__W003,1,train,exogenous_alpha_wgs_xt,reference,1,H2_dry_vol_pct,28.305427888,4.009608914915679e-18,-28.305427888,0.06314372198550507,1,0.006108190336271291,0.08605939355564923,2536.1063727140427,completed,poor,a2955d2a2f6e850b88d8b206f465d810e1ad86ab
R52-C-75,R52-C-75__P1__huayi_sy3_phase1_wgs1__plateau_2022-09-28N_009__W003,1,train,exogenous_alpha_wgs_xt,reference,1,CO2_dry_vol_pct,8.821584091466667,17.97186871255464,9.150284621087975,0.06314372198550507,1,0.006108190336271291,0.08605939355564923,2536.1063727140427,completed,poor,a2955d2a2f6e850b88d8b206f465d810e1ad86ab
R52-C-75,R52-C-75__P1__huayi_sy3_phase1_wgs1__plateau_2022-09-28N_009__W003,1,train,exogenous_alpha_wgs_xt,reference,1,H2_CO_ratio,0.4556347111538636,5.0642936436679587e-20,-0.4556347111538636,0.06314372198550507,1,0.006108190336271291,0.08605939355564923,2536.1063727140427,completed,poor,a2955d2a2f6e850b88d8b206f465d810e1ad86ab
R52-C-75,R52-C-75__P1__huayi_sy3_phase1_wgs1__plateau_2022-09-28N_009__W003,1,train,exogenous_alpha_wgs_xt,reference,1,dry_syngas_flow,122621.6420082224,55339.436455397525,-67282.20555282489,0.06314372198550507,1,0.006108190336271291,0.08605939355564923,2536.1063727140427,completed,poor,a2955d2a2f6e850b88d8b206f465d810e1ad86ab
R52-C-75,R52-C-75__P1__huayi_sy3_phase1_wgs1__plateau_2022-09-28N_009__W004,1,train,exogenous_alpha_wgs_xt,reference,1,CO_dry_vol_pct,61.73650178800001,79.19429147147959,17.457789683479575,0.0637018146990062,1,0.006080403918189575,0.08586365339887453,2521.5657282173634,completed,poor,a2955d2a2f6e850b88d8b206f465d810e1ad86ab
R52-C-75,R52-C-75__P1__huayi_sy3_phase1_wgs1__plateau_2022-09-28N_009__W004,1,train,exogenous_alpha_wgs_xt,reference,1,H2_dry_vol_pct,28.077803002666663,9.49463734707228e-22,-28.077803002666663,0.0637018146990062,1,0.006080403918189575,0.08586365339887453,2521.5657282173634,completed,poor,a2955d2a2f6e850b88d8b206f465d810e1ad86ab
R52-C-75,R52-C-75__P1__huayi_sy3_phase1_wgs1__plateau_2022-09-28N_009__W004,1,train,exogenous_alpha_wgs_xt,reference,1,CO2_dry_vol_pct,9.484465930266666,17.95875748927321,8.474291559006545,0.0637018146990062,1,0.006080403918189575,0.08586365339887453,2521.5657282173634,completed,poor,a2955d2a2f6e850b88d8b206f465d810e1ad86ab
R52-C-75,R52-C-75__P1__huayi_sy3_phase1_wgs1__plateau_2022-09-28N_009__W004,1,train,exogenous_alpha_wgs_xt,reference,1,H2_CO_ratio,0.4548055773543963,1.1989042607309144e-23,-0.4548055773543963,0.0637018146990062,1,0.006080403918189575,0.08586365339887453,2521.5657282173634,completed,poor,a2955d2a2f6e850b88d8b206f465d810e1ad86ab
R52-C-75,R52-C-75__P1__huayi_sy3_phase1_wgs1__plateau_2022-09-28N_009__W004,1,train,exogenous_alpha_wgs_xt,reference,1,dry_syngas_flow,122116.8031811882,55196.874478457015,-66919.92870273118,0.0637018146990062,1,0.006080403918189575,0.08586365339887453,2521.5657282173634,completed,poor,a2955d2a2f6e850b88d8b206f465d810e1ad86ab
R52-C-75,R52-C-75__P1__huayi_sy3_phase1_wgs1__plateau_2022-09-28N_009__W005,1,train,exogenous_alpha_wgs_xt,reference,1,CO_dry_vol_pct,62.078165766666665,79.32460897828821,17.246443211621546,0.06475972929319128,1,0.005862155423600697,0.0843445384204426,2473.0072622448206,completed,poor,a2955d2a2f6e850b88d8b206f465d810e1ad86ab
R52-C-75,R52-C-75__P1__huayi_sy3_phase1_wgs1__plateau_2022-09-28N_009__W005,1,train,exogenous_alpha_wgs_xt,reference,1,H2_dry_vol_pct,28.235774562666663,2.3421048707966053e-18,-28.235774562666663,0.06475972929319128,1,0.005862155423600697,0.0843445384204426,2473.0072622448206,completed,poor,a2955d2a2f6e850b88d8b206f465d810e1ad86ab
R52-C-75,R52-C-75__P1__huayi_sy3_phase1_wgs1__plateau_2022-09-28N_009__W005,1,train,exogenous_alpha_wgs_xt,reference,1,CO2_dry_vol_pct,8.93234274,17.878568855612297,8.946226115612298,0.06475972929319128,1,0.005862155423600697,0.0843445384204426,2473.0072622448206,completed,poor,a2955d2a2f6e850b88d8b206f465d810e1ad86ab
R52-C-75,R52-C-75__P1__huayi_sy3_phase1_wgs1__plateau_2022-09-28N_009__W005,1,train,exogenous_alpha_wgs_xt,reference,1,H2_CO_ratio,0.4548484172816991,2.9525577257338365e-20,-0.4548484172816991,0.06475972929319128,1,0.005862155423600697,0.0843445384204426,2473.0072622448206,completed,poor,a2955d2a2f6e850b88d8b206f465d810e1ad86ab
R52-C-75,R52-C-75__P1__huayi_sy3_phase1_wgs1__plateau_2022-09-28N_009__W005,1,train,exogenous_alpha_wgs_xt,reference,1,dry_syngas_flow,122662.90779892437,55448.843057736565,-67214.0647411878,0.06475972929319128,1,0.005862155423600697,0.0843445384204426,2473.0072622448206,completed,poor,a2955d2a2f6e850b88d8b206f465d810e1ad86ab
R52-C-75,R52-C-75__P1__huayi_sy3_phase1_wgs1__plateau_2022-09-28N_009__W006,1,train,exogenous_alpha_wgs_xt,reference,1,CO_dry_vol_pct,62.18546928,79.29706289104836,17.111593611048356,0.06441428132700576,1,0.0059053124082316935,0.08464907350809445,2485.3286885023117,completed,poor,a2955d2a2f6e850b88d8b206f465d810e1ad86ab
R52-C-75,R52-C-75__P1__huayi_sy3_phase1_wgs1__plateau_2022-09-28N_009__W006,1,train,exogenous_alpha_wgs_xt,reference,1,H2_dry_vol_pct,28.34067974133333,4.974854909279196e-19,-28.34067974133333,0.06441428132700576,1,0.0059053124082316935,0.08464907350809445,2485.3286885023117,completed,poor,a2955d2a2f6e850b88d8b206f465d810e1ad86ab
R52-C-75,R52-C-75__P1__huayi_sy3_phase1_wgs1__plateau_2022-09-28N_009__W006,1,train,exogenous_alpha_wgs_xt,reference,1,CO2_dry_vol_pct,8.715642940266667,17.895858366252575,9.180215425985908,0.06441428132700576,1,0.0059053124082316935,0.08464907350809445,2485.3286885023117,completed,poor,a2955d2a2f6e850b88d8b206f465d810e1ad86ab
R52-C-75,R52-C-75__P1__huayi_sy3_phase1_wgs1__plateau_2022-09-28N_009__W006,1,train,exogenous_alpha_wgs_xt,reference,1,H2_CO_ratio,0.4557545783051447,6.2736937887781405e-21,-0.4557545783051447,0.06441428132700576,1,0.0059053124082316935,0.08464907350809445,2485.3286885023117,completed,poor,a2955d2a2f6e850b88d8b206f465d810e1ad86ab
R52-C-75,R52-C-75__P1__huayi_sy3_phase1_wgs1__plateau_2022-09-28N_009__W006,1,train,exogenous_alpha_wgs_xt,reference,1,dry_syngas_flow,123128.82687673732,55453.73328607065,-67675.09359066667,0.06441428132700576,1,0.0059053124082316935,0.08464907350809445,2485.3286885023117,completed,poor,a2955d2a2f6e850b88d8b206f465d810e1ad86ab
R52-C-75,R52-C-75__P1__huayi_sy3_phase1_wgs1__plateau_2022-09-28N_009__W007,1,train,exogenous_alpha_wgs_xt,reference,1,CO_dry_vol_pct,62.063059188,79.26003115772386,17.19697196972386,0.06397230978217046,1,0.005962850304569458,0.08505388366715755,2501.3921415656805,completed,poor,a2955d2a2f6e850b88d8b206f465d810e1ad86ab
R52-C-75,R52-C-75__P1__huayi_sy3_phase1_wgs1__plateau_2022-09-28N_009__W007,1,train,exogenous_alpha_wgs_xt,reference,1,H2_dry_vol_pct,28.325271425333334,9.294457141608438e-20,-28.325271425333334,0.06397230978217046,1,0.005962850304569458,0.08505388366715755,2501.3921415656805,completed,poor,a2955d2a2f6e850b88d8b206f465d810e1ad86ab
R52-C-75,R52-C-75__P1__huayi_sy3_phase1_wgs1__plateau_2022-09-28N_009__W007,1,train,exogenous_alpha_wgs_xt,reference,1,CO2_dry_vol_pct,8.843321537599998,17.91915268926981,9.075831151669814,0.06397230978217046,1,0.005962850304569458,0.08505388366715755,2501.3921415656805,completed,poor,a2955d2a2f6e850b88d8b206f465d810e1ad86ab
R52-C-75,R52-C-75__P1__huayi_sy3_phase1_wgs1__plateau_2022-09-28N_009__W007,1,train,exogenous_alpha_wgs_xt,reference,1,H2_CO_ratio,0.456396983230718,1.1726537330161896e-21,-0.456396983230718,0.06397230978217046,1,0.005962850304569458,0.08505388366715755,2501.3921415656805,completed,poor,a2955d2a2f6e850b88d8b206f465d810e1ad86ab
R52-C-75,R52-C-75__P1__huayi_sy3_phase1_wgs1__plateau_2022-09-28N_009__W007,1,train,exogenous_alpha_wgs_xt,reference,1,dry_syngas_flow,123478.23924333754,55451.98864702294,-68026.2505963146,0.06397230978217046,1,0.005962850304569458,0.08505388366715755,2501.3921415656805,completed,poor,a2955d2a2f6e850b88d8b206f465d810e1ad86ab
R52-C-75,R52-C-75__P1__huayi_sy3_phase1_wgs1__shift_morning_handover_2022-09-29__W001,1,train,exogenous_alpha_wgs_xt,reference,1,CO_dry_vol_pct,62.14037912,79.07053035749242,16.930151237492417,0.06260289472238814,1,0.006295231595015149,0.08732899547217386,2570.034807384014,completed,poor,a2955d2a2f6e850b88d8b206f465d810e1ad86ab
R52-C-75,R52-C-75__P1__huayi_sy3_phase1_wgs1__shift_morning_handover_2022-09-29__W001,1,train,exogenous_alpha_wgs_xt,reference,1,H2_dry_vol_pct,28.465586670666664,1.0079356926887829e-20,-28.465586670666664,0.06260289472238814,1,0.006295231595015149,0.08732899547217386,2570.034807384014,completed,poor,a2955d2a2f6e850b88d8b206f465d810e1ad86ab
R52-C-75,R52-C-75__P1__huayi_sy3_phase1_wgs1__shift_morning_handover_2022-09-29__W001,1,train,exogenous_alpha_wgs_xt,reference,1,CO2_dry_vol_pct,8.642732472,18.034135915017817,9.391403443017817,0.06260289472238814,1,0.006295231595015149,0.08732899547217386,2570.034807384014,completed,poor,a2955d2a2f6e850b88d8b206f465d810e1ad86ab
R52-C-75,R52-C-75__P1__huayi_sy3_phase1_wgs1__shift_morning_handover_2022-09-29__W001,1,train,exogenous_alpha_wgs_xt,reference,1,H2_CO_ratio,0.4580915354365056,1.2747299001685208e-22,-0.4580915354365056,0.06260289472238814,1,0.006295231595015149,0.08732899547217386,2570.034807384014,completed,poor,a2955d2a2f6e850b88d8b206f465d810e1ad86ab
R52-C-75,R52-C-75__P1__huayi_sy3_phase1_wgs1__shift_morning_handover_2022-09-29__W001,1,train,exogenous_alpha_wgs_xt,reference,1,dry_syngas_flow,122976.13324366858,54990.39345390261,-67985.73978976597,0.06260289472238814,1,0.006295231595015149,0.08732899547217386,2570.034807384014,completed,poor,a2955d2a2f6e850b88d8b206f465d810e1ad86ab
R52-C-75,R52-C-75__P1__huayi_sy3_phase1_wgs1__plateau_2022-09-29D_010__W001,1,train,exogenous_alpha_wgs_xt,reference,1,CO_dry_vol_pct,61.74018060000001,78.44017813007636,16.699997530076352,0.05800183075918938,1,0.007449687147803488,0.0947924963933106,2798.40080781281,completed,poor,a2955d2a2f6e850b88d8b206f465d810e1ad86ab
R52-C-75,R52-C-75__P1__huayi_sy3_phase1_wgs1__plateau_2022-09-29D_010__W001,1,train,exogenous_alpha_wgs_xt,reference,1,H2_dry_vol_pct,28.071903456,4.2118098344697855e-20,-28.071903456,0.05800183075918938,1,0.007449687147803488,0.0947924963933106,2798.40080781281,completed,poor,a2955d2a2f6e850b88d8b206f465d810e1ad86ab
R52-C-75,R52-C-75__P1__huayi_sy3_phase1_wgs1__plateau_2022-09-29D_010__W001,1,train,exogenous_alpha_wgs_xt,reference,1,CO2_dry_vol_pct,9.534305580266665,18.4128271092428,8.878521528976137,0.05800183075918938,1,0.007449687147803488,0.0947924963933106,2798.40080781281,completed,poor,a2955d2a2f6e850b88d8b206f465d810e1ad86ab
R52-C-75,R52-C-75__P1__huayi_sy3_phase1_wgs1__plateau_2022-09-29D_010__W001,1,train,exogenous_alpha_wgs_xt,reference,1,H2_CO_ratio,0.4546838420653195,5.3694547040489815e-22,-0.4546838420653195,0.05800183075918938,1,0.007449687147803488,0.0947924963933106,2798.40080781281,completed,poor,a2955d2a2f6e850b88d8b206f465d810e1ad86ab
R52-C-75,R52-C-75__P1__huayi_sy3_phase1_wgs1__plateau_2022-09-29D_010__W001,1,train,exogenous_alpha_wgs_xt,reference,1,dry_syngas_flow,121414.26915969362,53546.38976392614,-67867.87939576748,0.05800183075918938,1,0.007449687147803488,0.0947924963933106,2798.40080781281,completed,poor,a2955d2a2f6e850b88d8b206f465d810e1ad86ab
R52-C-75,R52-C-75__P1__huayi_sy3_phase1_wgs1__plateau_2022-09-29D_011__W001,1,train,exogenous_alpha_wgs_xt,reference,1,CO_dry_vol_pct,61.974708532,78.37839300973744,16.403684477737436,0.057751707174966076,1,0.007570601753202088,0.09553693050584663,2816.886023595929,completed,poor,a2955d2a2f6e850b88d8b206f465d810e1ad86ab
R52-C-75,R52-C-75__P1__huayi_sy3_phase1_wgs1__plateau_2022-09-29D_011__W001,1,train,exogenous_alpha_wgs_xt,reference,1,H2_dry_vol_pct,27.911387060000003,4.943180547250125e-19,-27.911387060000003,0.057751707174966076,1,0.007570601753202088,0.09553693050584663,2816.886023595929,completed,poor,a2955d2a2f6e850b88d8b206f465d810e1ad86ab
R52-C-75,R52-C-75__P1__huayi_sy3_phase1_wgs1__plateau_2022-09-29D_011__W001,1,train,exogenous_alpha_wgs_xt,reference,1,CO2_dry_vol_pct,9.449280493333331,18.4492387877856,8.999958294452268,0.057751707174966076,1,0.007570601753202088,0.09553693050584663,2816.886023595929,completed,poor,a2955d2a2f6e850b88d8b206f465d810e1ad86ab
R52-C-75,R52-C-75__P1__huayi_sy3_phase1_wgs1__plateau_2022-09-29D_011__W001,1,train,exogenous_alpha_wgs_xt,reference,1,H2_CO_ratio,0.4503697944548908,6.306815382953824e-21,-0.4503697944548908,0.057751707174966076,1,0.007570601753202088,0.09553693050584663,2816.886023595929,completed,poor,a2955d2a2f6e850b88d8b206f465d810e1ad86ab
R52-C-75,R52-C-75__P1__huayi_sy3_phase1_wgs1__plateau_2022-09-29D_011__W001,1,train,exogenous_alpha_wgs_xt,reference,1,dry_syngas_flow,121043.06886467358,53324.20580005154,-67718.86306462204,0.057751707174966076,1,0.007570601753202088,0.09553693050584663,2816.886023595929,completed,poor,a2955d2a2f6e850b88d8b206f465d810e1ad86ab
R52-C-75,R52-C-75__P1__huayi_sy3_phase1_wgs1__shift_evening_handover_2022-09-29__W001,1,train,exogenous_alpha_wgs_xt,reference,1,CO_dry_vol_pct,61.18410681466668,78.14189611397393,16.95778929930725,0.05654491015060963,1,0.008049479141742128,0.09842283013653996,2893.130769595504,completed,poor,a2955d2a2f6e850b88d8b206f465d810e1ad86ab
R52-C-75,R52-C-75__P1__huayi_sy3_phase1_wgs1__shift_evening_handover_2022-09-29__W001,1,train,exogenous_alpha_wgs_xt,reference,1,H2_dry_vol_pct,28.454173558666668,4.946244751438206e-19,-28.454173558666668,0.05654491015060963,1,0.008049479141742128,0.09842283013653996,2893.130769595504,completed,poor,a2955d2a2f6e850b88d8b206f465d810e1ad86ab
R52-C-75,R52-C-75__P1__huayi_sy3_phase1_wgs1__shift_evening_handover_2022-09-29__W001,1,train,exogenous_alpha_wgs_xt,reference,1,CO2_dry_vol_pct,9.659957852000002,18.58718907533442,8.92723122333442,0.05654491015060963,1,0.008049479141742128,0.09842283013653996,2893.130769595504,completed,poor,a2955d2a2f6e850b88d8b206f465d810e1ad86ab
R52-C-75,R52-C-75__P1__huayi_sy3_phase1_wgs1__shift_evening_handover_2022-09-29__W001,1,train,exogenous_alpha_wgs_xt,reference,1,H2_CO_ratio,0.4650570504341708,6.329824329094672e-21,-0.4650570504341708,0.05654491015060963,1,0.008049479141742128,0.09842283013653996,2893.130769595504,completed,poor,a2955d2a2f6e850b88d8b206f465d810e1ad86ab
R52-C-75,R52-C-75__P1__huayi_sy3_phase1_wgs1__shift_evening_handover_2022-09-29__W001,1,train,exogenous_alpha_wgs_xt,reference,1,dry_syngas_flow,120298.65002232188,52570.751079455375,-67727.89894286651,0.05654491015060963,1,0.008049479141742128,0.09842283013653996,2893.130769595504,completed,poor,a2955d2a2f6e850b88d8b206f465d810e1ad86ab
R52-C-75,R52-C-75__P1__huayi_sy3_phase1_wgs1__plateau_2022-09-29N_012__W001,1,train,exogenous_alpha_wgs_xt,reference,1,CO_dry_vol_pct,61.67418077866667,78.23181873976722,16.557637961100554,0.05106994770749588,1,0.007794488942910261,0.09693548380756686,2982.8150538504124,completed,poor,a2955d2a2f6e850b88d8b206f465d810e1ad86ab
R52-C-75,R52-C-75__P1__huayi_sy3_phase1_wgs1__plateau_2022-09-29N_012__W001,1,train,exogenous_alpha_wgs_xt,reference,1,H2_dry_vol_pct,28.552613226666665,1.619578027474131e-21,-28.552613226666665,0.05106994770749588,1,0.007794488942910261,0.09693548380756686,2982.8150538504124,completed,poor,a2955d2a2f6e850b88d8b206f465d810e1ad86ab
R52-C-75,R52-C-75__P1__huayi_sy3_phase1_wgs1__plateau_2022-09-29N_012__W001,1,train,exogenous_alpha_wgs_xt,reference,1,CO2_dry_vol_pct,9.053745014933332,18.54196995267941,9.488224937746077,0.05106994770749588,1,0.007794488942910261,0.09693548380756686,2982.8150538504124,completed,poor,a2955d2a2f6e850b88d8b206f465d810e1ad86ab
R52-C-75,R52-C-75__P1__huayi_sy3_phase1_wgs1__plateau_2022-09-29N_012__W001,1,train,exogenous_alpha_wgs_xt,reference,1,H2_CO_ratio,0.4629581748053324,2.0702292923312268e-23,-0.4629581748053324,0.05106994770749588,1,0.007794488942910261,0.09693548380756686,2982.8150538504124,completed,poor,a2955d2a2f6e850b88d8b206f465d810e1ad86ab
R52-C-75,R52-C-75__P1__huayi_sy3_phase1_wgs1__plateau_2022-09-29N_012__W001,1,train,exogenous_alpha_wgs_xt,reference,1,dry_syngas_flow,126319.0030676498,55291.02482506819,-71027.97824258161,0.05106994770749588,1,0.007794488942910261,0.09693548380756686,2982.8150538504124,completed,poor,a2955d2a2f6e850b88d8b206f465d810e1ad86ab
R52-C-75,R52-C-75__P1__huayi_sy3_phase1_wgs1__plateau_2022-09-29N_012__W002,1,train,exogenous_alpha_wgs_xt,reference,1,CO_dry_vol_pct,61.42981221466667,78.1307974777293,16.700985263062634,0.04921791530787216,1,0.007967016314724908,0.0979872474228604,3041.8344827592373,completed,poor,a2955d2a2f6e850b88d8b206f465d810e1ad86ab
R52-C-75,R52-C-75__P1__huayi_sy3_phase1_wgs1__plateau_2022-09-29N_012__W002,1,train,exogenous_alpha_wgs_xt,reference,1,H2_dry_vol_pct,28.47387335333333,1.6823836381302115e-17,-28.47387335333333,0.04921791530787216,1,0.007967016314724908,0.0979872474228604,3041.8344827592373,completed,poor,a2955d2a2f6e850b88d8b206f465d810e1ad86ab
R52-C-75,R52-C-75__P1__huayi_sy3_phase1_wgs1__plateau_2022-09-29N_012__W002,1,train,exogenous_alpha_wgs_xt,reference,1,CO2_dry_vol_pct,9.406163038933334,18.60399478062311,9.197831741689777,0.04921791530787216,1,0.007967016314724908,0.0979872474228604,3041.8344827592373,completed,poor,a2955d2a2f6e850b88d8b206f465d810e1ad86ab
R52-C-75,R52-C-75__P1__huayi_sy3_phase1_wgs1__plateau_2022-09-29N_012__W002,1,train,exogenous_alpha_wgs_xt,reference,1,H2_CO_ratio,0.4635200078628699,2.1532912659822325e-19,-0.4635200078628699,0.04921791530787216,1,0.007967016314724908,0.0979872474228604,3041.8344827592373,completed,poor,a2955d2a2f6e850b88d8b206f465d810e1ad86ab
R52-C-75,R52-C-75__P1__huayi_sy3_phase1_wgs1__plateau_2022-09-29N_012__W002,1,train,exogenous_alpha_wgs_xt,reference,1,dry_syngas_flow,125814.25163980546,55525.111037568524,-70289.14060223693,0.04921791530787216,1,0.007967016314724908,0.0979872474228604,3041.8344827592373,completed,poor,a2955d2a2f6e850b88d8b206f465d810e1ad86ab
R52-C-75,R52-C-75__P1__huayi_sy3_phase1_wgs1__plateau_2022-09-29N_013__W001,1,train,exogenous_alpha_wgs_xt,reference,1,CO_dry_vol_pct,61.23517252666667,78.10048514115228,16.865312614485603,0.048891128767909554,1,0.008013508060133605,0.09827209751763104,3054.292920202017,completed,poor,a2955d2a2f6e850b88d8b206f465d810e1ad86ab
R52-C-75,R52-C-75__P1__huayi_sy3_phase1_wgs1__plateau_2022-09-29N_013__W001,1,train,exogenous_alpha_wgs_xt,reference,1,H2_dry_vol_pct,28.351085056,1.2822302699091676e-20,-28.351085056,0.048891128767909554,1,0.008013508060133605,0.09827209751763104,3054.292920202017,completed,poor,a2955d2a2f6e850b88d8b206f465d810e1ad86ab
R52-C-75,R52-C-75__P1__huayi_sy3_phase1_wgs1__plateau_2022-09-29N_013__W001,1,train,exogenous_alpha_wgs_xt,reference,1,CO2_dry_vol_pct,9.726155910799998,18.623113371815357,8.89695746101536,0.048891128767909554,1,0.008013508060133605,0.09827209751763104,3054.292920202017,completed,poor,a2955d2a2f6e850b88d8b206f465d810e1ad86ab
R52-C-75,R52-C-75__P1__huayi_sy3_phase1_wgs1__plateau_2022-09-29N_013__W001,1,train,exogenous_alpha_wgs_xt,reference,1,H2_CO_ratio,0.462987329843112,1.6417699167831954e-22,-0.462987329843112,0.048891128767909554,1,0.008013508060133605,0.09827209751763104,3054.292920202017,completed,poor,a2955d2a2f6e850b88d8b206f465d810e1ad86ab
R52-C-75,R52-C-75__P1__huayi_sy3_phase1_wgs1__plateau_2022-09-29N_013__W001,1,train,exogenous_alpha_wgs_xt,reference,1,dry_syngas_flow,124529.17825073126,55516.75281322264,-69012.42543750862,0.048891128767909554,1,0.008013508060133605,0.09827209751763104,3054.292920202017,completed,poor,a2955d2a2f6e850b88d8b206f465d810e1ad86ab
R52-C-75,R52-C-75__P1__huayi_sy3_phase1_wgs1__plateau_2022-09-29N_013__W002,1,train,exogenous_alpha_wgs_xt,reference,1,CO_dry_vol_pct,61.34796064933334,78.09007827311004,16.7421176237767,0.04895775491948395,1,0.00803873866914204,0.09841996461944967,3055.568431198597,completed,poor,a2955d2a2f6e850b88d8b206f465d810e1ad86ab
R52-C-75,R52-C-75__P1__huayi_sy3_phase1_wgs1__plateau_2022-09-29N_013__W002,1,train,exogenous_alpha_wgs_xt,reference,1,H2_dry_vol_pct,28.42986280533333,2.2987808809695972e-21,-28.42986280533333,0.04895775491948395,1,0.00803873866914204,0.09841996461944967,3055.568431198597,completed,poor,a2955d2a2f6e850b88d8b206f465d810e1ad86ab
R52-C-75,R52-C-75__P1__huayi_sy3_phase1_wgs1__plateau_2022-09-29N_013__W002,1,train,exogenous_alpha_wgs_xt,reference,1,CO2_dry_vol_pct,9.526292269066666,18.628781892196212,9.102489623129546,0.04895775491948395,1,0.00803873866914204,0.09841996461944967,3055.568431198597,completed,poor,a2955d2a2f6e850b88d8b206f465d810e1ad86ab
R52-C-75,R52-C-75__P1__huayi_sy3_phase1_wgs1__plateau_2022-09-29N_013__W002,1,train,exogenous_alpha_wgs_xt,reference,1,H2_CO_ratio,0.4634215858310622,2.943755380715468e-23,-0.4634215858310622,0.04895775491948395,1,0.00803873866914204,0.09841996461944967,3055.568431198597,completed,poor,a2955d2a2f6e850b88d8b206f465d810e1ad86ab
R52-C-75,R52-C-75__P1__huayi_sy3_phase1_wgs1__plateau_2022-09-29N_013__W002,1,train,exogenous_alpha_wgs_xt,reference,1,dry_syngas_flow,125086.64042199503,55427.80712778732,-69658.83329420772,0.04895775491948395,1,0.00803873866914204,0.09841996461944967,3055.568431198597,completed,poor,a2955d2a2f6e850b88d8b206f465d810e1ad86ab
R52-C-75,R52-C-75__P1__huayi_sy3_phase1_wgs1__plateau_2022-09-29N_014__W001,1,train,exogenous_alpha_wgs_xt,reference,1,CO_dry_vol_pct,61.89400353333333,77.1231748225228,15.229171289189466,0.049348717597938296,1,0.010122388883485317,0.11005926786819248,3253.499485552311,completed,poor,a2955d2a2f6e850b88d8b206f465d810e1ad86ab
R52-C-75,R52-C-75__P1__huayi_sy3_phase1_wgs1__plateau_2022-09-29N_014__W001,1,train,exogenous_alpha_wgs_xt,reference,1,H2_dry_vol_pct,28.386447073333336,2.228177320801617e-20,-28.386447073333336,0.049348717597938296,1,0.010122388883485317,0.11005926786819248,3253.499485552311,completed,poor,a2955d2a2f6e850b88d8b206f465d810e1ad86ab
R52-C-75,R52-C-75__P1__huayi_sy3_phase1_wgs1__plateau_2022-09-29N_014__W001,1,train,exogenous_alpha_wgs_xt,reference,1,CO2_dry_vol_pct,8.985238286399998,19.181433112685138,10.19619482628514,0.049348717597938296,1,0.010122388883485317,0.11005926786819248,3253.499485552311,completed,poor,a2955d2a2f6e850b88d8b206f465d810e1ad86ab
R52-C-75,R52-C-75__P1__huayi_sy3_phase1_wgs1__plateau_2022-09-29N_014__W001,1,train,exogenous_alpha_wgs_xt,reference,1,H2_CO_ratio,0.4586294172866595,2.889115140720202e-22,-0.4586294172866595,0.049348717597938296,1,0.010122388883485317,0.11005926786819248,3253.499485552311,completed,poor,a2955d2a2f6e850b88d8b206f465d810e1ad86ab
R52-C-75,R52-C-75__P1__huayi_sy3_phase1_wgs1__plateau_2022-09-29N_014__W001,1,train,exogenous_alpha_wgs_xt,reference,1,dry_syngas_flow,119976.87365274316,50442.84663444267,-69534.02701830049,0.049348717597938296,1,0.010122388883485317,0.11005926786819248,3253.499485552311,completed,poor,a2955d2a2f6e850b88d8b206f465d810e1ad86ab
R52-C-75,R52-C-75__P1__huayi_sy3_phase1_wgs1__shift_morning_handover_2022-09-30__W001,1,train,exogenous_alpha_wgs_xt,reference,1,CO_dry_vol_pct,61.39552760133334,77.63114415341225,16.23561655207891,0.052649671950319776,1,0.009062862057935953,0.10428356802123391,3080.0156639665365,completed,poor,a2955d2a2f6e850b88d8b206f465d810e1ad86ab
R52-C-75,R52-C-75__P1__huayi_sy3_phase1_wgs1__shift_morning_handover_2022-09-30__W001,1,train,exogenous_alpha_wgs_xt,reference,1,H2_dry_vol_pct,28.172186581333328,8.513900625709983e-21,-28.172186581333328,0.052649671950319776,1,0.009062862057935953,0.10428356802123391,3080.0156639665365,completed,poor,a2955d2a2f6e850b88d8b206f465d810e1ad86ab
R52-C-75,R52-C-75__P1__huayi_sy3_phase1_wgs1__shift_morning_handover_2022-09-30__W001,1,train,exogenous_alpha_wgs_xt,reference,1,CO2_dry_vol_pct,9.7322851064,18.887560569391823,9.155275462991822,0.052649671950319776,1,0.009062862057935953,0.10428356802123391,3080.0156639665365,completed,poor,a2955d2a2f6e850b88d8b206f465d810e1ad86ab
R52-C-75,R52-C-75__P1__huayi_sy3_phase1_wgs1__shift_morning_handover_2022-09-30__W001,1,train,exogenous_alpha_wgs_xt,reference,1,H2_CO_ratio,0.4588624177105995,1.0967119857057726e-22,-0.4588624177105995,0.052649671950319776,1,0.009062862057935953,0.10428356802123391,3080.0156639665365,completed,poor,a2955d2a2f6e850b88d8b206f465d810e1ad86ab
R52-C-75,R52-C-75__P1__huayi_sy3_phase1_wgs1__shift_morning_handover_2022-09-30__W001,1,train,exogenous_alpha_wgs_xt,reference,1,dry_syngas_flow,118027.3999705996,51587.9279755142,-66439.47199508539,0.052649671950319776,1,0.009062862057935953,0.10428356802123391,3080.0156639665365,completed,poor,a2955d2a2f6e850b88d8b206f465d810e1ad86ab
R52-C-75,R52-C-75__P1__huayi_sy3_phase1_wgs1__plateau_2022-09-30D_015__W001,1,train,exogenous_alpha_wgs_xt,reference,1,CO_dry_vol_pct,60.257787016,78.57978395573716,18.321996939737154,0.05422556653552771,1,0.007150436601357072,0.09293992997070002,2842.573706969619,completed,poor,a2955d2a2f6e850b88d8b206f465d810e1ad86ab
R52-C-75,R52-C-75__P1__huayi_sy3_phase1_wgs1__plateau_2022-09-30D_015__W001,1,train,exogenous_alpha_wgs_xt,reference,1,H2_dry_vol_pct,27.457997374666665,2.545028600344038e-20,-27.457997374666665,0.05422556653552771,1,0.007150436601357072,0.09293992997070002,2842.573706969619,completed,poor,a2955d2a2f6e850b88d8b206f465d810e1ad86ab
R52-C-75,R52-C-75__P1__huayi_sy3_phase1_wgs1__plateau_2022-09-30D_015__W001,1,train,exogenous_alpha_wgs_xt,reference,1,CO2_dry_vol_pct,8.9333358652,18.333349301483434,9.400013436283434,0.05422556653552771,1,0.007150436601357072,0.09293992997070002,2842.573706969619,completed,poor,a2955d2a2f6e850b88d8b206f465d810e1ad86ab
R52-C-75,R52-C-75__P1__huayi_sy3_phase1_wgs1__plateau_2022-09-30D_015__W001,1,train,exogenous_alpha_wgs_xt,reference,1,H2_CO_ratio,0.4556792660181357,3.2387828932917598e-22,-0.4556792660181357,0.05422556653552771,1,0.007150436601357072,0.09293992997070002,2842.573706969619,completed,poor,a2955d2a2f6e850b88d8b206f465d810e1ad86ab
R52-C-75,R52-C-75__P1__huayi_sy3_phase1_wgs1__plateau_2022-09-30D_015__W001,1,train,exogenous_alpha_wgs_xt,reference,1,dry_syngas_flow,124046.95692783035,55855.26410269191,-68191.69282513845,0.05422556653552771,1,0.007150436601357072,0.09293992997070002,2842.573706969619,completed,poor,a2955d2a2f6e850b88d8b206f465d810e1ad86ab
R52-C-75,R52-C-75__P1__huayi_sy3_phase1_wgs1__plateau_2022-09-30D_015__W002,1,train,exogenous_alpha_wgs_xt,reference,1,CO_dry_vol_pct,61.92098582,78.80967017002217,16.888684350022174,0.05570543509234519,1,0.006733706755262511,0.09025822272821722,2762.0028293281794,completed,poor,a2955d2a2f6e850b88d8b206f465d810e1ad86ab
R52-C-75,R52-C-75__P1__huayi_sy3_phase1_wgs1__plateau_2022-09-30D_015__W002,1,train,exogenous_alpha_wgs_xt,reference,1,H2_dry_vol_pct,27.88733307066667,5.6511867342620675e-21,-27.88733307066667,0.05570543509234519,1,0.006733706755262511,0.09025822272821722,2762.0028293281794,completed,poor,a2955d2a2f6e850b88d8b206f465d810e1ad86ab
R52-C-75,R52-C-75__P1__huayi_sy3_phase1_wgs1__plateau_2022-09-30D_015__W002,1,train,exogenous_alpha_wgs_xt,reference,1,CO2_dry_vol_pct,9.480135004,18.194826012422148,8.714691008422148,0.05570543509234519,1,0.006733706755262511,0.09025822272821722,2762.0028293281794,completed,poor,a2955d2a2f6e850b88d8b206f465d810e1ad86ab
R52-C-75,R52-C-75__P1__huayi_sy3_phase1_wgs1__plateau_2022-09-30D_015__W002,1,train,exogenous_alpha_wgs_xt,reference,1,H2_CO_ratio,0.4503936341736568,7.170676799015053e-23,-0.4503936341736568,0.05570543509234519,1,0.006733706755262511,0.09025822272821722,2762.0028293281794,completed,poor,a2955d2a2f6e850b88d8b206f465d810e1ad86ab
R52-C-75,R52-C-75__P1__huayi_sy3_phase1_wgs1__plateau_2022-09-30D_015__W002,1,train,exogenous_alpha_wgs_xt,reference,1,dry_syngas_flow,124422.03030238024,56491.31523066629,-67930.71507171396,0.05570543509234519,1,0.006733706755262511,0.09025822272821722,2762.0028293281794,completed,poor,a2955d2a2f6e850b88d8b206f465d810e1ad86ab
R52-C-75,R52-C-75__P1__huayi_sy3_phase1_wgs1__plateau_2022-09-30D_016__W001,1,train,exogenous_alpha_wgs_xt,reference,1,CO_dry_vol_pct,62.62935912533333,78.81850210366156,16.189142978328228,0.0523419162788257,1,0.006693239547405497,0.09000898879992564,2824.968316465616,completed,poor,a2955d2a2f6e850b88d8b206f465d810e1ad86ab
R52-C-75,R52-C-75__P1__huayi_sy3_phase1_wgs1__plateau_2022-09-30D_016__W001,1,train,exogenous_alpha_wgs_xt,reference,1,H2_dry_vol_pct,28.230895063999995,4.764280481233115e-21,-28.230895063999995,0.0523419162788257,1,0.006693239547405497,0.09000898879992564,2824.968316465616,completed,poor,a2955d2a2f6e850b88d8b206f465d810e1ad86ab
R52-C-75,R52-C-75__P1__huayi_sy3_phase1_wgs1__plateau_2022-09-30D_016__W001,1,train,exogenous_alpha_wgs_xt,reference,1,CO2_dry_vol_pct,8.3601744244,18.192162113259005,9.831987688859005,0.0523419162788257,1,0.006693239547405497,0.09000898879992564,2824.968316465616,completed,poor,a2955d2a2f6e850b88d8b206f465d810e1ad86ab
R52-C-75,R52-C-75__P1__huayi_sy3_phase1_wgs1__plateau_2022-09-30D_016__W001,1,train,exogenous_alpha_wgs_xt,reference,1,H2_CO_ratio,0.4507668222285634,6.044621953062703e-23,-0.4507668222285634,0.0523419162788257,1,0.006693239547405497,0.09000898879992564,2824.968316465616,completed,poor,a2955d2a2f6e850b88d8b206f465d810e1ad86ab
R52-C-75,R52-C-75__P1__huayi_sy3_phase1_wgs1__plateau_2022-09-30D_016__W001,1,train,exogenous_alpha_wgs_xt,reference,1,dry_syngas_flow,130288.5744699803,57974.873186757846,-72313.70128322246,0.0523419162788257,1,0.006693239547405497,0.09000898879992564,2824.968316465616,completed,poor,a2955d2a2f6e850b88d8b206f465d810e1ad86ab
R52-C-75,R52-C-75__P1__huayi_sy3_phase1_wgs1__plateau_2022-09-30D_017__W001,1,train,exogenous_alpha_wgs_xt,reference,1,CO_dry_vol_pct,62.589729402666656,78.76424372387831,16.174514321211653,0.05188376197299497,1,0.006786674364907347,0.09062160675300877,2846.146406620741,completed,poor,a2955d2a2f6e850b88d8b206f465d810e1ad86ab
R52-C-75,R52-C-75__P1__huayi_sy3_phase1_wgs1__plateau_2022-09-30D_017__W001,1,train,exogenous_alpha_wgs_xt,reference,1,H2_dry_vol_pct,28.140566629333332,2.8468781149048352e-18,-28.140566629333332,0.05188376197299497,1,0.006786674364907347,0.09062160675300877,2846.146406620741,completed,poor,a2955d2a2f6e850b88d8b206f465d810e1ad86ab
R52-C-75,R52-C-75__P1__huayi_sy3_phase1_wgs1__plateau_2022-09-30D_017__W001,1,train,exogenous_alpha_wgs_xt,reference,1,CO2_dry_vol_pct,8.533471153333334,18.225358893111856,9.691887739778522,0.05188376197299497,1,0.006786674364907347,0.09062160675300877,2846.146406620741,completed,poor,a2955d2a2f6e850b88d8b206f465d810e1ad86ab
R52-C-75,R52-C-75__P1__huayi_sy3_phase1_wgs1__plateau_2022-09-30D_017__W001,1,train,exogenous_alpha_wgs_xt,reference,1,H2_CO_ratio,0.4496039716636205,3.614429568936203e-20,-0.4496039716636205,0.05188376197299497,1,0.006786674364907347,0.09062160675300877,2846.146406620741,completed,poor,a2955d2a2f6e850b88d8b206f465d810e1ad86ab
R52-C-75,R52-C-75__P1__huayi_sy3_phase1_wgs1__plateau_2022-09-30D_017__W001,1,train,exogenous_alpha_wgs_xt,reference,1,dry_syngas_flow,129520.22150821247,57868.03435664974,-71652.18715156274,0.05188376197299497,1,0.006786674364907347,0.09062160675300877,2846.146406620741,completed,poor,a2955d2a2f6e850b88d8b206f465d810e1ad86ab
R52-C-75,R52-C-75__P1__huayi_sy3_phase1_wgs1__plateau_2022-09-30D_017__W002,1,train,exogenous_alpha_wgs_xt,reference,1,CO_dry_vol_pct,62.55620494133332,78.94095272501423,16.384747783680908,0.05354026241630059,1,0.006475572727093173,0.08857052968368957,2773.035927414894,completed,poor,a2955d2a2f6e850b88d8b206f465d810e1ad86ab
R52-C-75,R52-C-75__P1__huayi_sy3_phase1_wgs1__plateau_2022-09-30D_017__W002,1,train,exogenous_alpha_wgs_xt,reference,1,H2_dry_vol_pct,28.07742052533334,7.717156092972422e-21,-28.07742052533334,0.05354026241630059,1,0.006475572727093173,0.08857052968368957,2773.035927414894,completed,poor,a2955d2a2f6e850b88d8b206f465d810e1ad86ab
R52-C-75,R52-C-75__P1__huayi_sy3_phase1_wgs1__plateau_2022-09-30D_017__W002,1,train,exogenous_alpha_wgs_xt,reference,1,CO2_dry_vol_pct,8.642976686000003,18.11806215519712,9.475085469197117,0.05354026241630059,1,0.006475572727093173,0.08857052968368957,2773.035927414894,completed,poor,a2955d2a2f6e850b88d8b206f465d810e1ad86ab
R52-C-75,R52-C-75__P1__huayi_sy3_phase1_wgs1__plateau_2022-09-30D_017__W002,1,train,exogenous_alpha_wgs_xt,reference,1,H2_CO_ratio,0.4488339496488767,9.775858824322329e-23,-0.4488339496488767,0.05354026241630059,1,0.006475572727093173,0.08857052968368957,2773.035927414894,completed,poor,a2955d2a2f6e850b88d8b206f465d810e1ad86ab
R52-C-75,R52-C-75__P1__huayi_sy3_phase1_wgs1__plateau_2022-09-30D_017__W002,1,train,exogenous_alpha_wgs_xt,reference,1,dry_syngas_flow,129098.43809270563,58168.7824232267,-70929.65566947893,0.05354026241630059,1,0.006475572727093173,0.08857052968368957,2773.035927414894,completed,poor,a2955d2a2f6e850b88d8b206f465d810e1ad86ab
R52-C-75,R52-C-75__P1__huayi_sy3_phase1_wgs1__shift_evening_handover_2022-09-30__W001,1,train,exogenous_alpha_wgs_xt,reference,1,CO_dry_vol_pct,62.35185672666667,78.70949771719602,16.357640990529347,0.051625562830167004,1,0.006875604695071563,0.09120448076487864,2862.793632388115,completed,poor,a2955d2a2f6e850b88d8b206f465d810e1ad86ab
R52-C-75,R52-C-75__P1__huayi_sy3_phase1_wgs1__shift_evening_handover_2022-09-30__W001,1,train,exogenous_alpha_wgs_xt,reference,1,H2_dry_vol_pct,28.06596186666667,2.2999540327291982e-18,-28.06596186666667,0.051625562830167004,1,0.006875604695071563,0.09120448076487864,2862.793632388115,completed,poor,a2955d2a2f6e850b88d8b206f465d810e1ad86ab
R52-C-75,R52-C-75__P1__huayi_sy3_phase1_wgs1__shift_evening_handover_2022-09-30__W001,1,train,exogenous_alpha_wgs_xt,reference,1,CO2_dry_vol_pct,8.877409084133333,18.25940164435906,9.381992560225726,0.051625562830167004,1,0.006875604695071563,0.09120448076487864,2862.793632388115,completed,poor,a2955d2a2f6e850b88d8b206f465d810e1ad86ab
R52-C-75,R52-C-75__P1__huayi_sy3_phase1_wgs1__shift_evening_handover_2022-09-30__W001,1,train,exogenous_alpha_wgs_xt,reference,1,H2_CO_ratio,0.450119819045538,2.922079417903231e-20,-0.450119819045538,0.051625562830167004,1,0.006875604695071563,0.09120448076487864,2862.793632388115,completed,poor,a2955d2a2f6e850b88d8b206f465d810e1ad86ab
R52-C-75,R52-C-75__P1__huayi_sy3_phase1_wgs1__shift_evening_handover_2022-09-30__W001,1,train,exogenous_alpha_wgs_xt,reference,1,dry_syngas_flow,128417.31845519706,57690.256108665904,-70727.06234653117,0.051625562830167004,1,0.006875604695071563,0.09120448076487864,2862.793632388115,completed,poor,a2955d2a2f6e850b88d8b206f465d810e1ad86ab
R52-C-75,R52-C-75__P1__huayi_sy3_phase1_wgs1__plateau_2022-09-30N_018__W001,1,train,exogenous_alpha_wgs_xt,reference,1,CO_dry_vol_pct,62.259599325333326,78.96474143256819,16.705142107234863,0.05383236917270811,1,0.006430648622675331,0.08827253495493927,2761.4681844711304,completed,poor,a2955d2a2f6e850b88d8b206f465d810e1ad86ab
R52-C-75,R52-C-75__P1__huayi_sy3_phase1_wgs1__plateau_2022-09-30N_018__W001,1,train,exogenous_alpha_wgs_xt,reference,1,H2_dry_vol_pct,27.98676327733333,6.099533600608054e-18,-27.98676327733333,0.05383236917270811,1,0.006430648622675331,0.08827253495493927,2761.4681844711304,completed,poor,a2955d2a2f6e850b88d8b206f465d810e1ad86ab
R52-C-75,R52-C-75__P1__huayi_sy3_phase1_wgs1__plateau_2022-09-30N_018__W001,1,train,exogenous_alpha_wgs_xt,reference,1,CO2_dry_vol_pct,9.0532056016,18.103979749182056,9.050774147582056,0.05383236917270811,1,0.006430648622675331,0.08827253495493927,2761.4681844711304,completed,poor,a2955d2a2f6e850b88d8b206f465d810e1ad86ab
R52-C-75,R52-C-75__P1__huayi_sy3_phase1_wgs1__plateau_2022-09-30N_018__W001,1,train,exogenous_alpha_wgs_xt,reference,1,H2_CO_ratio,0.4495203403847758,7.724376082224926e-20,-0.4495203403847758,0.05383236917270811,1,0.006430648622675331,0.08827253495493927,2761.4681844711304,completed,poor,a2955d2a2f6e850b88d8b206f465d810e1ad86ab
R52-C-75,R52-C-75__P1__huayi_sy3_phase1_wgs1__plateau_2022-09-30N_018__W001,1,train,exogenous_alpha_wgs_xt,reference,1,dry_syngas_flow,128400.95007322318,58188.47541867008,-70212.47465455311,0.05383236917270811,1,0.006430648622675331,0.08827253495493927,2761.4681844711304,completed,poor,a2955d2a2f6e850b88d8b206f465d810e1ad86ab
R52-C-75,R52-C-75__P1__huayi_sy3_phase1_wgs1__plateau_2022-09-30N_018__W002,1,train,exogenous_alpha_wgs_xt,reference,1,CO_dry_vol_pct,62.16879454666666,79.28221532399863,17.113420777331967,0.056405345180717076,1,0.005886593334818061,0.08454866335418187,2638.094323247671,completed,poor,a2955d2a2f6e850b88d8b206f465d810e1ad86ab
R52-C-75,R52-C-75__P1__huayi_sy3_phase1_wgs1__plateau_2022-09-30N_018__W002,1,train,exogenous_alpha_wgs_xt,reference,1,H2_dry_vol_pct,27.956942894666668,5.090563144730824e-19,-27.956942894666668,0.056405345180717076,1,0.005886593334818061,0.08454866335418187,2638.094323247671,completed,poor,a2955d2a2f6e850b88d8b206f465d810e1ad86ab
R52-C-75,R52-C-75__P1__huayi_sy3_phase1_wgs1__plateau_2022-09-30N_018__W002,1,train,exogenous_alpha_wgs_xt,reference,1,CO2_dry_vol_pct,9.175156894666667,17.910052102660817,8.73489520799415,0.056405345180717076,1,0.005886593334818061,0.08454866335418187,2638.094323247671,completed,poor,a2955d2a2f6e850b88d8b206f465d810e1ad86ab
R52-C-75,R52-C-75__P1__huayi_sy3_phase1_wgs1__plateau_2022-09-30N_018__W002,1,train,exogenous_alpha_wgs_xt,reference,1,H2_CO_ratio,0.4497049194771154,6.420813449684114e-21,-0.4497049194771154,0.056405345180717076,1,0.005886593334818061,0.08454866335418187,2638.094323247671,completed,poor,a2955d2a2f6e850b88d8b206f465d810e1ad86ab
R52-C-75,R52-C-75__P1__huayi_sy3_phase1_wgs1__plateau_2022-09-30N_018__W002,1,train,exogenous_alpha_wgs_xt,reference,1,dry_syngas_flow,129947.55315520288,58916.361876573596,-71031.1912786293,0.056405345180717076,1,0.005886593334818061,0.08454866335418187,2638.094323247671,completed,poor,a2955d2a2f6e850b88d8b206f465d810e1ad86ab
R52-C-75,R52-C-75__P1__huayi_sy3_phase1_wgs1__plateau_2022-09-30N_018__W003,1,train,exogenous_alpha_wgs_xt,reference,1,CO_dry_vol_pct,62.107403548000015,79.33751708538519,17.230113537385172,0.05641866965987988,1,0.005799349169821155,0.08393161477760414,2625.5993420779705,completed,poor,a2955d2a2f6e850b88d8b206f465d810e1ad86ab
R52-C-75,R52-C-75__P1__huayi_sy3_phase1_wgs1__plateau_2022-09-30N_018__W003,1,train,exogenous_alpha_wgs_xt,reference,1,H2_dry_vol_pct,27.897127812,5.116473504903457e-20,-27.897127812,0.05641866965987988,1,0.005799349169821155,0.08393161477760414,2625.5993420779705,completed,poor,a2955d2a2f6e850b88d8b206f465d810e1ad86ab
R52-C-75,R52-C-75__P1__huayi_sy3_phase1_wgs1__plateau_2022-09-30N_018__W003,1,train,exogenous_alpha_wgs_xt,reference,1,CO2_dry_vol_pct,9.2952522936,17.875476419732983,8.580224126132983,0.05641866965987988,1,0.005799349169821155,0.08393161477760414,2625.5993420779705,completed,poor,a2955d2a2f6e850b88d8b206f465d810e1ad86ab
R52-C-75,R52-C-75__P1__huayi_sy3_phase1_wgs1__plateau_2022-09-30N_018__W003,1,train,exogenous_alpha_wgs_xt,reference,1,H2_CO_ratio,0.4491729835250674,6.448996254063471e-22,-0.4491729835250674,0.05641866965987988,1,0.005799349169821155,0.08393161477760414,2625.5993420779705,completed,poor,a2955d2a2f6e850b88d8b206f465d810e1ad86ab
R52-C-75,R52-C-75__P1__huayi_sy3_phase1_wgs1__plateau_2022-09-30N_018__W003,1,train,exogenous_alpha_wgs_xt,reference,1,dry_syngas_flow,131358.1794835775,59220.55128903119,-72137.6281945463,0.05641866965987988,1,0.005799349169821155,0.08393161477760414,2625.5993420779705,completed,poor,a2955d2a2f6e850b88d8b206f465d810e1ad86ab
R52-C-75,R52-C-75__P1__huayi_sy3_phase1_wgs1__plateau_2022-09-30N_018__W004,1,train,exogenous_alpha_wgs_xt,reference,1,CO_dry_vol_pct,62.55384123733334,79.378992346947,16.825151109613664,0.05597856031226607,1,0.005728516164390618,0.0834314672707646,2624.0860102772713,completed,poor,a2955d2a2f6e850b88d8b206f465d810e1ad86ab
R52-C-75,R52-C-75__P1__huayi_sy3_phase1_wgs1__plateau_2022-09-30N_018__W004,1,train,exogenous_alpha_wgs_xt,reference,1,H2_dry_vol_pct,28.21034203066666,1.3148874911481203e-20,-28.21034203066666,0.05597856031226607,1,0.005728516164390618,0.0834314672707646,2624.0860102772713,completed,poor,a2955d2a2f6e850b88d8b206f465d810e1ad86ab
R52-C-75,R52-C-75__P1__huayi_sy3_phase1_wgs1__plateau_2022-09-30N_018__W004,1,train,exogenous_alpha_wgs_xt,reference,1,CO2_dry_vol_pct,8.497962900933333,17.85017718389981,9.352214282966477,0.05597856031226607,1,0.005728516164390618,0.0834314672707646,2624.0860102772713,completed,poor,a2955d2a2f6e850b88d8b206f465d810e1ad86ab
R52-C-75,R52-C-75__P1__huayi_sy3_phase1_wgs1__plateau_2022-09-30N_018__W004,1,train,exogenous_alpha_wgs_xt,reference,1,H2_CO_ratio,0.4509737069549503,1.6564678541156769e-22,-0.4509737069549503,0.05597856031226607,1,0.005728516164390618,0.0834314672707646,2624.0860102772713,completed,poor,a2955d2a2f6e850b88d8b206f465d810e1ad86ab
R52-C-75,R52-C-75__P1__huayi_sy3_phase1_wgs1__plateau_2022-09-30N_018__W004,1,train,exogenous_alpha_wgs_xt,reference,1,dry_syngas_flow,133667.86264315297,59659.93662026462,-74007.92602288835,0.05597856031226607,1,0.005728516164390618,0.0834314672707646,2624.0860102772713,completed,poor,a2955d2a2f6e850b88d8b206f465d810e1ad86ab
R52-C-75,R52-C-75__P1__huayi_sy3_phase1_wgs1__plateau_2022-09-30N_018__W005,1,train,exogenous_alpha_wgs_xt,reference,1,CO_dry_vol_pct,62.47337363866667,79.10392737795414,16.630553739287464,0.053412880461542515,1,0.006183181901240048,0.08660381396731208,2736.9252584576607,completed,poor,a2955d2a2f6e850b88d8b206f465d810e1ad86ab
R52-C-75,R52-C-75__P1__huayi_sy3_phase1_wgs1__plateau_2022-09-30N_018__W005,1,train,exogenous_alpha_wgs_xt,reference,1,H2_dry_vol_pct,28.084389796,3.2985801323736584e-21,-28.084389796,0.053412880461542515,1,0.006183181901240048,0.08660381396731208,2736.9252584576607,completed,poor,a2955d2a2f6e850b88d8b206f465d810e1ad86ab
R52-C-75,R52-C-75__P1__huayi_sy3_phase1_wgs1__plateau_2022-09-30N_018__W005,1,train,exogenous_alpha_wgs_xt,reference,1,CO2_dry_vol_pct,8.739705993333333,18.019892869520113,9.28018687618678,0.053412880461542515,1,0.006183181901240048,0.08660381396731208,2736.9252584576607,completed,poor,a2955d2a2f6e850b88d8b206f465d810e1ad86ab
R52-C-75,R52-C-75__P1__huayi_sy3_phase1_wgs1__plateau_2022-09-30N_018__W005,1,train,exogenous_alpha_wgs_xt,reference,1,H2_CO_ratio,0.4495420403733147,4.1699321913730365e-23,-0.4495420403733147,0.053412880461542515,1,0.006183181901240048,0.08660381396731208,2736.9252584576607,completed,poor,a2955d2a2f6e850b88d8b206f465d810e1ad86ab
R52-C-75,R52-C-75__P1__huayi_sy3_phase1_wgs1__plateau_2022-09-30N_018__W005,1,train,exogenous_alpha_wgs_xt,reference,1,dry_syngas_flow,133907.95837160238,59174.169196438575,-74733.78917516381,0.053412880461542515,1,0.006183181901240048,0.08660381396731208,2736.9252584576607,completed,poor,a2955d2a2f6e850b88d8b206f465d810e1ad86ab
R52-C-75,R52-C-75__P1__huayi_sy3_phase1_wgs1__plateau_2022-09-30N_018__W006,1,train,exogenous_alpha_wgs_xt,reference,1,CO_dry_vol_pct,62.547863098666674,78.55450149092658,16.00663839225991,0.049224499320198165,1,0.007154817136505966,0.09299304487278125,2946.432450324297,completed,poor,a2955d2a2f6e850b88d8b206f465d810e1ad86ab
R52-C-75,R52-C-75__P1__huayi_sy3_phase1_wgs1__plateau_2022-09-30N_018__W006,1,train,exogenous_alpha_wgs_xt,reference,1,H2_dry_vol_pct,28.112040912,9.386502195081738e-17,-28.112040912,0.049224499320198165,1,0.007154817136505966,0.09299304487278125,2946.432450324297,completed,poor,a2955d2a2f6e850b88d8b206f465d810e1ad86ab
R52-C-75,R52-C-75__P1__huayi_sy3_phase1_wgs1__plateau_2022-09-30N_018__W006,1,train,exogenous_alpha_wgs_xt,reference,1,CO2_dry_vol_pct,8.641554167066666,18.35294298795062,9.711388820883954,0.049224499320198165,1,0.007154817136505966,0.09299304487278125,2946.432450324297,completed,poor,a2955d2a2f6e850b88d8b206f465d810e1ad86ab
R52-C-75,R52-C-75__P1__huayi_sy3_phase1_wgs1__plateau_2022-09-30N_018__W006,1,train,exogenous_alpha_wgs_xt,reference,1,H2_CO_ratio,0.4494502025515557,1.1949031585625838e-18,-0.4494502025515557,0.049224499320198165,1,0.007154817136505966,0.09299304487278125,2946.432450324297,completed,poor,a2955d2a2f6e850b88d8b206f465d810e1ad86ab
R52-C-75,R52-C-75__P1__huayi_sy3_phase1_wgs1__plateau_2022-09-30N_018__W006,1,train,exogenous_alpha_wgs_xt,reference,1,dry_syngas_flow,134006.42930000604,57812.14624875623,-76194.2830512498,0.049224499320198165,1,0.007154817136505966,0.09299304487278125,2946.432450324297,completed,poor,a2955d2a2f6e850b88d8b206f465d810e1ad86ab
R52-C-75,R52-C-75__P2__huayi_sy3sy2_phase2_wgs1__shift_morning_handover_2022-10-02__W001,2,train,exogenous_alpha_wgs_xt,reference,1,CO_dry_vol_pct,62.806214492,84.47047560653327,21.664261114533268,0.045941655644893525,1,0.01230076887162816,0.11877364820582156,3774.717094630003,completed,poor,a2955d2a2f6e850b88d8b206f465d810e1ad86ab
R52-C-75,R52-C-75__P2__huayi_sy3sy2_phase2_wgs1__shift_morning_handover_2022-10-02__W001,2,train,exogenous_alpha_wgs_xt,reference,1,H2_dry_vol_pct,27.67739392,5.553174760914996e-17,-27.67739392,0.045941655644893525,1,0.01230076887162816,0.11877364820582156,3774.717094630003,completed,poor,a2955d2a2f6e850b88d8b206f465d810e1ad86ab
R52-C-75,R52-C-75__P2__huayi_sy3sy2_phase2_wgs1__shift_morning_handover_2022-10-02__W001,2,train,exogenous_alpha_wgs_xt,reference,1,CO2_dry_vol_pct,8.8062638492,12.097286723325244,3.291022874125243,0.045941655644893525,1,0.01230076887162816,0.11877364820582156,3774.717094630003,completed,poor,a2955d2a2f6e850b88d8b206f465d810e1ad86ab
R52-C-75,R52-C-75__P2__huayi_sy3sy2_phase2_wgs1__shift_morning_handover_2022-10-02__W001,2,train,exogenous_alpha_wgs_xt,reference,1,H2_CO_ratio,0.4406797629169421,6.574101449105008e-19,-0.4406797629169421,0.045941655644893525,1,0.01230076887162816,0.11877364820582156,3774.717094630003,completed,poor,a2955d2a2f6e850b88d8b206f465d810e1ad86ab
R52-C-75,R52-C-75__P2__huayi_sy3sy2_phase2_wgs1__shift_morning_handover_2022-10-02__W001,2,train,exogenous_alpha_wgs_xt,reference,1,dry_syngas_flow,133486.41553050416,58284.139345085016,-75202.27618541915,0.045941655644893525,1,0.01230076887162816,0.11877364820582156,3774.717094630003,completed,poor,a2955d2a2f6e850b88d8b206f465d810e1ad86ab
R52-C-75,R52-C-75__P2__huayi_sy3sy2_phase2_wgs1__plateau_2022-10-02D_007__W001,2,train,exogenous_alpha_wgs_xt,reference,1,CO_dry_vol_pct,62.53256980133334,84.13471047477896,21.602140673445618,0.043045203450043854,1,0.013345701225402101,0.12353159185984511,3913.017860263586,completed,poor,a2955d2a2f6e850b88d8b206f465d810e1ad86ab
R52-C-75,R52-C-75__P2__huayi_sy3sy2_phase2_wgs1__plateau_2022-10-02D_007__W001,2,train,exogenous_alpha_wgs_xt,reference,1,H2_dry_vol_pct,27.440647118666668,1.0791047759483105e-21,-27.440647118666668,0.043045203450043854,1,0.013345701225402101,0.12353159185984511,3913.017860263586,completed,poor,a2955d2a2f6e850b88d8b206f465d810e1ad86ab
R52-C-75,R52-C-75__P2__huayi_sy3sy2_phase2_wgs1__plateau_2022-10-02D_007__W001,2,train,exogenous_alpha_wgs_xt,reference,1,CO2_dry_vol_pct,9.325112716266666,12.262356611174747,2.9372438949080806,0.043045203450043854,1,0.013345701225402101,0.12353159185984511,3913.017860263586,completed,poor,a2955d2a2f6e850b88d8b206f465d810e1ad86ab
R52-C-75,R52-C-75__P2__huayi_sy3sy2_phase2_wgs1__plateau_2022-10-02D_007__W001,2,train,exogenous_alpha_wgs_xt,reference,1,H2_CO_ratio,0.4388256725292306,1.2825916555234282e-23,-0.4388256725292306,0.043045203450043854,1,0.013345701225402101,0.12353159185984511,3913.017860263586,completed,poor,a2955d2a2f6e850b88d8b206f465d810e1ad86ab
R52-C-75,R52-C-75__P2__huayi_sy3sy2_phase2_wgs1__plateau_2022-10-02D_007__W001,2,train,exogenous_alpha_wgs_xt,reference,1,dry_syngas_flow,131384.93922437524,56934.597136867844,-74450.3420875074,0.043045203450043854,1,0.013345701225402101,0.12353159185984511,3913.017860263586,completed,poor,a2955d2a2f6e850b88d8b206f465d810e1ad86ab
R52-C-75,R52-C-75__P2__huayi_sy3sy2_phase2_wgs1__plateau_2022-10-02D_007__W002,2,train,exogenous_alpha_wgs_xt,reference,1,CO_dry_vol_pct,62.62816938799999,84.11118366550097,21.483014277500985,0.043116194276792,1,0.013434987943489242,0.12392471282124934,3915.854183256626,completed,poor,a2955d2a2f6e850b88d8b206f465d810e1ad86ab
R52-C-75,R52-C-75__P2__huayi_sy3sy2_phase2_wgs1__plateau_2022-10-02D_007__W002,2,train,exogenous_alpha_wgs_xt,reference,1,H2_dry_vol_pct,27.292091693333337,2.1719417030456302e-21,-27.292091693333337,0.043116194276792,1,0.013434987943489242,0.12392471282124934,3915.854183256626,completed,poor,a2955d2a2f6e850b88d8b206f465d810e1ad86ab
R52-C-75,R52-C-75__P2__huayi_sy3sy2_phase2_wgs1__plateau_2022-10-02D_007__W002,2,train,exogenous_alpha_wgs_xt,reference,1,CO2_dry_vol_pct,9.383415142133332,12.272722226266637,2.8893070841333053,0.043116194276792,1,0.013434987943489242,0.12392471282124934,3915.854183256626,completed,poor,a2955d2a2f6e850b88d8b206f465d810e1ad86ab
R52-C-75,R52-C-75__P2__huayi_sy3sy2_phase2_wgs1__plateau_2022-10-02D_007__W002,2,train,exogenous_alpha_wgs_xt,reference,1,H2_CO_ratio,0.4357803814278319,2.5822270100051788e-23,-0.4357803814278319,0.043116194276792,1,0.013434987943489242,0.12392471282124934,3915.854183256626,completed,poor,a2955d2a2f6e850b88d8b206f465d810e1ad86ab
R52-C-75,R52-C-75__P2__huayi_sy3sy2_phase2_wgs1__plateau_2022-10-02D_007__W002,2,train,exogenous_alpha_wgs_xt,reference,1,dry_syngas_flow,130221.35699898964,56713.010527312195,-73508.34647167745,0.043116194276792,1,0.013434987943489242,0.12392471282124934,3915.854183256626,completed,poor,a2955d2a2f6e850b88d8b206f465d810e1ad86ab
R52-C-75,R52-C-75__P2__huayi_sy3sy2_phase2_wgs1__plateau_2022-10-02D_008__W001,2,train,exogenous_alpha_wgs_xt,reference,1,CO_dry_vol_pct,63.24949256533333,84.54678279750586,21.29729023217253,0.04386604042939221,1,0.012047364243669555,0.11759577761907039,3812.3142034113407,completed,poor,a2955d2a2f6e850b88d8b206f465d810e1ad86ab
R52-C-75,R52-C-75__P2__huayi_sy3sy2_phase2_wgs1__plateau_2022-10-02D_008__W001,2,train,exogenous_alpha_wgs_xt,reference,1,H2_dry_vol_pct,27.331996638666663,1.1866902226925605e-18,-27.331996638666663,0.04386604042939221,1,0.012047364243669555,0.11759577761907039,3812.3142034113407,completed,poor,a2955d2a2f6e850b88d8b206f465d810e1ad86ab
R52-C-75,R52-C-75__P2__huayi_sy3sy2_phase2_wgs1__plateau_2022-10-02D_008__W001,2,train,exogenous_alpha_wgs_xt,reference,1,CO2_dry_vol_pct,8.695898946533333,12.060916096736028,3.3650171502026947,0.04386604042939221,1,0.012047364243669555,0.11759577761907039,3812.3142034113407,completed,poor,a2955d2a2f6e850b88d8b206f465d810e1ad86ab
R52-C-75,R52-C-75__P2__huayi_sy3sy2_phase2_wgs1__plateau_2022-10-02D_008__W001,2,train,exogenous_alpha_wgs_xt,reference,1,H2_CO_ratio,0.4321289539973351,1.4035900402440482e-20,-0.4321289539973351,0.04386604042939221,1,0.012047364243669555,0.11759577761907039,3812.3142034113407,completed,poor,a2955d2a2f6e850b88d8b206f465d810e1ad86ab
R52-C-75,R52-C-75__P2__huayi_sy3sy2_phase2_wgs1__plateau_2022-10-02D_008__W001,2,train,exogenous_alpha_wgs_xt,reference,1,dry_syngas_flow,135611.63994624343,59732.32860324663,-75879.3113429968,0.04386604042939221,1,0.012047364243669555,0.11759577761907039,3812.3142034113407,completed,poor,a2955d2a2f6e850b88d8b206f465d810e1ad86ab
R52-C-75,R52-C-75__P2__huayi_sy3sy2_phase2_wgs1__plateau_2022-10-02D_008__W002,2,train,exogenous_alpha_wgs_xt,reference,1,CO_dry_vol_pct,63.08555071599999,84.58869602770868,21.503145311708685,0.043774405632781906,1,0.011864862539959197,0.11675321134100315,3804.6951647102833,completed,poor,a2955d2a2f6e850b88d8b206f465d810e1ad86ab
R52-C-75,R52-C-75__P2__huayi_sy3sy2_phase2_wgs1__plateau_2022-10-02D_008__W002,2,train,exogenous_alpha_wgs_xt,reference,1,H2_dry_vol_pct,27.280574058666662,3.956026845535507e-21,-27.280574058666662,0.043774405632781906,1,0.011864862539959197,0.11675321134100315,3804.6951647102833,completed,poor,a2955d2a2f6e850b88d8b206f465d810e1ad86ab
R52-C-75,R52-C-75__P2__huayi_sy3sy2_phase2_wgs1__plateau_2022-10-02D_008__W002,2,train,exogenous_alpha_wgs_xt,reference,1,CO2_dry_vol_pct,8.922514986666668,12.044237271925486,3.1217222852588176,0.043774405632781906,1,0.011864862539959197,0.11675321134100315,3804.6951647102833,completed,poor,a2955d2a2f6e850b88d8b206f465d810e1ad86ab
R52-C-75,R52-C-75__P2__huayi_sy3sy2_phase2_wgs1__plateau_2022-10-02D_008__W002,2,train,exogenous_alpha_wgs_xt,reference,1,H2_CO_ratio,0.4324363383264407,4.6767795595757067e-23,-0.4324363383264407,0.043774405632781906,1,0.011864862539959197,0.11675321134100315,3804.6951647102833,completed,poor,a2955d2a2f6e850b88d8b206f465d810e1ad86ab
R52-C-75,R52-C-75__P2__huayi_sy3sy2_phase2_wgs1__plateau_2022-10-02D_008__W002,2,train,exogenous_alpha_wgs_xt,reference,1,dry_syngas_flow,134026.21374089763,60205.90681213933,-73820.3069287583,0.043774405632781906,1,0.011864862539959197,0.11675321134100315,3804.6951647102833,completed,poor,a2955d2a2f6e850b88d8b206f465d810e1ad86ab
R52-C-75,R52-C-75__P2__huayi_sy3sy2_phase2_wgs1__plateau_2022-10-02D_008__W003,2,train,exogenous_alpha_wgs_xt,reference,1,CO_dry_vol_pct,63.07063903823528,84.54226997293165,21.47163093469637,0.043355597150240205,1,0.01198285619372959,0.11731816985370974,3823.96655395627,completed,poor,a2955d2a2f6e850b88d8b206f465d810e1ad86ab
R52-C-75,R52-C-75__P2__huayi_sy3sy2_phase2_wgs1__plateau_2022-10-02D_008__W003,2,train,exogenous_alpha_wgs_xt,reference,1,H2_dry_vol_pct,27.202230354411764,8.883085942039473e-22,-27.202230354411764,0.043355597150240205,1,0.01198285619372959,0.11731816985370974,3823.96655395627,completed,poor,a2955d2a2f6e850b88d8b206f465d810e1ad86ab
R52-C-75,R52-C-75__P2__huayi_sy3sy2_phase2_wgs1__plateau_2022-10-02D_008__W003,2,train,exogenous_alpha_wgs_xt,reference,1,CO2_dry_vol_pct,9.006523823823533,12.069141712788078,3.062617888964544,0.043355597150240205,1,0.01198285619372959,0.11731816985370974,3823.96655395627,completed,poor,a2955d2a2f6e850b88d8b206f465d810e1ad86ab
R52-C-75,R52-C-75__P2__huayi_sy3sy2_phase2_wgs1__plateau_2022-10-02D_008__W003,2,train,exogenous_alpha_wgs_xt,reference,1,H2_CO_ratio,0.4312973684326845,1.0507271622684863e-23,-0.4312973684326845,0.043355597150240205,1,0.01198285619372959,0.11731816985370974,3823.96655395627,completed,poor,a2955d2a2f6e850b88d8b206f465d810e1ad86ab
R52-C-75,R52-C-75__P2__huayi_sy3sy2_phase2_wgs1__plateau_2022-10-02D_008__W003,2,train,exogenous_alpha_wgs_xt,reference,1,dry_syngas_flow,135333.12568400582,60055.1814592834,-75277.94422472242,0.043355597150240205,1,0.01198285619372959,0.11731816985370974,3823.96655395627,completed,poor,a2955d2a2f6e850b88d8b206f465d810e1ad86ab
R52-C-75,R52-C-75__P2__huayi_sy3sy2_phase2_wgs1__plateau_2022-10-02D_008__W004,2,train,exogenous_alpha_wgs_xt,reference,1,CO_dry_vol_pct,62.77992547536232,84.5941061551769,21.814180679814584,0.04397015693412334,1,0.01181324160224433,0.11652033585114095,3797.5750220716,completed,poor,a2955d2a2f6e850b88d8b206f465d810e1ad86ab
R52-C-75,R52-C-75__P2__huayi_sy3sy2_phase2_wgs1__plateau_2022-10-02D_008__W004,2,train,exogenous_alpha_wgs_xt,reference,1,H2_dry_vol_pct,27.104893466666667,1.5751384841417368e-21,-27.104893466666667,0.04397015693412334,1,0.01181324160224433,0.11652033585114095,3797.5750220716,completed,poor,a2955d2a2f6e850b88d8b206f465d810e1ad86ab
R52-C-75,R52-C-75__P2__huayi_sy3sy2_phase2_wgs1__plateau_2022-10-02D_008__W004,2,train,exogenous_alpha_wgs_xt,reference,1,CO2_dry_vol_pct,9.396092198550727,12.044257932150126,2.6481657335993987,0.04397015693412334,1,0.01181324160224433,0.11652033585114095,3797.5750220716,completed,poor,a2955d2a2f6e850b88d8b206f465d810e1ad86ab
R52-C-75,R52-C-75__P2__huayi_sy3sy2_phase2_wgs1__plateau_2022-10-02D_008__W004,2,train,exogenous_alpha_wgs_xt,reference,1,H2_CO_ratio,0.4317442957838846,1.8619955405076917e-23,-0.4317442957838846,0.04397015693412334,1,0.01181324160224433,0.11652033585114095,3797.5750220716,completed,poor,a2955d2a2f6e850b88d8b206f465d810e1ad86ab
R52-C-75,R52-C-75__P2__huayi_sy3sy2_phase2_wgs1__plateau_2022-10-02D_008__W004,2,train,exogenous_alpha_wgs_xt,reference,1,dry_syngas_flow,134996.61895123284,60239.847533068045,-74756.7714181648,0.04397015693412334,1,0.01181324160224433,0.11652033585114095,3797.5750220716,completed,poor,a2955d2a2f6e850b88d8b206f465d810e1ad86ab
R52-C-75,R52-C-75__P2__huayi_sy3sy2_phase2_wgs1__shift_evening_handover_2022-10-02__W001,2,train,exogenous_alpha_wgs_xt,reference,1,CO_dry_vol_pct,63.41086326266668,84.42476738898318,21.013904126316504,0.04218570909146674,1,0.012297076492271,0.11880313298555345,3875.9705497920513,completed,poor,a2955d2a2f6e850b88d8b206f465d810e1ad86ab
R52-C-75,R52-C-75__P2__huayi_sy3sy2_phase2_wgs1__shift_evening_handover_2022-10-02__W001,2,train,exogenous_alpha_wgs_xt,reference,1,H2_dry_vol_pct,27.417061404,1.6173959778657048e-22,-27.417061404,0.04218570909146674,1,0.012297076492271,0.11880313298555345,3875.9705497920513,completed,poor,a2955d2a2f6e850b88d8b206f465d810e1ad86ab
R52-C-75,R52-C-75__P2__huayi_sy3sy2_phase2_wgs1__shift_evening_handover_2022-10-02__W001,2,train,exogenous_alpha_wgs_xt,reference,1,CO2_dry_vol_pct,8.441408170933336,12.13084676193576,3.6894385910024248,0.04218570909146674,1,0.012297076492271,0.11880313298555345,3875.9705497920513,completed,poor,a2955d2a2f6e850b88d8b206f465d810e1ad86ab
R52-C-75,R52-C-75__P2__huayi_sy3sy2_phase2_wgs1__shift_evening_handover_2022-10-02__W001,2,train,exogenous_alpha_wgs_xt,reference,1,H2_CO_ratio,0.4323704069112698,1.915783753852265e-24,-0.4323704069112698,0.04218570909146674,1,0.012297076492271,0.11880313298555345,3875.9705497920513,completed,poor,a2955d2a2f6e850b88d8b206f465d810e1ad86ab
R52-C-75,R52-C-75__P2__huayi_sy3sy2_phase2_wgs1__shift_evening_handover_2022-10-02__W001,2,train,exogenous_alpha_wgs_xt,reference,1,dry_syngas_flow,137049.71626670065,59694.96870070034,-77354.74756600031,0.04218570909146674,1,0.012297076492271,0.11880313298555345,3875.9705497920513,completed,poor,a2955d2a2f6e850b88d8b206f465d810e1ad86ab
R52-C-75,R52-C-75__P2__huayi_sy3sy2_phase2_wgs1__plateau_2022-10-02N_009__W001,2,train,exogenous_alpha_wgs_xt,reference,1,CO_dry_vol_pct,63.46170394933334,84.34554721705055,20.88384326771721,0.041883139909697914,1,0.012554319549532197,0.11998828781809986,3899.7199887931347,completed,poor,a2955d2a2f6e850b88d8b206f465d810e1ad86ab
R52-C-75,R52-C-75__P2__huayi_sy3sy2_phase2_wgs1__plateau_2022-10-02N_009__W001,2,train,exogenous_alpha_wgs_xt,reference,1,H2_dry_vol_pct,27.516882504000005,1.7008048824496875e-20,-27.516882504000005,0.041883139909697914,1,0.012554319549532197,0.11998828781809986,3899.7199887931347,completed,poor,a2955d2a2f6e850b88d8b206f465d810e1ad86ab
R52-C-75,R52-C-75__P2__huayi_sy3sy2_phase2_wgs1__plateau_2022-10-02N_009__W001,2,train,exogenous_alpha_wgs_xt,reference,1,CO2_dry_vol_pct,8.2832787328,12.16894780453894,3.88566907173894,0.041883139909697914,1,0.012554319549532197,0.11998828781809986,3899.7199887931347,completed,poor,a2955d2a2f6e850b88d8b206f465d810e1ad86ab
R52-C-75,R52-C-75__P2__huayi_sy3sy2_phase2_wgs1__plateau_2022-10-02N_009__W001,2,train,exogenous_alpha_wgs_xt,reference,1,H2_CO_ratio,0.4335975122152168,2.0164726397149604e-22,-0.4335975122152168,0.041883139909697914,1,0.012554319549532197,0.11998828781809986,3899.7199887931347,completed,poor,a2955d2a2f6e850b88d8b206f465d810e1ad86ab
R52-C-75,R52-C-75__P2__huayi_sy3sy2_phase2_wgs1__plateau_2022-10-02N_009__W001,2,train,exogenous_alpha_wgs_xt,reference,1,dry_syngas_flow,135968.2115162215,59181.935834606855,-76786.27568161464,0.041883139909697914,1,0.012554319549532197,0.11998828781809986,3899.7199887931347,completed,poor,a2955d2a2f6e850b88d8b206f465d810e1ad86ab
R52-C-75,R52-C-75__P2__huayi_sy3sy2_phase2_wgs1__plateau_2022-10-02N_009__W002,2,train,exogenous_alpha_wgs_xt,reference,1,CO_dry_vol_pct,63.25691689866667,84.39824373699068,21.141326838324012,0.042428423426485895,1,0.012403001869457383,0.11928657069847523,3875.6557567715645,completed,poor,a2955d2a2f6e850b88d8b206f465d810e1ad86ab
R52-C-75,R52-C-75__P2__huayi_sy3sy2_phase2_wgs1__plateau_2022-10-02N_009__W002,2,train,exogenous_alpha_wgs_xt,reference,1,H2_dry_vol_pct,27.468237184000003,7.744761323040038e-24,-27.468237184000003,0.042428423426485895,1,0.012403001869457383,0.11928657069847523,3875.6557567715645,completed,poor,a2955d2a2f6e850b88d8b206f465d810e1ad86ab
R52-C-75,R52-C-75__P2__huayi_sy3sy2_phase2_wgs1__plateau_2022-10-02N_009__W002,2,train,exogenous_alpha_wgs_xt,reference,1,CO2_dry_vol_pct,8.520277471866667,12.142104873853336,3.6218274019866694,0.042428423426485895,1,0.012403001869457383,0.11928657069847523,3875.6557567715645,completed,poor,a2955d2a2f6e850b88d8b206f465d810e1ad86ab
R52-C-75,R52-C-75__P2__huayi_sy3sy2_phase2_wgs1__plateau_2022-10-02N_009__W002,2,train,exogenous_alpha_wgs_xt,reference,1,H2_CO_ratio,0.4342286925491855,9.17644844266541e-26,-0.4342286925491855,0.042428423426485895,1,0.012403001869457383,0.11928657069847523,3875.6557567715645,completed,poor,a2955d2a2f6e850b88d8b206f465d810e1ad86ab
R52-C-75,R52-C-75__P2__huayi_sy3sy2_phase2_wgs1__plateau_2022-10-02N_009__W002,2,train,exogenous_alpha_wgs_xt,reference,1,dry_syngas_flow,136614.63686025803,59348.63641996629,-77266.00044029174,0.042428423426485895,1,0.012403001869457383,0.11928657069847523,3875.6557567715645,completed,poor,a2955d2a2f6e850b88d8b206f465d810e1ad86ab
R52-C-75,R52-C-75__P2__huayi_sy3sy2_phase2_wgs1__plateau_2022-10-02N_009__W003,2,train,exogenous_alpha_wgs_xt,reference,1,CO_dry_vol_pct,62.98495327466667,84.45320226499476,21.468248990328085,0.04324670223287328,1,0.012282372308141512,0.11871129193783785,3845.180087774992,completed,poor,a2955d2a2f6e850b88d8b206f465d810e1ad86ab
R52-C-75,R52-C-75__P2__huayi_sy3sy2_phase2_wgs1__plateau_2022-10-02N_009__W003,2,train,exogenous_alpha_wgs_xt,reference,1,H2_dry_vol_pct,27.480912090666667,3.4055204682822466e-23,-27.480912090666667,0.04324670223287328,1,0.012282372308141512,0.11871129193783785,3845.180087774992,completed,poor,a2955d2a2f6e850b88d8b206f465d810e1ad86ab
R52-C-75,R52-C-75__P2__huayi_sy3sy2_phase2_wgs1__plateau_2022-10-02N_009__W003,2,train,exogenous_alpha_wgs_xt,reference,1,CO2_dry_vol_pct,8.8139224204,12.111264879103679,3.297342458703678,0.04324670223287328,1,0.012282372308141512,0.11871129193783785,3845.180087774992,completed,poor,a2955d2a2f6e850b88d8b206f465d810e1ad86ab
R52-C-75,R52-C-75__P2__huayi_sy3sy2_phase2_wgs1__plateau_2022-10-02N_009__W003,2,train,exogenous_alpha_wgs_xt,reference,1,H2_CO_ratio,0.4363097806545441,4.0324349781273008e-25,-0.4363097806545441,0.04324670223287328,1,0.012282372308141512,0.11871129193783785,3845.180087774992,completed,poor,a2955d2a2f6e850b88d8b206f465d810e1ad86ab
R52-C-75,R52-C-75__P2__huayi_sy3sy2_phase2_wgs1__plateau_2022-10-02N_009__W003,2,train,exogenous_alpha_wgs_xt,reference,1,dry_syngas_flow,134692.24161889203,59354.61020130726,-75337.63141758478,0.04324670223287328,1,0.012282372308141512,0.11871129193783785,3845.180087774992,completed,poor,a2955d2a2f6e850b88d8b206f465d810e1ad86ab
R52-C-75,R52-C-75__P2__huayi_sy3sy2_phase2_wgs1__plateau_2022-10-02N_009__W004,2,train,exogenous_alpha_wgs_xt,reference,1,CO_dry_vol_pct,63.326827236,84.42129899471172,21.09447175871172,0.043665144196026476,1,0.012431619811278095,0.11938710156344941,3842.0458270013332,completed,poor,a2955d2a2f6e850b88d8b206f465d810e1ad86ab
R52-C-75,R52-C-75__P2__huayi_sy3sy2_phase2_wgs1__plateau_2022-10-02N_009__W004,2,train,exogenous_alpha_wgs_xt,reference,1,H2_dry_vol_pct,27.554390776000005,6.089688852388541e-22,-27.554390776000005,0.043665144196026476,1,0.012431619811278095,0.11938710156344941,3842.0458270013332,completed,poor,a2955d2a2f6e850b88d8b206f465d810e1ad86ab
R52-C-75,R52-C-75__P2__huayi_sy3sy2_phase2_wgs1__plateau_2022-10-02N_009__W004,2,train,exogenous_alpha_wgs_xt,reference,1,CO2_dry_vol_pct,8.383189950133334,12.123186375077303,3.7399964249439694,0.043665144196026476,1,0.012431619811278095,0.11938710156344941,3842.0458270013332,completed,poor,a2955d2a2f6e850b88d8b206f465d810e1ad86ab
R52-C-75,R52-C-75__P2__huayi_sy3sy2_phase2_wgs1__plateau_2022-10-02N_009__W004,2,train,exogenous_alpha_wgs_xt,reference,1,H2_CO_ratio,0.4351170293875853,7.213450781857798e-24,-0.4351170293875853,0.043665144196026476,1,0.012431619811278095,0.11938710156344941,3842.0458270013332,completed,poor,a2955d2a2f6e850b88d8b206f465d810e1ad86ab
R52-C-75,R52-C-75__P2__huayi_sy3sy2_phase2_wgs1__plateau_2022-10-02N_009__W004,2,train,exogenous_alpha_wgs_xt,reference,1,dry_syngas_flow,135315.51028535963,58848.38423857551,-76467.12604678412,0.043665144196026476,1,0.012431619811278095,0.11938710156344941,3842.0458270013332,completed,poor,a2955d2a2f6e850b88d8b206f465d810e1ad86ab
R52-C-75,R52-C-75__P2__huayi_sy3sy2_phase2_wgs1__plateau_2022-10-02N_009__W005,2,train,exogenous_alpha_wgs_xt,reference,1,CO_dry_vol_pct,63.19721617733333,84.44029047691939,21.243074299586056,0.04322253063151093,1,0.012317525515708413,0.11887616926591853,3848.2039118111134,completed,poor,a2955d2a2f6e850b88d8b206f465d810e1ad86ab
R52-C-75,R52-C-75__P2__huayi_sy3sy2_phase2_wgs1__plateau_2022-10-02N_009__W005,2,train,exogenous_alpha_wgs_xt,reference,1,H2_dry_vol_pct,27.47726098133333,1.7014373080874586e-22,-27.47726098133333,0.04322253063151093,1,0.012317525515708413,0.11887616926591853,3848.2039118111134,completed,poor,a2955d2a2f6e850b88d8b206f465d810e1ad86ab
R52-C-75,R52-C-75__P2__huayi_sy3sy2_phase2_wgs1__plateau_2022-10-02N_009__W005,2,train,exogenous_alpha_wgs_xt,reference,1,CO2_dry_vol_pct,8.603536797333334,12.11798748514291,3.5144506878095765,0.04322253063151093,1,0.012317525515708413,0.11887616926591853,3848.2039118111134,completed,poor,a2955d2a2f6e850b88d8b206f465d810e1ad86ab
R52-C-75,R52-C-75__P2__huayi_sy3sy2_phase2_wgs1__plateau_2022-10-02N_009__W005,2,train,exogenous_alpha_wgs_xt,reference,1,H2_CO_ratio,0.4347838002515001,2.0149590894083e-24,-0.4347838002515001,0.04322253063151093,1,0.012317525515708413,0.11887616926591853,3848.2039118111134,completed,poor,a2955d2a2f6e850b88d8b206f465d810e1ad86ab
R52-C-75,R52-C-75__P2__huayi_sy3sy2_phase2_wgs1__plateau_2022-10-02N_009__W005,2,train,exogenous_alpha_wgs_xt,reference,1,dry_syngas_flow,135794.2705177406,59273.764285498975,-76520.50623224163,0.04322253063151093,1,0.012317525515708413,0.11887616926591853,3848.2039118111134,completed,poor,a2955d2a2f6e850b88d8b206f465d810e1ad86ab
R52-C-75,R52-C-75__P2__huayi_sy3sy2_phase2_wgs1__plateau_2022-10-02N_009__W006,2,train,exogenous_alpha_wgs_xt,reference,1,CO_dry_vol_pct,62.72970422933334,84.50650105971529,21.776796830381947,0.0432980774109278,1,0.012061297646046515,0.11769709948110718,3831.6773087084293,completed,poor,a2955d2a2f6e850b88d8b206f465d810e1ad86ab
R52-C-75,R52-C-75__P2__huayi_sy3sy2_phase2_wgs1__plateau_2022-10-02N_009__W006,2,train,exogenous_alpha_wgs_xt,reference,1,H2_dry_vol_pct,27.448545144,9.658234691819724e-24,-27.448545144,0.0432980774109278,1,0.012061297646046515,0.11769709948110718,3831.6773087084293,completed,poor,a2955d2a2f6e850b88d8b206f465d810e1ad86ab
R52-C-75,R52-C-75__P2__huayi_sy3sy2_phase2_wgs1__plateau_2022-10-02N_009__W006,2,train,exogenous_alpha_wgs_xt,reference,1,CO2_dry_vol_pct,9.115858959466664,12.089254556939032,2.9733955974723685,0.0432980774109278,1,0.012061297646046515,0.11769709948110718,3831.6773087084293,completed,poor,a2955d2a2f6e850b88d8b206f465d810e1ad86ab
R52-C-75,R52-C-75__P2__huayi_sy3sy2_phase2_wgs1__plateau_2022-10-02N_009__W006,2,train,exogenous_alpha_wgs_xt,reference,1,H2_CO_ratio,0.4375686736084317,1.1428984244649856e-25,-0.4375686736084317,0.0432980774109278,1,0.012061297646046515,0.11769709948110718,3831.6773087084293,completed,poor,a2955d2a2f6e850b88d8b206f465d810e1ad86ab
R52-C-75,R52-C-75__P2__huayi_sy3sy2_phase2_wgs1__plateau_2022-10-02N_009__W006,2,train,exogenous_alpha_wgs_xt,reference,1,dry_syngas_flow,135388.818337183,59858.957508822015,-75529.860828361,0.0432980774109278,1,0.012061297646046515,0.11769709948110718,3831.6773087084293,completed,poor,a2955d2a2f6e850b88d8b206f465d810e1ad86ab
R52-C-75,R52-C-75__P2__huayi_sy3sy2_phase2_wgs1__plateau_2022-10-02N_010__W001,2,train,exogenous_alpha_wgs_xt,reference,1,CO_dry_vol_pct,62.59200827866667,84.522547627238,21.93053934857133,0.04377932221485778,1,0.012042154809970881,0.11759735030338313,3817.0768409967422,completed,poor,a2955d2a2f6e850b88d8b206f465d810e1ad86ab
R52-C-75,R52-C-75__P2__huayi_sy3sy2_phase2_wgs1__plateau_2022-10-02N_010__W001,2,train,exogenous_alpha_wgs_xt,reference,1,H2_dry_vol_pct,27.38116125333333,4.441058508231522e-19,-27.38116125333333,0.04377932221485778,1,0.012042154809970881,0.11759735030338313,3817.0768409967422,completed,poor,a2955d2a2f6e850b88d8b206f465d810e1ad86ab
R52-C-75,R52-C-75__P2__huayi_sy3sy2_phase2_wgs1__plateau_2022-10-02N_010__W001,2,train,exogenous_alpha_wgs_xt,reference,1,CO2_dry_vol_pct,9.318938682933334,12.07901102509737,2.7600723421640367,0.04377932221485778,1,0.012042154809970881,0.11759735030338313,3817.0768409967422,completed,poor,a2955d2a2f6e850b88d8b206f465d810e1ad86ab
R52-C-75,R52-C-75__P2__huayi_sy3sy2_phase2_wgs1__plateau_2022-10-02N_010__W001,2,train,exogenous_alpha_wgs_xt,reference,1,H2_CO_ratio,0.4374573298597622,5.254288509874919e-21,-0.4374573298597622,0.04377932221485778,1,0.012042154809970881,0.11759735030338313,3817.0768409967422,completed,poor,a2955d2a2f6e850b88d8b206f465d810e1ad86ab
R52-C-75,R52-C-75__P2__huayi_sy3sy2_phase2_wgs1__plateau_2022-10-02N_010__W001,2,train,exogenous_alpha_wgs_xt,reference,1,dry_syngas_flow,135028.15222970364,59733.31163828753,-75294.84059141611,0.04377932221485778,1,0.012042154809970881,0.11759735030338313,3817.0768409967422,completed,poor,a2955d2a2f6e850b88d8b206f465d810e1ad86ab
R52-C-75,R52-C-75__P2__huayi_sy3sy2_phase2_wgs1__shift_morning_handover_2022-10-03__W001,2,train,exogenous_alpha_wgs_xt,reference,1,CO_dry_vol_pct,62.62306532800001,84.18868159862637,21.565616270626364,0.040546954569588414,1,0.013012811939373712,0.12208690808139616,3963.988484144211,completed,poor,a2955d2a2f6e850b88d8b206f465d810e1ad86ab
R52-C-75,R52-C-75__P2__huayi_sy3sy2_phase2_wgs1__shift_morning_handover_2022-10-03__W001,2,train,exogenous_alpha_wgs_xt,reference,1,H2_dry_vol_pct,27.326839910666664,1.526877410858165e-15,-27.326839910666664,0.040546954569588414,1,0.013012811939373712,0.12208690808139616,3963.988484144211,completed,poor,a2955d2a2f6e850b88d8b206f465d810e1ad86ab
R52-C-75,R52-C-75__P2__huayi_sy3sy2_phase2_wgs1__shift_morning_handover_2022-10-03__W001,2,train,exogenous_alpha_wgs_xt,reference,1,CO2_dry_vol_pct,9.342854366266666,12.248114635336762,2.905260269070096,0.040546954569588414,1,0.013012811939373712,0.12208690808139616,3963.988484144211,completed,poor,a2955d2a2f6e850b88d8b206f465d810e1ad86ab
R52-C-75,R52-C-75__P2__huayi_sy3sy2_phase2_wgs1__shift_morning_handover_2022-10-03__W001,2,train,exogenous_alpha_wgs_xt,reference,1,H2_CO_ratio,0.4363694097163924,1.8136373938454427e-17,-0.4363694097163924,0.040546954569588414,1,0.013012811939373712,0.12208690808139616,3963.988484144211,completed,poor,a2955d2a2f6e850b88d8b206f465d810e1ad86ab
R52-C-75,R52-C-75__P2__huayi_sy3sy2_phase2_wgs1__shift_morning_handover_2022-10-03__W001,2,train,exogenous_alpha_wgs_xt,reference,1,dry_syngas_flow,135072.35814947772,58574.545654490954,-76497.81249498676,0.040546954569588414,1,0.013012811939373712,0.12208690808139616,3963.988484144211,completed,poor,a2955d2a2f6e850b88d8b206f465d810e1ad86ab
R52-C-75,R52-C-75__P2__huayi_sy3sy2_phase2_wgs1__plateau_2022-10-03D_011__W001,2,train,exogenous_alpha_wgs_xt,reference,1,CO_dry_vol_pct,62.78747585733334,83.98080371737416,21.193327860040817,0.03902642919361245,1,0.013691431229901923,0.12510507644091753,4043.753414839506,completed,poor,a2955d2a2f6e850b88d8b206f465d810e1ad86ab
R52-C-75,R52-C-75__P2__huayi_sy3sy2_phase2_wgs1__plateau_2022-10-03D_011__W001,2,train,exogenous_alpha_wgs_xt,reference,1,H2_dry_vol_pct,27.23126621733333,7.515284957494296e-20,-27.23126621733333,0.03902642919361245,1,0.013691431229901923,0.12510507644091753,4043.753414839506,completed,poor,a2955d2a2f6e850b88d8b206f465d810e1ad86ab
R52-C-75,R52-C-75__P2__huayi_sy3sy2_phase2_wgs1__plateau_2022-10-03D_011__W001,2,train,exogenous_alpha_wgs_xt,reference,1,CO2_dry_vol_pct,9.270155257599995,12.347503479627452,3.0773482220274566,0.03902642919361245,1,0.013691431229901923,0.12510507644091753,4043.753414839506,completed,poor,a2955d2a2f6e850b88d8b206f465d810e1ad86ab
R52-C-75,R52-C-75__P2__huayi_sy3sy2_phase2_wgs1__plateau_2022-10-03D_011__W001,2,train,exogenous_alpha_wgs_xt,reference,1,H2_CO_ratio,0.4337055120589286,8.948812853453933e-22,-0.4337055120589286,0.03902642919361245,1,0.013691431229901923,0.12510507644091753,4043.753414839506,completed,poor,a2955d2a2f6e850b88d8b206f465d810e1ad86ab
R52-C-75,R52-C-75__P2__huayi_sy3sy2_phase2_wgs1__plateau_2022-10-03D_011__W001,2,train,exogenous_alpha_wgs_xt,reference,1,dry_syngas_flow,134220.69691412855,57588.34690991232,-76632.35000421623,0.03902642919361245,1,0.013691431229901923,0.12510507644091753,4043.753414839506,completed,poor,a2955d2a2f6e850b88d8b206f465d810e1ad86ab
R52-C-75,R52-C-75__P2__huayi_sy3sy2_phase2_wgs1__plateau_2022-10-03D_012__W001,2,train,exogenous_alpha_wgs_xt,reference,1,CO_dry_vol_pct,63.396988149333325,84.62532851024045,21.228340360907126,0.045259018844913707,1,0.011835934647548582,0.11658859374435286,3762.084080249071,completed,poor,a2955d2a2f6e850b88d8b206f465d810e1ad86ab
R52-C-75,R52-C-75__P2__huayi_sy3sy2_phase2_wgs1__plateau_2022-10-03D_012__W001,2,train,exogenous_alpha_wgs_xt,reference,1,H2_dry_vol_pct,27.100173431999995,3.7859047057533957e-19,-27.100173431999995,0.045259018844913707,1,0.011835934647548582,0.11658859374435286,3762.084080249071,completed,poor,a2955d2a2f6e850b88d8b206f465d810e1ad86ab
R52-C-75,R52-C-75__P2__huayi_sy3sy2_phase2_wgs1__plateau_2022-10-03D_012__W001,2,train,exogenous_alpha_wgs_xt,reference,1,CO2_dry_vol_pct,8.781086234000002,12.019673380581846,3.2385871465818443,0.045259018844913707,1,0.011835934647548582,0.11658859374435286,3762.084080249071,completed,poor,a2955d2a2f6e850b88d8b206f465d810e1ad86ab
R52-C-75,R52-C-75__P2__huayi_sy3sy2_phase2_wgs1__plateau_2022-10-03D_012__W001,2,train,exogenous_alpha_wgs_xt,reference,1,H2_CO_ratio,0.4274708759793658,4.473725269255842e-21,-0.4274708759793658,0.045259018844913707,1,0.011835934647548582,0.11658859374435286,3762.084080249071,completed,poor,a2955d2a2f6e850b88d8b206f465d810e1ad86ab
R52-C-75,R52-C-75__P2__huayi_sy3sy2_phase2_wgs1__plateau_2022-10-03D_012__W001,2,train,exogenous_alpha_wgs_xt,reference,1,dry_syngas_flow,135208.44369939092,59732.036740904055,-75476.40695848686,0.045259018844913707,1,0.011835934647548582,0.11658859374435286,3762.084080249071,completed,poor,a2955d2a2f6e850b88d8b206f465d810e1ad86ab
R52-C-75,R52-C-75__P2__huayi_sy3sy2_phase2_wgs1__plateau_2022-10-03D_012__W002,2,train,exogenous_alpha_wgs_xt,reference,1,CO_dry_vol_pct,63.257299012,84.59436480218699,21.33706579018699,0.04467573479248471,1,0.011898602216024833,0.1168958303786682,3782.1346542537212,completed,poor,a2955d2a2f6e850b88d8b206f465d810e1ad86ab
R52-C-75,R52-C-75__P2__huayi_sy3sy2_phase2_wgs1__plateau_2022-10-03D_012__W002,2,train,exogenous_alpha_wgs_xt,reference,1,H2_dry_vol_pct,27.053133188,4.644496508056452e-22,-27.053133188,0.04467573479248471,1,0.011898602216024833,0.1168958303786682,3782.1346542537212,completed,poor,a2955d2a2f6e850b88d8b206f465d810e1ad86ab
R52-C-75,R52-C-75__P2__huayi_sy3sy2_phase2_wgs1__plateau_2022-10-03D_012__W002,2,train,exogenous_alpha_wgs_xt,reference,1,CO2_dry_vol_pct,8.9789605928,12.037503580702442,3.0585429879024417,0.04467573479248471,1,0.011898602216024833,0.1168958303786682,3782.1346542537212,completed,poor,a2955d2a2f6e850b88d8b206f465d810e1ad86ab
R52-C-75,R52-C-75__P2__huayi_sy3sy2_phase2_wgs1__plateau_2022-10-03D_012__W002,2,train,exogenous_alpha_wgs_xt,reference,1,H2_CO_ratio,0.4276703681751177,5.4903143003875115e-24,-0.4276703681751177,0.04467573479248471,1,0.011898602216024833,0.1168958303786682,3782.1346542537212,completed,poor,a2955d2a2f6e850b88d8b206f465d810e1ad86ab
R52-C-75,R52-C-75__P2__huayi_sy3sy2_phase2_wgs1__plateau_2022-10-03D_012__W002,2,train,exogenous_alpha_wgs_xt,reference,1,dry_syngas_flow,135172.94580704434,59786.66953405352,-75386.27627299081,0.04467573479248471,1,0.011898602216024833,0.1168958303786682,3782.1346542537212,completed,poor,a2955d2a2f6e850b88d8b206f465d810e1ad86ab
R52-C-75,R52-C-75__P2__huayi_sy3sy2_phase2_wgs1__plateau_2022-10-03D_012__W003,2,train,exogenous_alpha_wgs_xt,reference,1,CO_dry_vol_pct,62.85266491093751,84.66959775641504,21.81693284547753,0.045603477703740694,1,0.011658521038281112,0.11575890065978424,3743.215012162924,completed,poor,a2955d2a2f6e850b88d8b206f465d810e1ad86ab
R52-C-75,R52-C-75__P2__huayi_sy3sy2_phase2_wgs1__plateau_2022-10-03D_012__W003,2,train,exogenous_alpha_wgs_xt,reference,1,H2_dry_vol_pct,26.9522631546875,6.917500716149503e-21,-26.9522631546875,0.045603477703740694,1,0.011658521038281112,0.11575890065978424,3743.215012162924,completed,poor,a2955d2a2f6e850b88d8b206f465d810e1ad86ab
R52-C-75,R52-C-75__P2__huayi_sy3sy2_phase2_wgs1__plateau_2022-10-03D_012__W003,2,train,exogenous_alpha_wgs_xt,reference,1,CO2_dry_vol_pct,9.49402835453125,12.000889045788249,2.506860691256998,0.045603477703740694,1,0.011658521038281112,0.11575890065978424,3743.215012162924,completed,poor,a2955d2a2f6e850b88d8b206f465d810e1ad86ab
R52-C-75,R52-C-75__P2__huayi_sy3sy2_phase2_wgs1__plateau_2022-10-03D_012__W003,2,train,exogenous_alpha_wgs_xt,reference,1,H2_CO_ratio,0.4288191025489718,8.169993597997687e-23,-0.4288191025489718,0.045603477703740694,1,0.011658521038281112,0.11575890065978424,3743.215012162924,completed,poor,a2955d2a2f6e850b88d8b206f465d810e1ad86ab
R52-C-75,R52-C-75__P2__huayi_sy3sy2_phase2_wgs1__plateau_2022-10-03D_012__W003,2,train,exogenous_alpha_wgs_xt,reference,1,dry_syngas_flow,134111.768258696,60027.4883596317,-74084.2798990643,0.045603477703740694,1,0.011658521038281112,0.11575890065978424,3743.215012162924,completed,poor,a2955d2a2f6e850b88d8b206f465d810e1ad86ab
R52-C-75,R52-C-75__P2__huayi_sy3sy2_phase2_wgs1__shift_evening_handover_2022-10-03__W001,2,train,exogenous_alpha_wgs_xt,reference,1,CO_dry_vol_pct,63.181818126666656,85.01022454935017,21.828406422683514,0.04898129257304065,1,0.010712689351658967,0.11111840243906333,3591.457585453987,completed,poor,a2955d2a2f6e850b88d8b206f465d810e1ad86ab
R52-C-75,R52-C-75__P2__huayi_sy3sy2_phase2_wgs1__shift_evening_handover_2022-10-03__W001,2,train,exogenous_alpha_wgs_xt,reference,1,H2_dry_vol_pct,27.12886343466667,2.7149544335356205e-22,-27.12886343466667,0.04898129257304065,1,0.010712689351658967,0.11111840243906333,3591.457585453987,completed,poor,a2955d2a2f6e850b88d8b206f465d810e1ad86ab
R52-C-75,R52-C-75__P2__huayi_sy3sy2_phase2_wgs1__shift_evening_handover_2022-10-03__W001,2,train,exogenous_alpha_wgs_xt,reference,1,CO2_dry_vol_pct,8.962234021333332,11.823780668500767,2.861546647167435,0.04898129257304065,1,0.010712689351658967,0.11111840243906333,3591.457585453987,completed,poor,a2955d2a2f6e850b88d8b206f465d810e1ad86ab
R52-C-75,R52-C-75__P2__huayi_sy3sy2_phase2_wgs1__shift_evening_handover_2022-10-03__W001,2,train,exogenous_alpha_wgs_xt,reference,1,H2_CO_ratio,0.4293771331224563,3.1936798754831355e-24,-0.4293771331224563,0.04898129257304065,1,0.010712689351658967,0.11111840243906333,3591.457585453987,completed,poor,a2955d2a2f6e850b88d8b206f465d810e1ad86ab
R52-C-75,R52-C-75__P2__huayi_sy3sy2_phase2_wgs1__shift_evening_handover_2022-10-03__W001,2,train,exogenous_alpha_wgs_xt,reference,1,dry_syngas_flow,136460.0573468322,61240.888324641805,-75219.16902219041,0.04898129257304065,1,0.010712689351658967,0.11111840243906333,3591.457585453987,completed,poor,a2955d2a2f6e850b88d8b206f465d810e1ad86ab
R52-C-75,R52-C-75__P2__huayi_sy3sy2_phase2_wgs1__plateau_2022-10-03N_013__W001,2,train,exogenous_alpha_wgs_xt,reference,1,CO_dry_vol_pct,62.990331572,84.95138371920106,21.96105214720106,0.04862613645487754,1,0.010880170459687592,0.11195261603318635,3612.1996909677982,completed,poor,a2955d2a2f6e850b88d8b206f465d810e1ad86ab
R52-C-75,R52-C-75__P2__huayi_sy3sy2_phase2_wgs1__plateau_2022-10-03N_013__W001,2,train,exogenous_alpha_wgs_xt,reference,1,H2_dry_vol_pct,27.196442370666663,3.1334641245794784e-20,-27.196442370666663,0.04862613645487754,1,0.010880170459687592,0.11195261603318635,3612.1996909677982,completed,poor,a2955d2a2f6e850b88d8b206f465d810e1ad86ab
R52-C-75,R52-C-75__P2__huayi_sy3sy2_phase2_wgs1__plateau_2022-10-03N_013__W001,2,train,exogenous_alpha_wgs_xt,reference,1,CO2_dry_vol_pct,9.1055828048,11.854088966080301,2.748506161280302,0.04862613645487754,1,0.010880170459687592,0.11195261603318635,3612.1996909677982,completed,poor,a2955d2a2f6e850b88d8b206f465d810e1ad86ab
R52-C-75,R52-C-75__P2__huayi_sy3sy2_phase2_wgs1__plateau_2022-10-03N_013__W001,2,train,exogenous_alpha_wgs_xt,reference,1,H2_CO_ratio,0.4317570888809779,3.68853806423784e-22,-0.4317570888809779,0.04862613645487754,1,0.010880170459687592,0.11195261603318635,3612.1996909677982,completed,poor,a2955d2a2f6e850b88d8b206f465d810e1ad86ab
R52-C-75,R52-C-75__P2__huayi_sy3sy2_phase2_wgs1__plateau_2022-10-03N_013__W001,2,train,exogenous_alpha_wgs_xt,reference,1,dry_syngas_flow,136029.4191309032,60917.66289333892,-75111.75623756429,0.04862613645487754,1,0.010880170459687592,0.11195261603318635,3612.1996909677982,completed,poor,a2955d2a2f6e850b88d8b206f465d810e1ad86ab
R52-C-75,R52-C-75__P2__huayi_sy3sy2_phase2_wgs1__plateau_2022-10-03N_013__W002,2,train,exogenous_alpha_wgs_xt,reference,1,CO_dry_vol_pct,63.008904,85.00431213385374,21.995408133853743,0.04918524348533081,1,0.010745171158205245,0.11127474369567586,3588.1378348469734,completed,poor,a2955d2a2f6e850b88d8b206f465d810e1ad86ab
R52-C-75,R52-C-75__P2__huayi_sy3sy2_phase2_wgs1__plateau_2022-10-03N_013__W002,2,train,exogenous_alpha_wgs_xt,reference,1,H2_dry_vol_pct,27.228341161333333,2.90915958562186e-20,-27.228341161333333,0.04918524348533081,1,0.010745171158205245,0.11127474369567586,3588.1378348469734,completed,poor,a2955d2a2f6e850b88d8b206f465d810e1ad86ab
R52-C-75,R52-C-75__P2__huayi_sy3sy2_phase2_wgs1__plateau_2022-10-03N_013__W002,2,train,exogenous_alpha_wgs_xt,reference,1,CO2_dry_vol_pct,9.051514636933334,11.825580698114711,2.7740660611813777,0.04918524348533081,1,0.010745171158205245,0.11127474369567586,3588.1378348469734,completed,poor,a2955d2a2f6e850b88d8b206f465d810e1ad86ab
R52-C-75,R52-C-75__P2__huayi_sy3sy2_phase2_wgs1__plateau_2022-10-03N_013__W002,2,train,exogenous_alpha_wgs_xt,reference,1,H2_CO_ratio,0.4321386985364575,3.4223670689092735e-22,-0.4321386985364575,0.04918524348533081,1,0.010745171158205245,0.11127474369567586,3588.1378348469734,completed,poor,a2955d2a2f6e850b88d8b206f465d810e1ad86ab
R52-C-75,R52-C-75__P2__huayi_sy3sy2_phase2_wgs1__plateau_2022-10-03N_013__W002,2,train,exogenous_alpha_wgs_xt,reference,1,dry_syngas_flow,135170.29904941274,61072.980876153415,-74097.31817325932,0.04918524348533081,1,0.010745171158205245,0.11127474369567586,3588.1378348469734,completed,poor,a2955d2a2f6e850b88d8b206f465d810e1ad86ab
R52-C-75,R52-C-75__P2__huayi_sy3sy2_phase2_wgs1__plateau_2022-10-03N_013__W003,2,train,exogenous_alpha_wgs_xt,reference,1,CO_dry_vol_pct,63.12293966399999,85.07315774371827,21.950218079718276,0.05020269235492683,1,0.01055390755808317,0.11031383230767382,3549.061966598034,completed,poor,a2955d2a2f6e850b88d8b206f465d810e1ad86ab
R52-C-75,R52-C-75__P2__huayi_sy3sy2_phase2_wgs1__plateau_2022-10-03N_013__W003,2,train,exogenous_alpha_wgs_xt,reference,1,H2_dry_vol_pct,27.336075078666667,1.5479187363698924e-20,-27.336075078666667,0.05020269235492683,1,0.01055390755808317,0.11031383230767382,3549.061966598034,completed,poor,a2955d2a2f6e850b88d8b206f465d810e1ad86ab
R52-C-75,R52-C-75__P2__huayi_sy3sy2_phase2_wgs1__plateau_2022-10-03N_013__W003,2,train,exogenous_alpha_wgs_xt,reference,1,CO2_dry_vol_pct,8.826287774533334,11.789712372053723,2.9634245975203886,0.05020269235492683,1,0.01055390755808317,0.11031383230767382,3549.061966598034,completed,poor,a2955d2a2f6e850b88d8b206f465d810e1ad86ab
R52-C-75,R52-C-75__P2__huayi_sy3sy2_phase2_wgs1__plateau_2022-10-03N_013__W003,2,train,exogenous_alpha_wgs_xt,reference,1,H2_CO_ratio,0.4330649605907108,1.8195148474833583e-22,-0.4330649605907108,0.05020269235492683,1,0.01055390755808317,0.11031383230767382,3549.061966598034,completed,poor,a2955d2a2f6e850b88d8b206f465d810e1ad86ab
R52-C-75,R52-C-75__P2__huayi_sy3sy2_phase2_wgs1__plateau_2022-10-03N_013__W003,2,train,exogenous_alpha_wgs_xt,reference,1,dry_syngas_flow,136707.28219045582,61188.61822514101,-75518.66396531482,0.05020269235492683,1,0.01055390755808317,0.11031383230767382,3549.061966598034,completed,poor,a2955d2a2f6e850b88d8b206f465d810e1ad86ab
R52-C-75,R52-C-75__P2__huayi_sy3sy2_phase2_wgs1__plateau_2022-10-03N_013__W004,2,train,exogenous_alpha_wgs_xt,reference,1,CO_dry_vol_pct,63.14882902133332,84.91816023014668,21.769331208813362,0.04887405008903411,1,0.011001711201350654,0.11254403240740582,3613.5739410221577,completed,poor,a2955d2a2f6e850b88d8b206f465d810e1ad86ab
R52-C-75,R52-C-75__P2__huayi_sy3sy2_phase2_wgs1__plateau_2022-10-03N_013__W004,2,train,exogenous_alpha_wgs_xt,reference,1,H2_dry_vol_pct,27.332012548,4.845412407094755e-19,-27.332012548,0.04887405008903411,1,0.011001711201350654,0.11254403240740582,3613.5739410221577,completed,poor,a2955d2a2f6e850b88d8b206f465d810e1ad86ab
R52-C-75,R52-C-75__P2__huayi_sy3sy2_phase2_wgs1__plateau_2022-10-03N_013__W004,2,train,exogenous_alpha_wgs_xt,reference,1,CO2_dry_vol_pct,8.795977414133333,11.869080130046148,3.0731027159128157,0.04887405008903411,1,0.011001711201350654,0.11254403240740582,3613.5739410221577,completed,poor,a2955d2a2f6e850b88d8b206f465d810e1ad86ab
R52-C-75,R52-C-75__P2__huayi_sy3sy2_phase2_wgs1__plateau_2022-10-03N_013__W004,2,train,exogenous_alpha_wgs_xt,reference,1,H2_CO_ratio,0.4328215820368645,5.705979020226809e-21,-0.4328215820368645,0.04887405008903411,1,0.011001711201350654,0.11254403240740582,3613.5739410221577,completed,poor,a2955d2a2f6e850b88d8b206f465d810e1ad86ab
R52-C-75,R52-C-75__P2__huayi_sy3sy2_phase2_wgs1__plateau_2022-10-03N_013__W004,2,train,exogenous_alpha_wgs_xt,reference,1,dry_syngas_flow,136016.12465375254,60493.03277056107,-75523.09188319148,0.04887405008903411,1,0.011001711201350654,0.11254403240740582,3613.5739410221577,completed,poor,a2955d2a2f6e850b88d8b206f465d810e1ad86ab
R52-C-75,R52-C-75__P2__huayi_sy3sy2_phase2_wgs1__plateau_2022-10-03N_013__W005,2,train,exogenous_alpha_wgs_xt,reference,1,CO_dry_vol_pct,62.82177378133335,84.86227334051756,22.040499559184212,0.04816731891696169,1,0.011152058694646107,0.11328700495351703,3642.07422170043,completed,poor,a2955d2a2f6e850b88d8b206f465d810e1ad86ab
R52-C-75,R52-C-75__P2__huayi_sy3sy2_phase2_wgs1__plateau_2022-10-03N_013__W005,2,train,exogenous_alpha_wgs_xt,reference,1,H2_dry_vol_pct,27.13942334533333,3.1490341425952455e-19,-27.13942334533333,0.04816731891696169,1,0.011152058694646107,0.11328700495351703,3642.07422170043,completed,poor,a2955d2a2f6e850b88d8b206f465d810e1ad86ab
R52-C-75,R52-C-75__P2__huayi_sy3sy2_phase2_wgs1__plateau_2022-10-03N_013__W005,2,train,exogenous_alpha_wgs_xt,reference,1,CO2_dry_vol_pct,9.337046864933336,11.898551157386166,2.5615042924528293,0.04816731891696169,1,0.011152058694646107,0.11328700495351703,3642.07422170043,completed,poor,a2955d2a2f6e850b88d8b206f465d810e1ad86ab
R52-C-75,R52-C-75__P2__huayi_sy3sy2_phase2_wgs1__plateau_2022-10-03N_013__W005,2,train,exogenous_alpha_wgs_xt,reference,1,H2_CO_ratio,0.4320040656613811,3.710758642959588e-21,-0.4320040656613811,0.04816731891696169,1,0.011152058694646107,0.11328700495351703,3642.07422170043,completed,poor,a2955d2a2f6e850b88d8b206f465d810e1ad86ab
R52-C-75,R52-C-75__P2__huayi_sy3sy2_phase2_wgs1__plateau_2022-10-03N_013__W005,2,train,exogenous_alpha_wgs_xt,reference,1,dry_syngas_flow,134218.64402750865,60367.78824153734,-73850.8557859713,0.04816731891696169,1,0.011152058694646107,0.11328700495351703,3642.07422170043,completed,poor,a2955d2a2f6e850b88d8b206f465d810e1ad86ab
R52-C-75,R52-C-75__P2__huayi_sy3sy2_phase2_wgs1__plateau_2022-10-03N_013__W006,2,train,exogenous_alpha_wgs_xt,reference,1,CO_dry_vol_pct,63.10815085999999,84.86663761583387,21.75848675583388,0.048143354952186024,1,0.011132310555712368,0.11319284449006671,3641.568835437298,completed,poor,a2955d2a2f6e850b88d8b206f465d810e1ad86ab
R52-C-75,R52-C-75__P2__huayi_sy3sy2_phase2_wgs1__plateau_2022-10-03N_013__W006,2,train,exogenous_alpha_wgs_xt,reference,1,H2_dry_vol_pct,27.24788771733333,2.962451970706915e-20,-27.24788771733333,0.048143354952186024,1,0.011132310555712368,0.11319284449006671,3641.568835437298,completed,poor,a2955d2a2f6e850b88d8b206f465d810e1ad86ab
R52-C-75,R52-C-75__P2__huayi_sy3sy2_phase2_wgs1__plateau_2022-10-03N_013__W006,2,train,exogenous_alpha_wgs_xt,reference,1,CO2_dry_vol_pct,8.917560912,11.896876250572099,2.979315338572098,0.048143354952186024,1,0.011132310555712368,0.11319284449006671,3641.568835437298,completed,poor,a2955d2a2f6e850b88d8b206f465d810e1ad86ab
R52-C-75,R52-C-75__P2__huayi_sy3sy2_phase2_wgs1__plateau_2022-10-03N_013__W006,2,train,exogenous_alpha_wgs_xt,reference,1,H2_CO_ratio,0.4317639693162345,3.490714436121598e-22,-0.4317639693162345,0.048143354952186024,1,0.011132310555712368,0.11319284449006671,3641.568835437298,completed,poor,a2955d2a2f6e850b88d8b206f465d810e1ad86ab
R52-C-75,R52-C-75__P2__huayi_sy3sy2_phase2_wgs1__plateau_2022-10-03N_013__W006,2,train,exogenous_alpha_wgs_xt,reference,1,dry_syngas_flow,136090.93430383867,60427.059678823374,-75663.8746250153,0.048143354952186024,1,0.011132310555712368,0.11319284449006671,3641.568835437298,completed,poor,a2955d2a2f6e850b88d8b206f465d810e1ad86ab
R52-C-75,R52-C-75__P2__huayi_sy3sy2_phase2_wgs1__plateau_2022-10-03N_013__W007,2,train,exogenous_alpha_wgs_xt,reference,1,CO_dry_vol_pct,63.190672729333336,84.8312110467597,21.64053831742637,0.047840394800857125,1,0.011234765130007205,0.11369401164363192,3656.2268930077553,completed,poor,a2955d2a2f6e850b88d8b206f465d810e1ad86ab
R52-C-75,R52-C-75__P2__huayi_sy3sy2_phase2_wgs1__plateau_2022-10-03N_013__W007,2,train,exogenous_alpha_wgs_xt,reference,1,H2_dry_vol_pct,27.235385948,1.765822800526457e-20,-27.235385948,0.047840394800857125,1,0.011234765130007205,0.11369401164363192,3656.2268930077553,completed,poor,a2955d2a2f6e850b88d8b206f465d810e1ad86ab
R52-C-75,R52-C-75__P2__huayi_sy3sy2_phase2_wgs1__plateau_2022-10-03N_013__W007,2,train,exogenous_alpha_wgs_xt,reference,1,CO2_dry_vol_pct,8.847575572266665,11.915001789419692,3.0674262171530273,0.047840394800857125,1,0.011234765130007205,0.11369401164363192,3656.2268930077553,completed,poor,a2955d2a2f6e850b88d8b206f465d810e1ad86ab
R52-C-75,R52-C-75__P2__huayi_sy3sy2_phase2_wgs1__plateau_2022-10-03N_013__W007,2,train,exogenous_alpha_wgs_xt,reference,1,H2_CO_ratio,0.4310010443240804,2.0815720755809085e-22,-0.4310010443240804,0.047840394800857125,1,0.011234765130007205,0.11369401164363192,3656.2268930077553,completed,poor,a2955d2a2f6e850b88d8b206f465d810e1ad86ab
R52-C-75,R52-C-75__P2__huayi_sy3sy2_phase2_wgs1__plateau_2022-10-03N_013__W007,2,train,exogenous_alpha_wgs_xt,reference,1,dry_syngas_flow,135889.37381407968,60273.53374575908,-75615.8400683206,0.047840394800857125,1,0.011234765130007205,0.11369401164363192,3656.2268930077553,completed,poor,a2955d2a2f6e850b88d8b206f465d810e1ad86ab
R52-C-75,R52-C-75__P2__huayi_sy3sy2_phase2_wgs1__shift_morning_handover_2022-10-04__W001,2,train,exogenous_alpha_wgs_xt,reference,1,CO_dry_vol_pct,63.38372944666667,84.97074625316806,21.58701680650139,0.04888480984928362,1,0.010824414444742915,0.11167583657817935,3601.8245218098164,completed,poor,a2955d2a2f6e850b88d8b206f465d810e1ad86ab
R52-C-75,R52-C-75__P2__huayi_sy3sy2_phase2_wgs1__shift_morning_handover_2022-10-04__W001,2,train,exogenous_alpha_wgs_xt,reference,1,H2_dry_vol_pct,27.279717384,1.5057143684008735e-19,-27.279717384,0.04888480984928362,1,0.010824414444742915,0.11167583657817935,3601.8245218098164,completed,poor,a2955d2a2f6e850b88d8b206f465d810e1ad86ab
R52-C-75,R52-C-75__P2__huayi_sy3sy2_phase2_wgs1__shift_morning_handover_2022-10-04__W001,2,train,exogenous_alpha_wgs_xt,reference,1,CO2_dry_vol_pct,8.613835241600002,11.844167920389491,3.2303326787894893,0.04888480984928362,1,0.010824414444742915,0.11167583657817935,3601.8245218098164,completed,poor,a2955d2a2f6e850b88d8b206f465d810e1ad86ab
R52-C-75,R52-C-75__P2__huayi_sy3sy2_phase2_wgs1__shift_morning_handover_2022-10-04__W001,2,train,exogenous_alpha_wgs_xt,reference,1,H2_CO_ratio,0.4303908768541757,1.77203853655073e-21,-0.4303908768541757,0.04888480984928362,1,0.010824414444742915,0.11167583657817935,3601.8245218098164,completed,poor,a2955d2a2f6e850b88d8b206f465d810e1ad86ab
R52-C-75,R52-C-75__P2__huayi_sy3sy2_phase2_wgs1__shift_morning_handover_2022-10-04__W001,2,train,exogenous_alpha_wgs_xt,reference,1,dry_syngas_flow,136489.59327454146,60964.923419459046,-75524.66985508241,0.04888480984928362,1,0.010824414444742915,0.11167583657817935,3601.8245218098164,completed,poor,a2955d2a2f6e850b88d8b206f465d810e1ad86ab
R52-C-75,R52-C-75__P2__huayi_sy3sy2_phase2_wgs1__plateau_2022-10-04D_014__W001,2,train,exogenous_alpha_wgs_xt,reference,1,CO_dry_vol_pct,63.643372968000016,84.98202200498193,21.338649036981913,0.04888314824717706,1,0.0108041407047161,0.11157048057472128,3600.0095134675503,completed,poor,a2955d2a2f6e850b88d8b206f465d810e1ad86ab
R52-C-75,R52-C-75__P2__huayi_sy3sy2_phase2_wgs1__plateau_2022-10-04D_014__W001,2,train,exogenous_alpha_wgs_xt,reference,1,H2_dry_vol_pct,27.06933896,1.2997418792160183e-19,-27.06933896,0.04888314824717706,1,0.0108041407047161,0.11157048057472128,3600.0095134675503,completed,poor,a2955d2a2f6e850b88d8b206f465d810e1ad86ab
R52-C-75,R52-C-75__P2__huayi_sy3sy2_phase2_wgs1__plateau_2022-10-04D_014__W001,2,train,exogenous_alpha_wgs_xt,reference,1,CO2_dry_vol_pct,8.556233309333333,11.8374305371913,3.2811972278579677,0.04888314824717706,1,0.0108041407047161,0.11157048057472128,3600.0095134675503,completed,poor,a2955d2a2f6e850b88d8b206f465d810e1ad86ab
R52-C-75,R52-C-75__P2__huayi_sy3sy2_phase2_wgs1__plateau_2022-10-04D_014__W001,2,train,exogenous_alpha_wgs_xt,reference,1,H2_CO_ratio,0.4253274242534922,1.5294315768808408e-21,-0.4253274242534922,0.04888314824717706,1,0.0108041407047161,0.11157048057472128,3600.0095134675503,completed,poor,a2955d2a2f6e850b88d8b206f465d810e1ad86ab
R52-C-75,R52-C-75__P2__huayi_sy3sy2_phase2_wgs1__plateau_2022-10-04D_014__W001,2,train,exogenous_alpha_wgs_xt,reference,1,dry_syngas_flow,136325.26548896535,61030.89114076566,-75294.3743481997,0.04888314824717706,1,0.0108041407047161,0.11157048057472128,3600.0095134675503,completed,poor,a2955d2a2f6e850b88d8b206f465d810e1ad86ab
R52-C-75,R52-C-75__P2__huayi_sy3sy2_phase2_wgs1__plateau_2022-10-04D_014__W002,2,train,exogenous_alpha_wgs_xt,reference,1,CO_dry_vol_pct,63.794287876000006,84.97861220151866,21.184324325518652,0.04885768623879633,1,0.010814552657322089,0.11162201031528714,3601.36328586936,completed,poor,a2955d2a2f6e850b88d8b206f465d810e1ad86ab
R52-C-75,R52-C-75__P2__huayi_sy3sy2_phase2_wgs1__plateau_2022-10-04D_014__W002,2,train,exogenous_alpha_wgs_xt,reference,1,H2_dry_vol_pct,26.874067744,9.179775915327064e-22,-26.874067744,0.04885768623879633,1,0.010814552657322089,0.11162201031528714,3601.36328586936,completed,poor,a2955d2a2f6e850b88d8b206f465d810e1ad86ab
R52-C-75,R52-C-75__P2__huayi_sy3sy2_phase2_wgs1__plateau_2022-10-04D_014__W002,2,train,exogenous_alpha_wgs_xt,reference,1,CO2_dry_vol_pct,8.600262696933333,11.839127317737857,3.2388646208045238,0.04885768623879633,1,0.010814552657322089,0.11162201031528714,3601.36328586936,completed,poor,a2955d2a2f6e850b88d8b206f465d810e1ad86ab
R52-C-75,R52-C-75__P2__huayi_sy3sy2_phase2_wgs1__plateau_2022-10-04D_014__W002,2,train,exogenous_alpha_wgs_xt,reference,1,H2_CO_ratio,0.4212602055292221,1.0802454497089341e-23,-0.4212602055292221,0.04885768623879633,1,0.010814552657322089,0.11162201031528714,3601.36328586936,completed,poor,a2955d2a2f6e850b88d8b206f465d810e1ad86ab
R52-C-75,R52-C-75__P2__huayi_sy3sy2_phase2_wgs1__plateau_2022-10-04D_014__W002,2,train,exogenous_alpha_wgs_xt,reference,1,dry_syngas_flow,135983.0146524056,61012.760407107045,-74970.25424529857,0.04885768623879633,1,0.010814552657322089,0.11162201031528714,3601.36328586936,completed,poor,a2955d2a2f6e850b88d8b206f465d810e1ad86ab
R52-C-75,R52-C-75__P2__huayi_sy3sy2_phase2_wgs1__plateau_2022-10-04D_014__W003,2,train,exogenous_alpha_wgs_xt,reference,1,CO_dry_vol_pct,64.062187652,84.9145269591829,20.852339307182888,0.04833485325891744,1,0.01099747022104939,0.11252858080782249,3627.288645416498,completed,poor,a2955d2a2f6e850b88d8b206f465d810e1ad86ab
R52-C-75,R52-C-75__P2__huayi_sy3sy2_phase2_wgs1__plateau_2022-10-04D_014__W003,2,train,exogenous_alpha_wgs_xt,reference,1,H2_dry_vol_pct,26.976046374666662,2.246500903641244e-20,-26.976046374666662,0.04833485325891744,1,0.01099747022104939,0.11252858080782249,3627.288645416498,completed,poor,a2955d2a2f6e850b88d8b206f465d810e1ad86ab
R52-C-75,R52-C-75__P2__huayi_sy3sy2_phase2_wgs1__plateau_2022-10-04D_014__W003,2,train,exogenous_alpha_wgs_xt,reference,1,CO2_dry_vol_pct,8.204696985733333,11.872099590055935,3.667402604322602,0.04833485325891744,1,0.01099747022104939,0.11252858080782249,3627.288645416498,completed,poor,a2955d2a2f6e850b88d8b206f465d810e1ad86ab
R52-C-75,R52-C-75__P2__huayi_sy3sy2_phase2_wgs1__plateau_2022-10-04D_014__W003,2,train,exogenous_alpha_wgs_xt,reference,1,H2_CO_ratio,0.4210941704188822,2.6456025654139277e-22,-0.4210941704188822,0.04833485325891744,1,0.01099747022104939,0.11252858080782249,3627.288645416498,completed,poor,a2955d2a2f6e850b88d8b206f465d810e1ad86ab
R52-C-75,R52-C-75__P2__huayi_sy3sy2_phase2_wgs1__plateau_2022-10-04D_014__W003,2,train,exogenous_alpha_wgs_xt,reference,1,dry_syngas_flow,137754.39881696113,60720.763869768656,-77033.63494719248,0.04833485325891744,1,0.01099747022104939,0.11252858080782249,3627.288645416498,completed,poor,a2955d2a2f6e850b88d8b206f465d810e1ad86ab
R52-C-75,R52-C-75__P2__huayi_sy3sy2_phase2_wgs1__plateau_2022-10-04D_014__W004,2,train,exogenous_alpha_wgs_xt,reference,1,CO_dry_vol_pct,64.24435198666664,84.60791287589277,20.36356088922612,0.04525601101805793,1,0.01187675280568446,0.11678594126405584,3765.268145799637,completed,poor,a2955d2a2f6e850b88d8b206f465d810e1ad86ab
R52-C-75,R52-C-75__P2__huayi_sy3sy2_phase2_wgs1__plateau_2022-10-04D_014__W004,2,train,exogenous_alpha_wgs_xt,reference,1,H2_dry_vol_pct,26.962221206666666,2.5872230114786017e-17,-26.962221206666666,0.04525601101805793,1,0.01187675280568446,0.11678594126405584,3765.268145799637,completed,poor,a2955d2a2f6e850b88d8b206f465d810e1ad86ab
R52-C-75,R52-C-75__P2__huayi_sy3sy2_phase2_wgs1__plateau_2022-10-04D_014__W004,2,train,exogenous_alpha_wgs_xt,reference,1,CO2_dry_vol_pct,8.048062440399999,12.029271247377116,3.9812088069771168,0.04525601101805793,1,0.01187675280568446,0.11678594126405584,3765.268145799637,completed,poor,a2955d2a2f6e850b88d8b206f465d810e1ad86ab
R52-C-75,R52-C-75__P2__huayi_sy3sy2_phase2_wgs1__plateau_2022-10-04D_014__W004,2,train,exogenous_alpha_wgs_xt,reference,1,H2_CO_ratio,0.4196815840240013,3.0578972149728755e-19,-0.4196815840240013,0.04525601101805793,1,0.01187675280568446,0.11678594126405584,3765.268145799637,completed,poor,a2955d2a2f6e850b88d8b206f465d810e1ad86ab
R52-C-75,R52-C-75__P2__huayi_sy3sy2_phase2_wgs1__plateau_2022-10-04D_014__W004,2,train,exogenous_alpha_wgs_xt,reference,1,dry_syngas_flow,137107.62623260543,59620.89819157542,-77486.72804103,0.04525601101805793,1,0.01187675280568446,0.11678594126405584,3765.268145799637,completed,poor,a2955d2a2f6e850b88d8b206f465d810e1ad86ab
R52-C-75,R52-C-75__P2__huayi_sy3sy2_phase2_wgs1__plateau_2022-10-04D_014__W005,2,train,exogenous_alpha_wgs_xt,reference,1,CO_dry_vol_pct,64.20861252399999,84.26844168603796,20.05982916203797,0.04176701182691348,1,0.01286648240960993,0.1213925952297336,3919.5151219666004,completed,poor,a2955d2a2f6e850b88d8b206f465d810e1ad86ab
R52-C-75,R52-C-75__P2__huayi_sy3sy2_phase2_wgs1__plateau_2022-10-04D_014__W005,2,train,exogenous_alpha_wgs_xt,reference,1,H2_dry_vol_pct,26.869355896,5.130130181687226e-20,-26.869355896,0.04176701182691348,1,0.01286648240960993,0.1213925952297336,3919.5151219666004,completed,poor,a2955d2a2f6e850b88d8b206f465d810e1ad86ab
R52-C-75,R52-C-75__P2__huayi_sy3sy2_phase2_wgs1__plateau_2022-10-04D_014__W005,2,train,exogenous_alpha_wgs_xt,reference,1,CO2_dry_vol_pct,8.1780794532,12.201391332325908,4.023311879125908,0.04176701182691348,1,0.01286648240960993,0.1213925952297336,3919.5151219666004,completed,poor,a2955d2a2f6e850b88d8b206f465d810e1ad86ab
R52-C-75,R52-C-75__P2__huayi_sy3sy2_phase2_wgs1__plateau_2022-10-04D_014__W005,2,train,exogenous_alpha_wgs_xt,reference,1,H2_CO_ratio,0.4184699967434793,6.08784270723878e-22,-0.4184699967434793,0.04176701182691348,1,0.01286648240960993,0.1213925952297336,3919.5151219666004,completed,poor,a2955d2a2f6e850b88d8b206f465d810e1ad86ab
R52-C-75,R52-C-75__P2__huayi_sy3sy2_phase2_wgs1__plateau_2022-10-04D_014__W005,2,train,exogenous_alpha_wgs_xt,reference,1,dry_syngas_flow,136958.8266320915,58510.30902025367,-78448.51761183784,0.04176701182691348,1,0.01286648240960993,0.1213925952297336,3919.5151219666004,completed,poor,a2955d2a2f6e850b88d8b206f465d810e1ad86ab
R52-C-75,R52-C-75__P2__huayi_sy3sy2_phase2_wgs1__plateau_2022-10-04D_014__W006,2,train,exogenous_alpha_wgs_xt,reference,1,CO_dry_vol_pct,64.23889594032256,84.19232702811291,19.95343108779035,0.04071309227190046,1,0.013058824964827118,0.1222771001445464,3960.3497243523598,completed,poor,a2955d2a2f6e850b88d8b206f465d810e1ad86ab
R52-C-75,R52-C-75__P2__huayi_sy3sy2_phase2_wgs1__plateau_2022-10-04D_014__W006,2,train,exogenous_alpha_wgs_xt,reference,1,H2_dry_vol_pct,26.971967490322577,1.1494682915922538e-23,-26.971967490322577,0.04071309227190046,1,0.013058824964827118,0.1222771001445464,3960.3497243523598,completed,poor,a2955d2a2f6e850b88d8b206f465d810e1ad86ab
R52-C-75,R52-C-75__P2__huayi_sy3sy2_phase2_wgs1__plateau_2022-10-04D_014__W006,2,train,exogenous_alpha_wgs_xt,reference,1,CO2_dry_vol_pct,8.020960229677419,12.242061737244669,4.2211015075672496,0.04071309227190046,1,0.013058824964827118,0.1222771001445464,3960.3497243523598,completed,poor,a2955d2a2f6e850b88d8b206f465d810e1ad86ab
R52-C-75,R52-C-75__P2__huayi_sy3sy2_phase2_wgs1__plateau_2022-10-04D_014__W006,2,train,exogenous_alpha_wgs_xt,reference,1,H2_CO_ratio,0.4198714725523487,1.3652886577281935e-25,-0.4198714725523487,0.04071309227190046,1,0.013058824964827118,0.1222771001445464,3960.3497243523598,completed,poor,a2955d2a2f6e850b88d8b206f465d810e1ad86ab
R52-C-75,R52-C-75__P2__huayi_sy3sy2_phase2_wgs1__plateau_2022-10-04D_014__W006,2,train,exogenous_alpha_wgs_xt,reference,1,dry_syngas_flow,138014.55801497906,58432.86814984937,-79581.6898651297,0.04071309227190046,1,0.013058824964827118,0.1222771001445464,3960.3497243523598,completed,poor,a2955d2a2f6e850b88d8b206f465d810e1ad86ab
R52-C-75,R52-C-75__P2__huayi_sy3sy2_phase2_wgs1__plateau_2022-10-04D_014__W007,2,train,exogenous_alpha_wgs_xt,reference,1,CO_dry_vol_pct,64.28587483466667,84.09474700215195,19.808872167485276,0.03990089862088417,1,0.01332533593330575,0.12348445495003287,3999.206545084715,completed,poor,a2955d2a2f6e850b88d8b206f465d810e1ad86ab
R52-C-75,R52-C-75__P2__huayi_sy3sy2_phase2_wgs1__plateau_2022-10-04D_014__W007,2,train,exogenous_alpha_wgs_xt,reference,1,H2_dry_vol_pct,27.031189353333332,1.1012629615998714e-17,-27.031189353333332,0.03990089862088417,1,0.01332533593330575,0.12348445495003287,3999.206545084715,completed,poor,a2955d2a2f6e850b88d8b206f465d810e1ad86ab
R52-C-75,R52-C-75__P2__huayi_sy3sy2_phase2_wgs1__plateau_2022-10-04D_014__W007,2,train,exogenous_alpha_wgs_xt,reference,1,CO2_dry_vol_pct,7.922596908,12.292614026895679,4.370017118895679,0.03990089862088417,1,0.01332533593330575,0.12348445495003287,3999.206545084715,completed,poor,a2955d2a2f6e850b88d8b206f465d810e1ad86ab
R52-C-75,R52-C-75__P2__huayi_sy3sy2_phase2_wgs1__plateau_2022-10-04D_014__W007,2,train,exogenous_alpha_wgs_xt,reference,1,H2_CO_ratio,0.4204840030686265,1.3095502404825483e-19,-0.4204840030686265,0.03990089862088417,1,0.01332533593330575,0.12348445495003287,3999.206545084715,completed,poor,a2955d2a2f6e850b88d8b206f465d810e1ad86ab
R52-C-75,R52-C-75__P2__huayi_sy3sy2_phase2_wgs1__plateau_2022-10-04D_014__W007,2,train,exogenous_alpha_wgs_xt,reference,1,dry_syngas_flow,137962.2690458604,58095.89857638406,-79866.37046947633,0.03990089862088417,1,0.01332533593330575,0.12348445495003287,3999.206545084715,completed,poor,a2955d2a2f6e850b88d8b206f465d810e1ad86ab
R52-C-75,R52-C-75__P2__huayi_sy3sy2_phase2_wgs1__shift_evening_handover_2022-10-04__W001,2,train,exogenous_alpha_wgs_xt,reference,1,CO_dry_vol_pct,63.95533421600001,84.19341004103794,20.238075825037924,0.04056192618585477,1,0.013031391500302702,0.12216071304019326,3963.486116707325,completed,poor,a2955d2a2f6e850b88d8b206f465d810e1ad86ab
R52-C-75,R52-C-75__P2__huayi_sy3sy2_phase2_wgs1__shift_evening_handover_2022-10-04__W001,2,train,exogenous_alpha_wgs_xt,reference,1,H2_dry_vol_pct,27.022433552000003,2.819790395760687e-20,-27.022433552000003,0.04056192618585477,1,0.013031391500302702,0.12216071304019326,3963.486116707325,completed,poor,a2955d2a2f6e850b88d8b206f465d810e1ad86ab
R52-C-75,R52-C-75__P2__huayi_sy3sy2_phase2_wgs1__shift_evening_handover_2022-10-04__W001,2,train,exogenous_alpha_wgs_xt,reference,1,CO2_dry_vol_pct,8.294790617066667,12.243335733251419,3.948545116184752,0.04056192618585477,1,0.013031391500302702,0.12216071304019326,3963.486116707325,completed,poor,a2955d2a2f6e850b88d8b206f465d810e1ad86ab
R52-C-75,R52-C-75__P2__huayi_sy3sy2_phase2_wgs1__shift_evening_handover_2022-10-04__W001,2,train,exogenous_alpha_wgs_xt,reference,1,H2_CO_ratio,0.4225216469759647,3.3491818354741207e-22,-0.4225216469759647,0.04056192618585477,1,0.013031391500302702,0.12216071304019326,3963.486116707325,completed,poor,a2955d2a2f6e850b88d8b206f465d810e1ad86ab
R52-C-75,R52-C-75__P2__huayi_sy3sy2_phase2_wgs1__shift_evening_handover_2022-10-04__W001,2,train,exogenous_alpha_wgs_xt,reference,1,dry_syngas_flow,136985.22233328418,58542.74481097544,-78442.47752230873,0.04056192618585477,1,0.013031391500302702,0.12216071304019326,3963.486116707325,completed,poor,a2955d2a2f6e850b88d8b206f465d810e1ad86ab
R52-C-75,R52-C-75__P2__huayi_sy3sy2_phase2_wgs1__plateau_2022-10-04N_015__W001,2,train,exogenous_alpha_wgs_xt,reference,1,CO_dry_vol_pct,63.30438717599999,84.25044644066622,20.946059264666232,0.04116740145869524,1,0.012858608555847395,0.1213765754237225,3936.920712918043,completed,poor,a2955d2a2f6e850b88d8b206f465d810e1ad86ab
R52-C-75,R52-C-75__P2__huayi_sy3sy2_phase2_wgs1__plateau_2022-10-04N_015__W001,2,train,exogenous_alpha_wgs_xt,reference,1,H2_dry_vol_pct,27.119593054666662,1.0147626612401442e-20,-27.119593054666662,0.04116740145869524,1,0.012858608555847395,0.1213765754237225,3936.920712918043,completed,poor,a2955d2a2f6e850b88d8b206f465d810e1ad86ab
R52-C-75,R52-C-75__P2__huayi_sy3sy2_phase2_wgs1__plateau_2022-10-04N_015__W001,2,train,exogenous_alpha_wgs_xt,reference,1,CO2_dry_vol_pct,8.849474387199999,12.214990042611522,3.3655156554115226,0.04116740145869524,1,0.012858608555847395,0.1213765754237225,3936.920712918043,completed,poor,a2955d2a2f6e850b88d8b206f465d810e1ad86ab
R52-C-75,R52-C-75__P2__huayi_sy3sy2_phase2_wgs1__plateau_2022-10-04N_015__W001,2,train,exogenous_alpha_wgs_xt,reference,1,H2_CO_ratio,0.4284019008760417,1.204459684323211e-22,-0.4284019008760417,0.04116740145869524,1,0.012858608555847395,0.1213765754237225,3936.920712918043,completed,poor,a2955d2a2f6e850b88d8b206f465d810e1ad86ab
R52-C-75,R52-C-75__P2__huayi_sy3sy2_phase2_wgs1__plateau_2022-10-04N_015__W001,2,train,exogenous_alpha_wgs_xt,reference,1,dry_syngas_flow,136438.9415913955,58725.5122559238,-77713.42933547171,0.04116740145869524,1,0.012858608555847395,0.1213765754237225,3936.920712918043,completed,poor,a2955d2a2f6e850b88d8b206f465d810e1ad86ab
R52-C-75,R52-C-75__P2__huayi_sy3sy2_phase2_wgs1__plateau_2022-10-04N_015__W002,2,train,exogenous_alpha_wgs_xt,reference,1,CO_dry_vol_pct,63.05726098,84.35623792566743,21.298976945667427,0.04242846101419124,1,0.012588756882386972,0.1201252969646411,3885.3519977629185,completed,poor,a2955d2a2f6e850b88d8b206f465d810e1ad86ab
R52-C-75,R52-C-75__P2__huayi_sy3sy2_phase2_wgs1__plateau_2022-10-04N_015__W002,2,train,exogenous_alpha_wgs_xt,reference,1,H2_dry_vol_pct,27.199118130666665,2.9363716780136846e-19,-27.199118130666665,0.04242846101419124,1,0.012588756882386972,0.1201252969646411,3885.3519977629185,completed,poor,a2955d2a2f6e850b88d8b206f465d810e1ad86ab
R52-C-75,R52-C-75__P2__huayi_sy3sy2_phase2_wgs1__plateau_2022-10-04N_015__W002,2,train,exogenous_alpha_wgs_xt,reference,1,CO2_dry_vol_pct,9.027923212,12.158600610956181,3.1306773989561822,0.04242846101419124,1,0.012588756882386972,0.1201252969646411,3885.3519977629185,completed,poor,a2955d2a2f6e850b88d8b206f465d810e1ad86ab
R52-C-75,R52-C-75__P2__huayi_sy3sy2_phase2_wgs1__plateau_2022-10-04N_015__W002,2,train,exogenous_alpha_wgs_xt,reference,1,H2_CO_ratio,0.4313427709575747,3.480918246497835e-21,-0.4313427709575747,0.04242846101419124,1,0.012588756882386972,0.1201252969646411,3885.3519977629185,completed,poor,a2955d2a2f6e850b88d8b206f465d810e1ad86ab
R52-C-75,R52-C-75__P2__huayi_sy3sy2_phase2_wgs1__plateau_2022-10-04N_015__W002,2,train,exogenous_alpha_wgs_xt,reference,1,dry_syngas_flow,136165.5469457938,58922.58454618603,-77242.96239960776,0.04242846101419124,1,0.012588756882386972,0.1201252969646411,3885.3519977629185,completed,poor,a2955d2a2f6e850b88d8b206f465d810e1ad86ab
R52-C-75,R52-C-75__P2__huayi_sy3sy2_phase2_wgs1__plateau_2022-10-04N_015__W003,2,train,exogenous_alpha_wgs_xt,reference,1,CO_dry_vol_pct,63.00144242933334,84.2807247244014,21.279282295068057,0.04172719332264451,1,0.012822623431654122,0.12119485059384068,3918.042193621397,completed,poor,a2955d2a2f6e850b88d8b206f465d810e1ad86ab
R52-C-75,R52-C-75__P2__huayi_sy3sy2_phase2_wgs1__plateau_2022-10-04N_015__W003,2,train,exogenous_alpha_wgs_xt,reference,1,H2_dry_vol_pct,27.057765898666663,8.97394767692678e-20,-27.057765898666663,0.04172719332264451,1,0.012822623431654122,0.12119485059384068,3918.042193621397,completed,poor,a2955d2a2f6e850b88d8b206f465d810e1ad86ab
R52-C-75,R52-C-75__P2__huayi_sy3sy2_phase2_wgs1__plateau_2022-10-04N_015__W003,2,train,exogenous_alpha_wgs_xt,reference,1,CO2_dry_vol_pct,9.223344497866664,12.195766634794,2.972422136927335,0.04172719332264451,1,0.012822623431654122,0.12119485059384068,3918.042193621397,completed,poor,a2955d2a2f6e850b88d8b206f465d810e1ad86ab
R52-C-75,R52-C-75__P2__huayi_sy3sy2_phase2_wgs1__plateau_2022-10-04N_015__W003,2,train,exogenous_alpha_wgs_xt,reference,1,H2_CO_ratio,0.4294829425397182,1.0647686889584369e-21,-0.4294829425397182,0.04172719332264451,1,0.012822623431654122,0.12119485059384068,3918.042193621397,completed,poor,a2955d2a2f6e850b88d8b206f465d810e1ad86ab
R52-C-75,R52-C-75__P2__huayi_sy3sy2_phase2_wgs1__plateau_2022-10-04N_015__W003,2,train,exogenous_alpha_wgs_xt,reference,1,dry_syngas_flow,135379.51044617285,58627.87886267467,-76751.63158349818,0.04172719332264451,1,0.012822623431654122,0.12119485059384068,3918.042193621397,completed,poor,a2955d2a2f6e850b88d8b206f465d810e1ad86ab
R52-C-75,R52-C-75__P2__huayi_sy3sy2_phase2_wgs1__plateau_2022-10-04N_015__W004,2,train,exogenous_alpha_wgs_xt,reference,1,CO_dry_vol_pct,63.32038515466667,84.20434848416448,20.883963329497817,0.0406683992854468,1,0.013023159666240727,0.1221155705285263,3959.2445125877857,completed,poor,a2955d2a2f6e850b88d8b206f465d810e1ad86ab
R52-C-75,R52-C-75__P2__huayi_sy3sy2_phase2_wgs1__plateau_2022-10-04N_015__W004,2,train,exogenous_alpha_wgs_xt,reference,1,H2_dry_vol_pct,27.17390028133333,1.561554775701219e-21,-27.17390028133333,0.0406683992854468,1,0.013023159666240727,0.1221155705285263,3959.2445125877857,completed,poor,a2955d2a2f6e850b88d8b206f465d810e1ad86ab
R52-C-75,R52-C-75__P2__huayi_sy3sy2_phase2_wgs1__plateau_2022-10-04N_015__W004,2,train,exogenous_alpha_wgs_xt,reference,1,CO2_dry_vol_pct,8.780865,12.236026866348293,3.455161866348293,0.0406683992854468,1,0.013023159666240727,0.1221155705285263,3959.2445125877857,completed,poor,a2955d2a2f6e850b88d8b206f465d810e1ad86ab
R52-C-75,R52-C-75__P2__huayi_sy3sy2_phase2_wgs1__plateau_2022-10-04N_015__W004,2,train,exogenous_alpha_wgs_xt,reference,1,H2_CO_ratio,0.4291482415177123,1.8544823442163273e-23,-0.4291482415177123,0.0406683992854468,1,0.013023159666240727,0.1221155705285263,3959.2445125877857,completed,poor,a2955d2a2f6e850b88d8b206f465d810e1ad86ab
R52-C-75,R52-C-75__P2__huayi_sy3sy2_phase2_wgs1__plateau_2022-10-04N_015__W004,2,train,exogenous_alpha_wgs_xt,reference,1,dry_syngas_flow,136097.4296672341,58535.66661783595,-77561.76304939814,0.0406683992854468,1,0.013023159666240727,0.1221155705285263,3959.2445125877857,completed,poor,a2955d2a2f6e850b88d8b206f465d810e1ad86ab
R52-C-75,R52-C-75__P2__huayi_sy3sy2_phase2_wgs1__plateau_2022-10-04N_015__W005,2,train,exogenous_alpha_wgs_xt,reference,1,CO_dry_vol_pct,63.543653376,84.21080251803328,20.667149142033274,0.04087724047559715,1,0.013010359491455502,0.12205546130143903,3952.7719226777554,completed,poor,a2955d2a2f6e850b88d8b206f465d810e1ad86ab
R52-C-75,R52-C-75__P2__huayi_sy3sy2_phase2_wgs1__plateau_2022-10-04N_015__W005,2,train,exogenous_alpha_wgs_xt,reference,1,H2_dry_vol_pct,27.304421864,6.815823754880983e-18,-27.304421864,0.04087724047559715,1,0.013010359491455502,0.12205546130143903,3952.7719226777554,completed,poor,a2955d2a2f6e850b88d8b206f465d810e1ad86ab
R52-C-75,R52-C-75__P2__huayi_sy3sy2_phase2_wgs1__plateau_2022-10-04N_015__W005,2,train,exogenous_alpha_wgs_xt,reference,1,CO2_dry_vol_pct,8.419400267599999,12.232313405629947,3.8129131380299484,0.04087724047559715,1,0.013010359491455502,0.12205546130143903,3952.7719226777554,completed,poor,a2955d2a2f6e850b88d8b206f465d810e1ad86ab
R52-C-75,R52-C-75__P2__huayi_sy3sy2_phase2_wgs1__plateau_2022-10-04N_015__W005,2,train,exogenous_alpha_wgs_xt,reference,1,H2_CO_ratio,0.429698429843257,8.093764162170776e-20,-0.429698429843257,0.04087724047559715,1,0.013010359491455502,0.12205546130143903,3952.7719226777554,completed,poor,a2955d2a2f6e850b88d8b206f465d810e1ad86ab
R52-C-75,R52-C-75__P2__huayi_sy3sy2_phase2_wgs1__plateau_2022-10-04N_015__W005,2,train,exogenous_alpha_wgs_xt,reference,1,dry_syngas_flow,136709.4465008859,58489.99077779879,-78219.45572308713,0.04087724047559715,1,0.013010359491455502,0.12205546130143903,3952.7719226777554,completed,poor,a2955d2a2f6e850b88d8b206f465d810e1ad86ab
R52-C-75,R52-C-75__P2__huayi_sy3sy2_phase2_wgs1__plateau_2022-10-04N_015__W006,2,train,exogenous_alpha_wgs_xt,reference,1,CO_dry_vol_pct,63.06391252933333,84.07548117646488,21.011568647131547,0.039671939431724645,1,0.013414316899503226,0.12387233259979413,4009.5042640566826,completed,poor,a2955d2a2f6e850b88d8b206f465d810e1ad86ab
R52-C-75,R52-C-75__P2__huayi_sy3sy2_phase2_wgs1__plateau_2022-10-04N_015__W006,2,train,exogenous_alpha_wgs_xt,reference,1,H2_dry_vol_pct,27.09497532266667,1.973928553264712e-20,-27.09497532266667,0.039671939431724645,1,0.013414316899503226,0.12387233259979413,4009.5042640566826,completed,poor,a2955d2a2f6e850b88d8b206f465d810e1ad86ab
R52-C-75,R52-C-75__P2__huayi_sy3sy2_phase2_wgs1__plateau_2022-10-04N_015__W006,2,train,exogenous_alpha_wgs_xt,reference,1,CO2_dry_vol_pct,9.135209407066666,12.2998996755634,3.1646902684967344,0.039671939431724645,1,0.013414316899503226,0.12387233259979413,4009.5042640566826,completed,poor,a2955d2a2f6e850b88d8b206f465d810e1ad86ab
R52-C-75,R52-C-75__P2__huayi_sy3sy2_phase2_wgs1__plateau_2022-10-04N_015__W006,2,train,exogenous_alpha_wgs_xt,reference,1,H2_CO_ratio,0.42964522021633,2.3478052407712783e-22,-0.42964522021633,0.039671939431724645,1,0.013414316899503226,0.12387233259979413,4009.5042640566826,completed,poor,a2955d2a2f6e850b88d8b206f465d810e1ad86ab
R52-C-75,R52-C-75__P2__huayi_sy3sy2_phase2_wgs1__plateau_2022-10-04N_015__W006,2,train,exogenous_alpha_wgs_xt,reference,1,dry_syngas_flow,135373.84053857613,57991.259003215644,-77382.58153536048,0.039671939431724645,1,0.013414316899503226,0.12387233259979413,4009.5042640566826,completed,poor,a2955d2a2f6e850b88d8b206f465d810e1ad86ab
R52-C-75,R52-C-75__P2__huayi_sy3sy2_phase2_wgs1__plateau_2022-10-04N_015__W007,2,train,exogenous_alpha_wgs_xt,reference,1,CO_dry_vol_pct,63.40651193066666,84.20047471244452,20.793962781777857,0.04103090089287718,1,0.01306724346771543,0.1223047280934522,3951.3473103046417,completed,poor,a2955d2a2f6e850b88d8b206f465d810e1ad86ab
R52-C-75,R52-C-75__P2__huayi_sy3sy2_phase2_wgs1__plateau_2022-10-04N_015__W007,2,train,exogenous_alpha_wgs_xt,reference,1,H2_dry_vol_pct,27.24397371866667,7.967635544084513e-20,-27.24397371866667,0.04103090089287718,1,0.01306724346771543,0.1223047280934522,3951.3473103046417,completed,poor,a2955d2a2f6e850b88d8b206f465d810e1ad86ab
R52-C-75,R52-C-75__P2__huayi_sy3sy2_phase2_wgs1__plateau_2022-10-04N_015__W007,2,train,exogenous_alpha_wgs_xt,reference,1,CO2_dry_vol_pct,8.618603513333335,12.235562396067252,3.6169588827339165,0.04103090089287718,1,0.01306724346771543,0.1223047280934522,3951.3473103046417,completed,poor,a2955d2a2f6e850b88d8b206f465d810e1ad86ab
R52-C-75,R52-C-75__P2__huayi_sy3sy2_phase2_wgs1__plateau_2022-10-04N_015__W007,2,train,exogenous_alpha_wgs_xt,reference,1,H2_CO_ratio,0.4296749691764259,9.462696702477054e-22,-0.4296749691764259,0.04103090089287718,1,0.01306724346771543,0.1223047280934522,3951.3473103046417,completed,poor,a2955d2a2f6e850b88d8b206f465d810e1ad86ab
R52-C-75,R52-C-75__P2__huayi_sy3sy2_phase2_wgs1__plateau_2022-10-04N_015__W007,2,train,exogenous_alpha_wgs_xt,reference,1,dry_syngas_flow,136340.52017777457,58309.58926902903,-78030.93090874553,0.04103090089287718,1,0.01306724346771543,0.1223047280934522,3951.3473103046417,completed,poor,a2955d2a2f6e850b88d8b206f465d810e1ad86ab
R52-C-75,R52-C-75__P3__huayi_sy3sy2_phase3_wgs1__shift_morning_handover_2022-10-06__W001,3,validation,exogenous_alpha_wgs_xt,reference,1,CO_dry_vol_pct,63.07712628266666,86.40360592305308,23.326479640386417,0.04647196543366835,1,0.011701148613905624,0.11561417089232938,3628.858358502388,completed,poor,a2955d2a2f6e850b88d8b206f465d810e1ad86ab
R52-C-75,R52-C-75__P3__huayi_sy3sy2_phase3_wgs1__shift_morning_handover_2022-10-06__W001,3,validation,exogenous_alpha_wgs_xt,reference,1,H2_dry_vol_pct,26.86354134933333,2.0555586031309794e-21,-26.86354134933333,0.04647196543366835,1,0.011701148613905624,0.11561417089232938,3628.858358502388,completed,poor,a2955d2a2f6e850b88d8b206f465d810e1ad86ab
R52-C-75,R52-C-75__P3__huayi_sy3sy2_phase3_wgs1__shift_morning_handover_2022-10-06__W001,3,validation,exogenous_alpha_wgs_xt,reference,1,CO2_dry_vol_pct,9.359796498800002,10.340567009786461,0.98077051098646,0.04647196543366835,1,0.011701148613905624,0.11561417089232938,3628.858358502388,completed,poor,a2955d2a2f6e850b88d8b206f465d810e1ad86ab
R52-C-75,R52-C-75__P3__huayi_sy3sy2_phase3_wgs1__shift_morning_handover_2022-10-06__W001,3,validation,exogenous_alpha_wgs_xt,reference,1,H2_CO_ratio,0.4258841388279248,2.379019464721833e-23,-0.4258841388279248,0.04647196543366835,1,0.011701148613905624,0.11561417089232938,3628.858358502388,completed,poor,a2955d2a2f6e850b88d8b206f465d810e1ad86ab
R52-C-75,R52-C-75__P3__huayi_sy3sy2_phase3_wgs1__shift_morning_handover_2022-10-06__W001,3,validation,exogenous_alpha_wgs_xt,reference,1,dry_syngas_flow,134337.62353142304,60370.278954553236,-73967.3445768698,0.04647196543366835,1,0.011701148613905624,0.11561417089232938,3628.858358502388,completed,poor,a2955d2a2f6e850b88d8b206f465d810e1ad86ab
R52-C-75,R52-C-75__P3__huayi_sy3sy2_phase3_wgs1__plateau_2022-10-06D_007__W001,3,validation,exogenous_alpha_wgs_xt,reference,1,CO_dry_vol_pct,62.91219163599999,86.36890268043406,23.456711044434073,0.046283193517209484,1,0.01181149551010979,0.11613898408961884,3639.984994918108,completed,poor,a2955d2a2f6e850b88d8b206f465d810e1ad86ab
R52-C-75,R52-C-75__P3__huayi_sy3sy2_phase3_wgs1__plateau_2022-10-06D_007__W001,3,validation,exogenous_alpha_wgs_xt,reference,1,H2_dry_vol_pct,26.434633410666667,1.4824518326430268e-18,-26.434633410666667,0.046283193517209484,1,0.01181149551010979,0.11613898408961884,3639.984994918108,completed,poor,a2955d2a2f6e850b88d8b206f465d810e1ad86ab
R52-C-75,R52-C-75__P3__huayi_sy3sy2_phase3_wgs1__plateau_2022-10-06D_007__W001,3,validation,exogenous_alpha_wgs_xt,reference,1,CO2_dry_vol_pct,9.9455628,10.356855645071155,0.4112928450711557,0.046283193517209484,1,0.01181149551010979,0.11613898408961884,3639.984994918108,completed,poor,a2955d2a2f6e850b88d8b206f465d810e1ad86ab
R52-C-75,R52-C-75__P3__huayi_sy3sy2_phase3_wgs1__plateau_2022-10-06D_007__W001,3,validation,exogenous_alpha_wgs_xt,reference,1,H2_CO_ratio,0.4201718522157012,1.7164185101761865e-20,-0.4201718522157012,0.046283193517209484,1,0.01181149551010979,0.11613898408961884,3639.984994918108,completed,poor,a2955d2a2f6e850b88d8b206f465d810e1ad86ab
R52-C-75,R52-C-75__P3__huayi_sy3sy2_phase3_wgs1__plateau_2022-10-06D_007__W001,3,validation,exogenous_alpha_wgs_xt,reference,1,dry_syngas_flow,131960.96298284738,60143.50081580008,-71817.46216704731,0.046283193517209484,1,0.01181149551010979,0.11613898408961884,3639.984994918108,completed,poor,a2955d2a2f6e850b88d8b206f465d810e1ad86ab
R52-C-75,R52-C-75__P3__huayi_sy3sy2_phase3_wgs1__plateau_2022-10-06D_007__W002,3,validation,exogenous_alpha_wgs_xt,reference,1,CO_dry_vol_pct,63.754372190666665,86.79789544054596,23.043523249879293,0.051728421394780136,1,0.010497652519071473,0.10970925955742873,3426.148085385561,completed,poor,a2955d2a2f6e850b88d8b206f465d810e1ad86ab
R52-C-75,R52-C-75__P3__huayi_sy3sy2_phase3_wgs1__plateau_2022-10-06D_007__W002,3,validation,exogenous_alpha_wgs_xt,reference,1,H2_dry_vol_pct,26.66782492533333,1.733323046354506e-17,-26.66782492533333,0.051728421394780136,1,0.010497652519071473,0.10970925955742873,3426.148085385561,completed,poor,a2955d2a2f6e850b88d8b206f465d810e1ad86ab
R52-C-75,R52-C-75__P3__huayi_sy3sy2_phase3_wgs1__plateau_2022-10-06D_007__W002,3,validation,exogenous_alpha_wgs_xt,reference,1,CO2_dry_vol_pct,8.835336828266666,10.150872058795864,1.315535230529198,0.051728421394780136,1,0.010497652519071473,0.10970925955742873,3426.148085385561,completed,poor,a2955d2a2f6e850b88d8b206f465d810e1ad86ab
R52-C-75,R52-C-75__P3__huayi_sy3sy2_phase3_wgs1__plateau_2022-10-06D_007__W002,3,validation,exogenous_alpha_wgs_xt,reference,1,H2_CO_ratio,0.4182971566880049,1.9969643705725354e-19,-0.4182971566880049,0.051728421394780136,1,0.010497652519071473,0.10970925955742873,3426.148085385561,completed,poor,a2955d2a2f6e850b88d8b206f465d810e1ad86ab
R52-C-75,R52-C-75__P3__huayi_sy3sy2_phase3_wgs1__plateau_2022-10-06D_007__W002,3,validation,exogenous_alpha_wgs_xt,reference,1,dry_syngas_flow,135874.60175590846,61656.510460974845,-74218.0912949336,0.051728421394780136,1,0.010497652519071473,0.10970925955742873,3426.148085385561,completed,poor,a2955d2a2f6e850b88d8b206f465d810e1ad86ab
R52-C-75,R52-C-75__P3__huayi_sy3sy2_phase3_wgs1__plateau_2022-10-06D_008__W001,3,validation,exogenous_alpha_wgs_xt,reference,1,CO_dry_vol_pct,63.853599986666666,86.64379081452225,22.790190827855582,0.0501698818772149,1,0.011000170482932406,0.11220123677822186,3494.1905952990055,completed,poor,a2955d2a2f6e850b88d8b206f465d810e1ad86ab
R52-C-75,R52-C-75__P3__huayi_sy3sy2_phase3_wgs1__plateau_2022-10-06D_008__W001,3,validation,exogenous_alpha_wgs_xt,reference,1,H2_dry_vol_pct,26.517612319999994,6.322858789650392e-21,-26.517612319999994,0.0501698818772149,1,0.011000170482932406,0.11220123677822186,3494.1905952990055,completed,poor,a2955d2a2f6e850b88d8b206f465d810e1ad86ab
R52-C-75,R52-C-75__P3__huayi_sy3sy2_phase3_wgs1__plateau_2022-10-06D_008__W001,3,validation,exogenous_alpha_wgs_xt,reference,1,CO2_dry_vol_pct,8.9145837584,10.222515258190661,1.3079314997906621,0.0501698818772149,1,0.011000170482932406,0.11220123677822186,3494.1905952990055,completed,poor,a2955d2a2f6e850b88d8b206f465d810e1ad86ab
R52-C-75,R52-C-75__P3__huayi_sy3sy2_phase3_wgs1__plateau_2022-10-06D_008__W001,3,validation,exogenous_alpha_wgs_xt,reference,1,H2_CO_ratio,0.415288680405837,7.29753249507018e-23,-0.415288680405837,0.0501698818772149,1,0.011000170482932406,0.11220123677822186,3494.1905952990055,completed,poor,a2955d2a2f6e850b88d8b206f465d810e1ad86ab
R52-C-75,R52-C-75__P3__huayi_sy3sy2_phase3_wgs1__plateau_2022-10-06D_008__W001,3,validation,exogenous_alpha_wgs_xt,reference,1,dry_syngas_flow,134121.55277157546,60849.574091665316,-73271.97867991014,0.0501698818772149,1,0.011000170482932406,0.11220123677822186,3494.1905952990055,completed,poor,a2955d2a2f6e850b88d8b206f465d810e1ad86ab
R52-C-75,R52-C-75__P3__huayi_sy3sy2_phase3_wgs1__plateau_2022-10-06D_008__W002,3,validation,exogenous_alpha_wgs_xt,reference,1,CO_dry_vol_pct,63.81669654769232,86.89282792225814,23.07613137456582,0.05347520166853292,1,0.010237575610800494,0.10837978123156132,3366.494285836816,completed,poor,a2955d2a2f6e850b88d8b206f465d810e1ad86ab
R52-C-75,R52-C-75__P3__huayi_sy3sy2_phase3_wgs1__plateau_2022-10-06D_008__W002,3,validation,exogenous_alpha_wgs_xt,reference,1,H2_dry_vol_pct,26.535925223076926,1.3437787490738207e-20,-26.535925223076926,0.05347520166853292,1,0.010237575610800494,0.10837978123156132,3366.494285836816,completed,poor,a2955d2a2f6e850b88d8b206f465d810e1ad86ab
R52-C-75,R52-C-75__P3__huayi_sy3sy2_phase3_wgs1__plateau_2022-10-06D_008__W002,3,validation,exogenous_alpha_wgs_xt,reference,1,CO2_dry_vol_pct,8.936552717999998,10.102597746329824,1.166045028329826,0.05347520166853292,1,0.010237575610800494,0.10837978123156132,3366.494285836816,completed,poor,a2955d2a2f6e850b88d8b206f465d810e1ad86ab
R52-C-75,R52-C-75__P3__huayi_sy3sy2_phase3_wgs1__plateau_2022-10-06D_008__W002,3,validation,exogenous_alpha_wgs_xt,reference,1,H2_CO_ratio,0.4158141698900238,1.5464783241674234e-22,-0.4158141698900238,0.05347520166853292,1,0.010237575610800494,0.10837978123156132,3366.494285836816,completed,poor,a2955d2a2f6e850b88d8b206f465d810e1ad86ab
R52-C-75,R52-C-75__P3__huayi_sy3sy2_phase3_wgs1__plateau_2022-10-06D_008__W002,3,validation,exogenous_alpha_wgs_xt,reference,1,dry_syngas_flow,133308.63133560153,61710.183375176035,-71598.44796042549,0.05347520166853292,1,0.010237575610800494,0.10837978123156132,3366.494285836816,completed,poor,a2955d2a2f6e850b88d8b206f465d810e1ad86ab
R52-C-75,R52-C-75__P3__huayi_sy3sy2_phase3_wgs1__plateau_2022-10-06D_008__W003,3,validation,exogenous_alpha_wgs_xt,reference,1,CO_dry_vol_pct,63.5154361625,86.78288021917918,23.267444056679174,0.051735677753721655,1,0.01053765077171243,0.10991272180378568,3428.7026129215956,completed,poor,a2955d2a2f6e850b88d8b206f465d810e1ad86ab
R52-C-75,R52-C-75__P3__huayi_sy3sy2_phase3_wgs1__plateau_2022-10-06D_008__W003,3,validation,exogenous_alpha_wgs_xt,reference,1,H2_dry_vol_pct,26.49120874444445,1.542233413556026e-17,-26.49120874444445,0.051735677753721655,1,0.01053765077171243,0.10991272180378568,3428.7026129215956,completed,poor,a2955d2a2f6e850b88d8b206f465d810e1ad86ab
R52-C-75,R52-C-75__P3__huayi_sy3sy2_phase3_wgs1__plateau_2022-10-06D_008__W003,3,validation,exogenous_alpha_wgs_xt,reference,1,CO2_dry_vol_pct,9.279453070833334,10.158590301595122,0.8791372307617884,0.051735677753721655,1,0.01053765077171243,0.10991272180378568,3428.7026129215956,completed,poor,a2955d2a2f6e850b88d8b206f465d810e1ad86ab
R52-C-75,R52-C-75__P3__huayi_sy3sy2_phase3_wgs1__plateau_2022-10-06D_008__W003,3,validation,exogenous_alpha_wgs_xt,reference,1,H2_CO_ratio,0.4170886921523589,1.7771171107261653e-19,-0.4170886921523589,0.051735677753721655,1,0.01053765077171243,0.10991272180378568,3428.7026129215956,completed,poor,a2955d2a2f6e850b88d8b206f465d810e1ad86ab
R52-C-75,R52-C-75__P3__huayi_sy3sy2_phase3_wgs1__plateau_2022-10-06D_008__W003,3,validation,exogenous_alpha_wgs_xt,reference,1,dry_syngas_flow,133376.4278806256,61527.7365074497,-71848.69137317588,0.051735677753721655,1,0.01053765077171243,0.10991272180378568,3428.7026129215956,completed,poor,a2955d2a2f6e850b88d8b206f465d810e1ad86ab
R52-C-75,R52-C-75__P3__huayi_sy3sy2_phase3_wgs1__plateau_2022-10-06D_008__W004,3,validation,exogenous_alpha_wgs_xt,reference,1,CO_dry_vol_pct,63.57969426533334,86.83195099483373,23.252256729500395,0.052100984950519603,1,0.010380419128927084,0.10912189839004355,3410.167003557086,completed,poor,a2955d2a2f6e850b88d8b206f465d810e1ad86ab
R52-C-75,R52-C-75__P3__huayi_sy3sy2_phase3_wgs1__plateau_2022-10-06D_008__W004,3,validation,exogenous_alpha_wgs_xt,reference,1,H2_dry_vol_pct,26.74104287066667,1.7883113044068252e-22,-26.74104287066667,0.052100984950519603,1,0.010380419128927084,0.10912189839004355,3410.167003557086,completed,poor,a2955d2a2f6e850b88d8b206f465d810e1ad86ab
R52-C-75,R52-C-75__P3__huayi_sy3sy2_phase3_wgs1__plateau_2022-10-06D_008__W004,3,validation,exogenous_alpha_wgs_xt,reference,1,CO2_dry_vol_pct,8.956267522666668,10.13555127628834,1.1792837536216716,0.052100984950519603,1,0.010380419128927084,0.10912189839004355,3410.167003557086,completed,poor,a2955d2a2f6e850b88d8b206f465d810e1ad86ab
R52-C-75,R52-C-75__P3__huayi_sy3sy2_phase3_wgs1__plateau_2022-10-06D_008__W004,3,validation,exogenous_alpha_wgs_xt,reference,1,H2_CO_ratio,0.4205863022749198,2.05950837671864e-24,-0.4205863022749198,0.052100984950519603,1,0.010380419128927084,0.10912189839004355,3410.167003557086,completed,poor,a2955d2a2f6e850b88d8b206f465d810e1ad86ab
R52-C-75,R52-C-75__P3__huayi_sy3sy2_phase3_wgs1__plateau_2022-10-06D_008__W004,3,validation,exogenous_alpha_wgs_xt,reference,1,dry_syngas_flow,135419.98943085957,61843.20819284247,-73576.78123801711,0.052100984950519603,1,0.010380419128927084,0.10912189839004355,3410.167003557086,completed,poor,a2955d2a2f6e850b88d8b206f465d810e1ad86ab
R52-C-75,R52-C-75__P3__huayi_sy3sy2_phase3_wgs1__shift_evening_handover_2022-10-06__W001,3,validation,exogenous_alpha_wgs_xt,reference,1,CO_dry_vol_pct,63.44894384799999,86.12846715925532,22.67952331125533,0.04329751223614231,1,0.012575166793141322,0.11970763300699222,3758.3363711237907,completed,poor,a2955d2a2f6e850b88d8b206f465d810e1ad86ab
R52-C-75,R52-C-75__P3__huayi_sy3sy2_phase3_wgs1__shift_evening_handover_2022-10-06__W001,3,validation,exogenous_alpha_wgs_xt,reference,1,H2_dry_vol_pct,26.788322192000003,3.804534861922361e-19,-26.788322192000003,0.04329751223614231,1,0.012575166793141322,0.11970763300699222,3758.3363711237907,completed,poor,a2955d2a2f6e850b88d8b206f465d810e1ad86ab
R52-C-75,R52-C-75__P3__huayi_sy3sy2_phase3_wgs1__shift_evening_handover_2022-10-06__W001,3,validation,exogenous_alpha_wgs_xt,reference,1,CO2_dry_vol_pct,9.0302085228,10.469492939200551,1.4392844164005503,0.04329751223614231,1,0.012575166793141322,0.11970763300699222,3758.3363711237907,completed,poor,a2955d2a2f6e850b88d8b206f465d810e1ad86ab
R52-C-75,R52-C-75__P3__huayi_sy3sy2_phase3_wgs1__shift_evening_handover_2022-10-06__W001,3,validation,exogenous_alpha_wgs_xt,reference,1,H2_CO_ratio,0.4222046685309872,4.4172791963052226e-21,-0.4222046685309872,0.04329751223614231,1,0.012575166793141322,0.11970763300699222,3758.3363711237907,completed,poor,a2955d2a2f6e850b88d8b206f465d810e1ad86ab
R52-C-75,R52-C-75__P3__huayi_sy3sy2_phase3_wgs1__shift_evening_handover_2022-10-06__W001,3,validation,exogenous_alpha_wgs_xt,reference,1,dry_syngas_flow,135140.453213659,59301.41858350705,-75839.03463015195,0.04329751223614231,1,0.012575166793141322,0.11970763300699222,3758.3363711237907,completed,poor,a2955d2a2f6e850b88d8b206f465d810e1ad86ab
R52-C-75,R52-C-75__P3__huayi_sy3sy2_phase3_wgs1__plateau_2022-10-06N_009__W001,3,validation,exogenous_alpha_wgs_xt,reference,1,CO_dry_vol_pct,63.505468836,85.55791552173912,22.05244668573912,0.03974577505476387,1,0.014524230319672225,0.12832202548518631,3949.172104150057,completed,poor,a2955d2a2f6e850b88d8b206f465d810e1ad86ab
R52-C-75,R52-C-75__P3__huayi_sy3sy2_phase3_wgs1__plateau_2022-10-06N_009__W001,3,validation,exogenous_alpha_wgs_xt,reference,1,H2_dry_vol_pct,26.893257156,7.743224805684336e-20,-26.893257156,0.03974577505476387,1,0.014524230319672225,0.12832202548518631,3949.172104150057,completed,poor,a2955d2a2f6e850b88d8b206f465d810e1ad86ab
R52-C-75,R52-C-75__P3__huayi_sy3sy2_phase3_wgs1__plateau_2022-10-06N_009__W001,3,validation,exogenous_alpha_wgs_xt,reference,1,CO2_dry_vol_pct,8.874796975066667,10.723922475962112,1.849125500895445,0.03974577505476387,1,0.014524230319672225,0.12832202548518631,3949.172104150057,completed,poor,a2955d2a2f6e850b88d8b206f465d810e1ad86ab
R52-C-75,R52-C-75__P3__huayi_sy3sy2_phase3_wgs1__plateau_2022-10-06N_009__W001,3,validation,exogenous_alpha_wgs_xt,reference,1,H2_CO_ratio,0.423478054206208,9.05027285724006e-22,-0.423478054206208,0.03974577505476387,1,0.014524230319672225,0.12832202548518631,3949.172104150057,completed,poor,a2955d2a2f6e850b88d8b206f465d810e1ad86ab
R52-C-75,R52-C-75__P3__huayi_sy3sy2_phase3_wgs1__plateau_2022-10-06N_009__W001,3,validation,exogenous_alpha_wgs_xt,reference,1,dry_syngas_flow,131907.59827649317,55992.61111038905,-75914.98716610411,0.03974577505476387,1,0.014524230319672225,0.12832202548518631,3949.172104150057,completed,poor,a2955d2a2f6e850b88d8b206f465d810e1ad86ab
R52-C-75,R52-C-75__P3__huayi_sy3sy2_phase3_wgs1__plateau_2022-10-06N_009__W002,3,validation,exogenous_alpha_wgs_xt,reference,1,CO_dry_vol_pct,63.26050072933334,85.58953061000108,22.32902988066774,0.039913730386892186,1,0.014402605825664543,0.12780533471617414,3939.349083840847,completed,poor,a2955d2a2f6e850b88d8b206f465d810e1ad86ab
R52-C-75,R52-C-75__P3__huayi_sy3sy2_phase3_wgs1__plateau_2022-10-06N_009__W002,3,validation,exogenous_alpha_wgs_xt,reference,1,H2_dry_vol_pct,26.963837829333336,1.9503038136371965e-20,-26.963837829333336,0.039913730386892186,1,0.014402605825664543,0.12780533471617414,3939.349083840847,completed,poor,a2955d2a2f6e850b88d8b206f465d810e1ad86ab
R52-C-75,R52-C-75__P3__huayi_sy3sy2_phase3_wgs1__plateau_2022-10-06N_009__W002,3,validation,exogenous_alpha_wgs_xt,reference,1,CO2_dry_vol_pct,9.047495996,10.710949621273937,1.6634536252739363,0.039913730386892186,1,0.014402605825664543,0.12780533471617414,3939.349083840847,completed,poor,a2955d2a2f6e850b88d8b206f465d810e1ad86ab
R52-C-75,R52-C-75__P3__huayi_sy3sy2_phase3_wgs1__plateau_2022-10-06N_009__W002,3,validation,exogenous_alpha_wgs_xt,reference,1,H2_CO_ratio,0.4262355706231905,2.27867100069048e-22,-0.4262355706231905,0.039913730386892186,1,0.014402605825664543,0.12780533471617414,3939.349083840847,completed,poor,a2955d2a2f6e850b88d8b206f465d810e1ad86ab
R52-C-75,R52-C-75__P3__huayi_sy3sy2_phase3_wgs1__plateau_2022-10-06N_009__W002,3,validation,exogenous_alpha_wgs_xt,reference,1,dry_syngas_flow,132803.01852078288,56196.797348963475,-76606.2211718194,0.039913730386892186,1,0.014402605825664543,0.12780533471617414,3939.349083840847,completed,poor,a2955d2a2f6e850b88d8b206f465d810e1ad86ab
R52-C-75,R52-C-75__P3__huayi_sy3sy2_phase3_wgs1__plateau_2022-10-06N_009__W003,3,validation,exogenous_alpha_wgs_xt,reference,1,CO_dry_vol_pct,63.03257118666667,85.59711544945668,22.564544262790008,0.0394447750583891,1,0.01432801643178462,0.12749836525677294,3949.512198269367,completed,poor,a2955d2a2f6e850b88d8b206f465d810e1ad86ab
R52-C-75,R52-C-75__P3__huayi_sy3sy2_phase3_wgs1__plateau_2022-10-06N_009__W003,3,validation,exogenous_alpha_wgs_xt,reference,1,H2_dry_vol_pct,26.890413262666662,2.0532037375100536e-18,-26.890413262666662,0.0394447750583891,1,0.01432801643178462,0.12749836525677294,3949.512198269367,completed,poor,a2955d2a2f6e850b88d8b206f465d810e1ad86ab
R52-C-75,R52-C-75__P3__huayi_sy3sy2_phase3_wgs1__plateau_2022-10-06N_009__W003,3,validation,exogenous_alpha_wgs_xt,reference,1,CO2_dry_vol_pct,9.361530194799998,10.711312904144588,1.3497827093445895,0.0394447750583891,1,0.01432801643178462,0.12749836525677294,3949.512198269367,completed,poor,a2955d2a2f6e850b88d8b206f465d810e1ad86ab
R52-C-75,R52-C-75__P3__huayi_sy3sy2_phase3_wgs1__plateau_2022-10-06N_009__W003,3,validation,exogenous_alpha_wgs_xt,reference,1,H2_CO_ratio,0.4266124085838284,2.3986833279708213e-20,-0.4266124085838284,0.0394447750583891,1,0.01432801643178462,0.12749836525677294,3949.512198269367,completed,poor,a2955d2a2f6e850b88d8b206f465d810e1ad86ab
R52-C-75,R52-C-75__P3__huayi_sy3sy2_phase3_wgs1__plateau_2022-10-06N_009__W003,3,validation,exogenous_alpha_wgs_xt,reference,1,dry_syngas_flow,132063.53439233353,56513.58819849444,-75549.94619383909,0.0394447750583891,1,0.01432801643178462,0.12749836525677294,3949.512198269367,completed,poor,a2955d2a2f6e850b88d8b206f465d810e1ad86ab
R52-C-75,R52-C-75__P3__huayi_sy3sy2_phase3_wgs1__plateau_2022-10-06N_009__W004,3,validation,exogenous_alpha_wgs_xt,reference,1,CO_dry_vol_pct,62.921082448,85.67170175405859,22.75061930605859,0.04023505245297452,1,0.014074305653930187,0.12640288927989565,3916.4844549894333,completed,poor,a2955d2a2f6e850b88d8b206f465d810e1ad86ab
R52-C-75,R52-C-75__P3__huayi_sy3sy2_phase3_wgs1__plateau_2022-10-06N_009__W004,3,validation,exogenous_alpha_wgs_xt,reference,1,H2_dry_vol_pct,26.83922825866667,1.3790232999024333e-17,-26.83922825866667,0.04023505245297452,1,0.014074305653930187,0.12640288927989565,3916.4844549894333,completed,poor,a2955d2a2f6e850b88d8b206f465d810e1ad86ab
R52-C-75,R52-C-75__P3__huayi_sy3sy2_phase3_wgs1__plateau_2022-10-06N_009__W004,3,validation,exogenous_alpha_wgs_xt,reference,1,CO2_dry_vol_pct,9.543855275866663,10.678133553898379,1.134278278031715,0.04023505245297452,1,0.014074305653930187,0.12640288927989565,3916.4844549894333,completed,poor,a2955d2a2f6e850b88d8b206f465d810e1ad86ab
R52-C-75,R52-C-75__P3__huayi_sy3sy2_phase3_wgs1__plateau_2022-10-06N_009__W004,3,validation,exogenous_alpha_wgs_xt,reference,1,H2_CO_ratio,0.4265533244478994,1.6096602164636046e-19,-0.4265533244478994,0.04023505245297452,1,0.014074305653930187,0.12640288927989565,3916.4844549894333,completed,poor,a2955d2a2f6e850b88d8b206f465d810e1ad86ab
R52-C-75,R52-C-75__P3__huayi_sy3sy2_phase3_wgs1__plateau_2022-10-06N_009__W004,3,validation,exogenous_alpha_wgs_xt,reference,1,dry_syngas_flow,132300.85343571915,56801.522328100116,-75499.33110761904,0.04023505245297452,1,0.014074305653930187,0.12640288927989565,3916.4844549894333,completed,poor,a2955d2a2f6e850b88d8b206f465d810e1ad86ab
R52-C-75,R52-C-75__P3__huayi_sy3sy2_phase3_wgs1__plateau_2022-10-06N_009__W005,3,validation,exogenous_alpha_wgs_xt,reference,1,CO_dry_vol_pct,63.264685152,85.4896110780027,22.224925926002697,0.03926401357907702,1,0.01475395543772065,0.12930020538435985,3972.9805791676044,completed,poor,a2955d2a2f6e850b88d8b206f465d810e1ad86ab
R52-C-75,R52-C-75__P3__huayi_sy3sy2_phase3_wgs1__plateau_2022-10-06N_009__W005,3,validation,exogenous_alpha_wgs_xt,reference,1,H2_dry_vol_pct,26.94345734533333,4.2200973798796064e-16,-26.94345734533333,0.03926401357907702,1,0.01475395543772065,0.12930020538435985,3972.9805791676044,completed,poor,a2955d2a2f6e850b88d8b206f465d810e1ad86ab
R52-C-75,R52-C-75__P3__huayi_sy3sy2_phase3_wgs1__plateau_2022-10-06N_009__W005,3,validation,exogenous_alpha_wgs_xt,reference,1,CO2_dry_vol_pct,9.072720219466667,10.75443654028239,1.6817163208157222,0.03926401357907702,1,0.01475395543772065,0.12930020538435985,3972.9805791676044,completed,poor,a2955d2a2f6e850b88d8b206f465d810e1ad86ab
R52-C-75,R52-C-75__P3__huayi_sy3sy2_phase3_wgs1__plateau_2022-10-06N_009__W005,3,validation,exogenous_alpha_wgs_xt,reference,1,H2_CO_ratio,0.4258877098286567,4.936386218939623e-18,-0.4258877098286567,0.03926401357907702,1,0.01475395543772065,0.12930020538435985,3972.9805791676044,completed,poor,a2955d2a2f6e850b88d8b206f465d810e1ad86ab
R52-C-75,R52-C-75__P3__huayi_sy3sy2_phase3_wgs1__plateau_2022-10-06N_009__W005,3,validation,exogenous_alpha_wgs_xt,reference,1,dry_syngas_flow,131373.77535044306,55657.8662411254,-75715.90910931767,0.03926401357907702,1,0.01475395543772065,0.12930020538435985,3972.9805791676044,completed,poor,a2955d2a2f6e850b88d8b206f465d810e1ad86ab
R52-C-75,R52-C-75__P3__huayi_sy3sy2_phase3_wgs1__plateau_2022-10-06N_009__W006,3,validation,exogenous_alpha_wgs_xt,reference,1,CO_dry_vol_pct,63.13173942266665,85.4583251823976,22.326585759730953,0.03876385571066391,1,0.014847643109985223,0.12969978558720657,3991.026449650526,completed,poor,a2955d2a2f6e850b88d8b206f465d810e1ad86ab
R52-C-75,R52-C-75__P3__huayi_sy3sy2_phase3_wgs1__plateau_2022-10-06N_009__W006,3,validation,exogenous_alpha_wgs_xt,reference,1,H2_dry_vol_pct,26.882579798666665,2.96074205037371e-19,-26.882579798666665,0.03876385571066391,1,0.014847643109985223,0.12969978558720657,3991.026449650526,completed,poor,a2955d2a2f6e850b88d8b206f465d810e1ad86ab
R52-C-75,R52-C-75__P3__huayi_sy3sy2_phase3_wgs1__plateau_2022-10-06N_009__W006,3,validation,exogenous_alpha_wgs_xt,reference,1,CO2_dry_vol_pct,9.281603524,10.769238268919647,1.4876347449196476,0.03876385571066391,1,0.014847643109985223,0.12969978558720657,3991.026449650526,completed,poor,a2955d2a2f6e850b88d8b206f465d810e1ad86ab
R52-C-75,R52-C-75__P3__huayi_sy3sy2_phase3_wgs1__plateau_2022-10-06N_009__W006,3,validation,exogenous_alpha_wgs_xt,reference,1,H2_CO_ratio,0.4258200932730205,3.464544904261186e-21,-0.4258200932730205,0.03876385571066391,1,0.014847643109985223,0.12969978558720657,3991.026449650526,completed,poor,a2955d2a2f6e850b88d8b206f465d810e1ad86ab
R52-C-75,R52-C-75__P3__huayi_sy3sy2_phase3_wgs1__plateau_2022-10-06N_009__W006,3,validation,exogenous_alpha_wgs_xt,reference,1,dry_syngas_flow,132230.71248544115,55626.99187966793,-76603.72060577323,0.03876385571066391,1,0.014847643109985223,0.12969978558720657,3991.026449650526,completed,poor,a2955d2a2f6e850b88d8b206f465d810e1ad86ab
R52-C-75,R52-C-75__P3__huayi_sy3sy2_phase3_wgs1__plateau_2022-10-06N_009__W007,3,validation,exogenous_alpha_wgs_xt,reference,1,CO_dry_vol_pct,63.10433602799999,85.37868052439825,22.274344496398257,0.03778165375138498,1,0.015096899507580508,0.13075411377134133,4029.471513658762,completed,poor,a2955d2a2f6e850b88d8b206f465d810e1ad86ab
R52-C-75,R52-C-75__P3__huayi_sy3sy2_phase3_wgs1__plateau_2022-10-06N_009__W007,3,validation,exogenous_alpha_wgs_xt,reference,1,H2_dry_vol_pct,26.833734896,1.3587103345648195e-18,-26.833734896,0.03778165375138498,1,0.015096899507580508,0.13075411377134133,4029.471513658762,completed,poor,a2955d2a2f6e850b88d8b206f465d810e1ad86ab
R52-C-75,R52-C-75__P3__huayi_sy3sy2_phase3_wgs1__plateau_2022-10-06N_009__W007,3,validation,exogenous_alpha_wgs_xt,reference,1,CO2_dry_vol_pct,9.351692752666668,10.806095078216327,1.4544023255496583,0.03778165375138498,1,0.015096899507580508,0.13075411377134133,4029.471513658762,completed,poor,a2955d2a2f6e850b88d8b206f465d810e1ad86ab
R52-C-75,R52-C-75__P3__huayi_sy3sy2_phase3_wgs1__plateau_2022-10-06N_009__W007,3,validation,exogenous_alpha_wgs_xt,reference,1,H2_CO_ratio,0.4252284009434102,1.5913929873588845e-20,-0.4252284009434102,0.03778165375138498,1,0.015096899507580508,0.13075411377134133,4029.471513658762,completed,poor,a2955d2a2f6e850b88d8b206f465d810e1ad86ab
R52-C-75,R52-C-75__P3__huayi_sy3sy2_phase3_wgs1__plateau_2022-10-06N_009__W007,3,validation,exogenous_alpha_wgs_xt,reference,1,dry_syngas_flow,131399.53838643982,55427.33281250801,-75972.2055739318,0.03778165375138498,1,0.015096899507580508,0.13075411377134133,4029.471513658762,completed,poor,a2955d2a2f6e850b88d8b206f465d810e1ad86ab
R52-C-75,R52-C-75__P3__huayi_sy3sy2_phase3_wgs1__shift_morning_handover_2022-10-07__W001,3,validation,exogenous_alpha_wgs_xt,reference,1,CO_dry_vol_pct,63.39040095733332,85.60130722570108,22.210906268367758,0.03946402704435493,1,0.01433508363332024,0.1275228917401056,3948.567171573639,completed,poor,a2955d2a2f6e850b88d8b206f465d810e1ad86ab
R52-C-75,R52-C-75__P3__huayi_sy3sy2_phase3_wgs1__shift_morning_handover_2022-10-07__W001,3,validation,exogenous_alpha_wgs_xt,reference,1,H2_dry_vol_pct,26.93548702,1.4097961280070564e-21,-26.93548702,0.03946402704435493,1,0.01433508363332024,0.1275228917401056,3948.567171573639,completed,poor,a2955d2a2f6e850b88d8b206f465d810e1ad86ab
R52-C-75,R52-C-75__P3__huayi_sy3sy2_phase3_wgs1__shift_morning_handover_2022-10-07__W001,3,validation,exogenous_alpha_wgs_xt,reference,1,CO2_dry_vol_pct,8.94907646,10.707807531291444,1.758731071291443,0.03946402704435493,1,0.01433508363332024,0.1275228917401056,3948.567171573639,completed,poor,a2955d2a2f6e850b88d8b206f465d810e1ad86ab
R52-C-75,R52-C-75__P3__huayi_sy3sy2_phase3_wgs1__shift_morning_handover_2022-10-07__W001,3,validation,exogenous_alpha_wgs_xt,reference,1,H2_CO_ratio,0.4249137759666535,1.6469329426125596e-23,-0.4249137759666535,0.03946402704435493,1,0.01433508363332024,0.1275228917401056,3948.567171573639,completed,poor,a2955d2a2f6e850b88d8b206f465d810e1ad86ab
R52-C-75,R52-C-75__P3__huayi_sy3sy2_phase3_wgs1__shift_morning_handover_2022-10-07__W001,3,validation,exogenous_alpha_wgs_xt,reference,1,dry_syngas_flow,133011.0847276633,56500.89757923688,-76510.18714842643,0.03946402704435493,1,0.01433508363332024,0.1275228917401056,3948.567171573639,completed,poor,a2955d2a2f6e850b88d8b206f465d810e1ad86ab
R52-C-75,R52-C-75__P3__huayi_sy3sy2_phase3_wgs1__plateau_2022-10-07D_010__W001,3,validation,exogenous_alpha_wgs_xt,reference,1,CO_dry_vol_pct,62.96597089333335,85.43024621195052,22.46427531861717,0.03715821581593753,1,0.014821283317570629,0.1296205745523314,4035.9444200992584,completed,poor,a2955d2a2f6e850b88d8b206f465d810e1ad86ab
R52-C-75,R52-C-75__P3__huayi_sy3sy2_phase3_wgs1__plateau_2022-10-07D_010__W001,3,validation,exogenous_alpha_wgs_xt,reference,1,H2_dry_vol_pct,26.73813447333333,2.798491232146364e-21,-26.73813447333333,0.03715821581593753,1,0.014821283317570629,0.1296205745523314,4035.9444200992584,completed,poor,a2955d2a2f6e850b88d8b206f465d810e1ad86ab
R52-C-75,R52-C-75__P3__huayi_sy3sy2_phase3_wgs1__plateau_2022-10-07D_010__W001,3,validation,exogenous_alpha_wgs_xt,reference,1,CO2_dry_vol_pct,9.588346974666669,10.790919682084049,1.2025727074173798,0.03715821581593753,1,0.014821283317570629,0.1296205745523314,4035.9444200992584,completed,poor,a2955d2a2f6e850b88d8b206f465d810e1ad86ab
R52-C-75,R52-C-75__P3__huayi_sy3sy2_phase3_wgs1__plateau_2022-10-07D_010__W001,3,validation,exogenous_alpha_wgs_xt,reference,1,H2_CO_ratio,0.4246412335294508,3.275761637398738e-23,-0.4246412335294508,0.03715821581593753,1,0.014821283317570629,0.1296205745523314,4035.9444200992584,completed,poor,a2955d2a2f6e850b88d8b206f465d810e1ad86ab
R52-C-75,R52-C-75__P3__huayi_sy3sy2_phase3_wgs1__plateau_2022-10-07D_010__W001,3,validation,exogenous_alpha_wgs_xt,reference,1,dry_syngas_flow,132469.2643577051,56205.39628718302,-76263.86807052209,0.03715821581593753,1,0.014821283317570629,0.1296205745523314,4035.9444200992584,completed,poor,a2955d2a2f6e850b88d8b206f465d810e1ad86ab
R52-C-75,R52-C-75__P3__huayi_sy3sy2_phase3_wgs1__plateau_2022-10-07D_010__W002,3,validation,exogenous_alpha_wgs_xt,reference,1,CO_dry_vol_pct,62.85531542933333,85.43654452700015,22.58122909766682,0.03719732218914018,1,0.014798579067393378,0.12952494091796982,4033.8560571968555,completed,poor,a2955d2a2f6e850b88d8b206f465d810e1ad86ab
R52-C-75,R52-C-75__P3__huayi_sy3sy2_phase3_wgs1__plateau_2022-10-07D_010__W002,3,validation,exogenous_alpha_wgs_xt,reference,1,H2_dry_vol_pct,26.657991148,1.9293122947144174e-21,-26.657991148,0.03719732218914018,1,0.014798579067393378,0.12952494091796982,4033.8560571968555,completed,poor,a2955d2a2f6e850b88d8b206f465d810e1ad86ab
R52-C-75,R52-C-75__P3__huayi_sy3sy2_phase3_wgs1__plateau_2022-10-07D_010__W002,3,validation,exogenous_alpha_wgs_xt,reference,1,CO2_dry_vol_pct,9.753374748133334,10.788246734172727,1.0348719860393931,0.03719732218914018,1,0.014798579067393378,0.12952494091796982,4033.8560571968555,completed,poor,a2955d2a2f6e850b88d8b206f465d810e1ad86ab
R52-C-75,R52-C-75__P3__huayi_sy3sy2_phase3_wgs1__plateau_2022-10-07D_010__W002,3,validation,exogenous_alpha_wgs_xt,reference,1,H2_CO_ratio,0.4241169975533638,2.2581815608246013e-23,-0.4241169975533638,0.03719732218914018,1,0.014798579067393378,0.12952494091796982,4033.8560571968555,completed,poor,a2955d2a2f6e850b88d8b206f465d810e1ad86ab
R52-C-75,R52-C-75__P3__huayi_sy3sy2_phase3_wgs1__plateau_2022-10-07D_010__W002,3,validation,exogenous_alpha_wgs_xt,reference,1,dry_syngas_flow,132149.45581598178,56240.8659703407,-75908.58984564108,0.03719732218914018,1,0.014798579067393378,0.12952494091796982,4033.8560571968555,completed,poor,a2955d2a2f6e850b88d8b206f465d810e1ad86ab
R52-C-75,R52-C-75__P3__huayi_sy3sy2_phase3_wgs1__plateau_2022-10-07D_010__W003,3,validation,exogenous_alpha_wgs_xt,reference,1,CO_dry_vol_pct,63.403415990666666,85.3885767388072,21.985160748140537,0.03673064068178527,1,0.014959370575914642,0.13020381534051584,4054.0093906819816,completed,poor,a2955d2a2f6e850b88d8b206f465d810e1ad86ab
R52-C-75,R52-C-75__P3__huayi_sy3sy2_phase3_wgs1__plateau_2022-10-07D_010__W003,3,validation,exogenous_alpha_wgs_xt,reference,1,H2_dry_vol_pct,26.58286163333333,2.5211819114030123e-22,-26.58286163333333,0.03673064068178527,1,0.014959370575914642,0.13020381534051584,4054.0093906819816,completed,poor,a2955d2a2f6e850b88d8b206f465d810e1ad86ab
R52-C-75,R52-C-75__P3__huayi_sy3sy2_phase3_wgs1__plateau_2022-10-07D_010__W003,3,validation,exogenous_alpha_wgs_xt,reference,1,CO2_dry_vol_pct,9.301813964,10.809610810704251,1.5077968467042506,0.03673064068178527,1,0.014959370575914642,0.13020381534051584,4054.0093906819816,completed,poor,a2955d2a2f6e850b88d8b206f465d810e1ad86ab
R52-C-75,R52-C-75__P3__huayi_sy3sy2_phase3_wgs1__plateau_2022-10-07D_010__W003,3,validation,exogenous_alpha_wgs_xt,reference,1,H2_CO_ratio,0.4192642164532229,2.952598588350977e-24,-0.4192642164532229,0.03673064068178527,1,0.014959370575914642,0.13020381534051584,4054.0093906819816,completed,poor,a2955d2a2f6e850b88d8b206f465d810e1ad86ab
R52-C-75,R52-C-75__P3__huayi_sy3sy2_phase3_wgs1__plateau_2022-10-07D_010__W003,3,validation,exogenous_alpha_wgs_xt,reference,1,dry_syngas_flow,132476.53876136034,56053.286083576,-76423.25267778433,0.03673064068178527,1,0.014959370575914642,0.13020381534051584,4054.0093906819816,completed,poor,a2955d2a2f6e850b88d8b206f465d810e1ad86ab
R52-C-75,R52-C-75__P3__huayi_sy3sy2_phase3_wgs1__plateau_2022-10-07D_011__W001,3,validation,exogenous_alpha_wgs_xt,reference,1,CO_dry_vol_pct,63.43001651333332,85.3059599429805,21.875943429647172,0.03603136093133596,1,0.015234206459400577,0.13135650556378978,4085.9395331144337,completed,poor,a2955d2a2f6e850b88d8b206f465d810e1ad86ab
R52-C-75,R52-C-75__P3__huayi_sy3sy2_phase3_wgs1__plateau_2022-10-07D_011__W001,3,validation,exogenous_alpha_wgs_xt,reference,1,H2_dry_vol_pct,26.56116091066667,1.1890649178561049e-24,-26.56116091066667,0.03603136093133596,1,0.015234206459400577,0.13135650556378978,4085.9395331144337,completed,poor,a2955d2a2f6e850b88d8b206f465d810e1ad86ab
R52-C-75,R52-C-75__P3__huayi_sy3sy2_phase3_wgs1__plateau_2022-10-07D_011__W001,3,validation,exogenous_alpha_wgs_xt,reference,1,CO2_dry_vol_pct,9.272795867733333,10.846505229445139,1.5737093617118063,0.03603136093133596,1,0.015234206459400577,0.13135650556378978,4085.9395331144337,completed,poor,a2955d2a2f6e850b88d8b206f465d810e1ad86ab
R52-C-75,R52-C-75__P3__huayi_sy3sy2_phase3_wgs1__plateau_2022-10-07D_011__W001,3,validation,exogenous_alpha_wgs_xt,reference,1,H2_CO_ratio,0.4187424080626601,1.3938825829413207e-26,-0.4187424080626601,0.03603136093133596,1,0.015234206459400577,0.13135650556378978,4085.9395331144337,completed,poor,a2955d2a2f6e850b88d8b206f465d810e1ad86ab
R52-C-75,R52-C-75__P3__huayi_sy3sy2_phase3_wgs1__plateau_2022-10-07D_011__W001,3,validation,exogenous_alpha_wgs_xt,reference,1,dry_syngas_flow,132843.49896532786,55702.18739644844,-77141.31156887942,0.03603136093133596,1,0.015234206459400577,0.13135650556378978,4085.9395331144337,completed,poor,a2955d2a2f6e850b88d8b206f465d810e1ad86ab
R52-C-75,R52-C-75__P3__huayi_sy3sy2_phase3_wgs1__plateau_2022-10-07D_011__W002,3,validation,exogenous_alpha_wgs_xt,reference,1,CO_dry_vol_pct,63.567002978666665,85.34472431575762,21.777721337090952,0.03637683781826565,1,0.015093696888026061,0.1307715759798472,4070.398693472147,completed,poor,a2955d2a2f6e850b88d8b206f465d810e1ad86ab
R52-C-75,R52-C-75__P3__huayi_sy3sy2_phase3_wgs1__plateau_2022-10-07D_011__W002,3,validation,exogenous_alpha_wgs_xt,reference,1,H2_dry_vol_pct,26.732952606666665,4.3147210973844626e-21,-26.732952606666665,0.03637683781826565,1,0.015093696888026061,0.1307715759798472,4070.398693472147,completed,poor,a2955d2a2f6e850b88d8b206f465d810e1ad86ab
R52-C-75,R52-C-75__P3__huayi_sy3sy2_phase3_wgs1__plateau_2022-10-07D_011__W002,3,validation,exogenous_alpha_wgs_xt,reference,1,CO2_dry_vol_pct,8.969777699733333,10.830089265247748,1.8603115655144151,0.03637683781826565,1,0.015093696888026061,0.1307715759798472,4070.398693472147,completed,poor,a2955d2a2f6e850b88d8b206f465d810e1ad86ab
R52-C-75,R52-C-75__P3__huayi_sy3sy2_phase3_wgs1__plateau_2022-10-07D_011__W002,3,validation,exogenous_alpha_wgs_xt,reference,1,H2_CO_ratio,0.4205463424006211,5.055638918488854e-23,-0.4205463424006211,0.03637683781826565,1,0.015093696888026061,0.1307715759798472,4070.398693472147,completed,poor,a2955d2a2f6e850b88d8b206f465d810e1ad86ab
R52-C-75,R52-C-75__P3__huayi_sy3sy2_phase3_wgs1__plateau_2022-10-07D_011__W002,3,validation,exogenous_alpha_wgs_xt,reference,1,dry_syngas_flow,133380.6213765183,55879.507717658904,-77501.1136588594,0.03637683781826565,1,0.015093696888026061,0.1307715759798472,4070.398693472147,completed,poor,a2955d2a2f6e850b88d8b206f465d810e1ad86ab
R52-C-75,R52-C-75__P3__huayi_sy3sy2_phase3_wgs1__plateau_2022-10-07D_011__W003,3,validation,exogenous_alpha_wgs_xt,reference,1,CO_dry_vol_pct,63.59141076774194,85.4334898119588,21.842079044216852,0.03710185731666539,1,0.014841166704526256,0.12969650836327215,4037.173510760069,completed,poor,a2955d2a2f6e850b88d8b206f465d810e1ad86ab
R52-C-75,R52-C-75__P3__huayi_sy3sy2_phase3_wgs1__plateau_2022-10-07D_011__W003,3,validation,exogenous_alpha_wgs_xt,reference,1,H2_dry_vol_pct,26.787900341935487,7.140115779497055e-15,-26.78790034193548,0.03710185731666539,1,0.014841166704526256,0.12969650836327215,4037.173510760069,completed,poor,a2955d2a2f6e850b88d8b206f465d810e1ad86ab
R52-C-75,R52-C-75__P3__huayi_sy3sy2_phase3_wgs1__plateau_2022-10-07D_011__W003,3,validation,exogenous_alpha_wgs_xt,reference,1,CO2_dry_vol_pct,8.89509560532258,10.787144685014148,1.892049079691569,0.03710185731666539,1,0.014841166704526256,0.12969650836327215,4037.173510760069,completed,poor,a2955d2a2f6e850b88d8b206f465d810e1ad86ab
R52-C-75,R52-C-75__P3__huayi_sy3sy2_phase3_wgs1__plateau_2022-10-07D_011__W003,3,validation,exogenous_alpha_wgs_xt,reference,1,H2_CO_ratio,0.4212517706223059,8.357513892049389e-17,-0.4212517706223058,0.03710185731666539,1,0.014841166704526256,0.12969650836327215,4037.173510760069,completed,poor,a2955d2a2f6e850b88d8b206f465d810e1ad86ab
R52-C-75,R52-C-75__P3__huayi_sy3sy2_phase3_wgs1__plateau_2022-10-07D_011__W003,3,validation,exogenous_alpha_wgs_xt,reference,1,dry_syngas_flow,133466.0802545373,56196.38161013113,-77269.69864440616,0.03710185731666539,1,0.014841166704526256,0.12969650836327215,4037.173510760069,completed,poor,a2955d2a2f6e850b88d8b206f465d810e1ad86ab
R52-C-75,R52-C-75__P3__huayi_sy3sy2_phase3_wgs1__shift_evening_handover_2022-10-07__W001,3,validation,exogenous_alpha_wgs_xt,reference,1,CO_dry_vol_pct,63.156291712,85.51678348337865,22.360491771378648,0.03812394229646354,1,0.014548147886327172,0.12845521971690096,3996.569925010204,completed,poor,a2955d2a2f6e850b88d8b206f465d810e1ad86ab
R52-C-75,R52-C-75__P3__huayi_sy3sy2_phase3_wgs1__shift_evening_handover_2022-10-07__W001,3,validation,exogenous_alpha_wgs_xt,reference,1,H2_dry_vol_pct,26.671319209333333,3.3239094695763117e-25,-26.671319209333333,0.03812394229646354,1,0.014548147886327172,0.12845521971690096,3996.569925010204,completed,poor,a2955d2a2f6e850b88d8b206f465d810e1ad86ab
R52-C-75,R52-C-75__P3__huayi_sy3sy2_phase3_wgs1__shift_evening_handover_2022-10-07__W001,3,validation,exogenous_alpha_wgs_xt,reference,1,CO2_dry_vol_pct,9.451090693333336,10.751011613785819,1.2999209204524824,0.03812394229646354,1,0.014548147886327172,0.12845521971690096,3996.569925010204,completed,poor,a2955d2a2f6e850b88d8b206f465d810e1ad86ab
R52-C-75,R52-C-75__P3__huayi_sy3sy2_phase3_wgs1__shift_evening_handover_2022-10-07__W001,3,validation,exogenous_alpha_wgs_xt,reference,1,H2_CO_ratio,0.4223112501763516,3.886850433543678e-27,-0.4223112501763516,0.03812394229646354,1,0.014548147886327172,0.12845521971690096,3996.569925010204,completed,poor,a2955d2a2f6e850b88d8b206f465d810e1ad86ab
R52-C-75,R52-C-75__P3__huayi_sy3sy2_phase3_wgs1__shift_evening_handover_2022-10-07__W001,3,validation,exogenous_alpha_wgs_xt,reference,1,dry_syngas_flow,132025.943710799,56474.22155814651,-75551.7221526525,0.03812394229646354,1,0.014548147886327172,0.12845521971690096,3996.569925010204,completed,poor,a2955d2a2f6e850b88d8b206f465d810e1ad86ab
R52-C-75,R52-C-75__P3__huayi_sy3sy2_phase3_wgs1__plateau_2022-10-07N_012__W001,3,validation,exogenous_alpha_wgs_xt,reference,1,CO_dry_vol_pct,63.14900446533335,85.417372891009,22.268368425675646,0.037045573006993474,1,0.014862619101291025,0.1297958159721758,4041.0100444853306,completed,poor,a2955d2a2f6e850b88d8b206f465d810e1ad86ab
R52-C-75,R52-C-75__P3__huayi_sy3sy2_phase3_wgs1__plateau_2022-10-07N_012__W001,3,validation,exogenous_alpha_wgs_xt,reference,1,H2_dry_vol_pct,26.600556624,2.1310015261460014e-20,-26.600556624,0.037045573006993474,1,0.014862619101291025,0.1297958159721758,4041.0100444853306,completed,poor,a2955d2a2f6e850b88d8b206f465d810e1ad86ab
R52-C-75,R52-C-75__P3__huayi_sy3sy2_phase3_wgs1__plateau_2022-10-07N_012__W001,3,validation,exogenous_alpha_wgs_xt,reference,1,CO2_dry_vol_pct,9.532184241333336,10.796803390521898,1.2646191491885617,0.037045573006993474,1,0.014862619101291025,0.1297958159721758,4041.0100444853306,completed,poor,a2955d2a2f6e850b88d8b206f465d810e1ad86ab
R52-C-75,R52-C-75__P3__huayi_sy3sy2_phase3_wgs1__plateau_2022-10-07N_012__W001,3,validation,exogenous_alpha_wgs_xt,reference,1,H2_CO_ratio,0.4212370127965834,2.494810427926788e-22,-0.4212370127965834,0.037045573006993474,1,0.014862619101291025,0.1297958159721758,4041.0100444853306,completed,poor,a2955d2a2f6e850b88d8b206f465d810e1ad86ab
R52-C-75,R52-C-75__P3__huayi_sy3sy2_phase3_wgs1__plateau_2022-10-07N_012__W001,3,validation,exogenous_alpha_wgs_xt,reference,1,dry_syngas_flow,131044.76919875536,56153.512421016574,-74891.25677773877,0.037045573006993474,1,0.014862619101291025,0.1297958159721758,4041.0100444853306,completed,poor,a2955d2a2f6e850b88d8b206f465d810e1ad86ab
R52-C-75,R52-C-75__P3__huayi_sy3sy2_phase3_wgs1__plateau_2022-10-07N_012__W002,3,validation,exogenous_alpha_wgs_xt,reference,1,CO_dry_vol_pct,63.06900157866667,85.42447762057334,22.35547604190667,0.037059619939774836,1,0.01483313645436896,0.12967271839746342,4039.3900731801987,completed,poor,a2955d2a2f6e850b88d8b206f465d810e1ad86ab
R52-C-75,R52-C-75__P3__huayi_sy3sy2_phase3_wgs1__plateau_2022-10-07N_012__W002,3,validation,exogenous_alpha_wgs_xt,reference,1,H2_dry_vol_pct,26.703218158666665,1.2468058554485895e-20,-26.703218158666665,0.037059619939774836,1,0.01483313645436896,0.12967271839746342,4039.3900731801987,completed,poor,a2955d2a2f6e850b88d8b206f465d810e1ad86ab
R52-C-75,R52-C-75__P3__huayi_sy3sy2_phase3_wgs1__plateau_2022-10-07N_012__W002,3,validation,exogenous_alpha_wgs_xt,reference,1,CO2_dry_vol_pct,9.516697389466666,10.794071511221052,1.2773741217543861,0.037059619939774836,1,0.01483313645436896,0.12967271839746342,4039.3900731801987,completed,poor,a2955d2a2f6e850b88d8b206f465d810e1ad86ab
R52-C-75,R52-C-75__P3__huayi_sy3sy2_phase3_wgs1__plateau_2022-10-07N_012__W002,3,validation,exogenous_alpha_wgs_xt,reference,1,H2_CO_ratio,0.4233992677063366,1.4595416795950218e-22,-0.4233992677063366,0.037059619939774836,1,0.01483313645436896,0.12967271839746342,4039.3900731801987,completed,poor,a2955d2a2f6e850b88d8b206f465d810e1ad86ab
R52-C-75,R52-C-75__P3__huayi_sy3sy2_phase3_wgs1__plateau_2022-10-07N_012__W002,3,validation,exogenous_alpha_wgs_xt,reference,1,dry_syngas_flow,131668.34057762215,56210.97819144329,-75457.36238617887,0.037059619939774836,1,0.01483313645436896,0.12967271839746342,4039.3900731801987,completed,poor,a2955d2a2f6e850b88d8b206f465d810e1ad86ab
R52-C-75,R52-C-75__P3__huayi_sy3sy2_phase3_wgs1__plateau_2022-10-07N_013__W001,3,validation,exogenous_alpha_wgs_xt,reference,1,CO_dry_vol_pct,62.88505483333334,85.52391322114858,22.638858387815233,0.03835349836902904,1,0.014543413952298872,0.12842977012847215,3989.6766295731068,completed,poor,a2955d2a2f6e850b88d8b206f465d810e1ad86ab
R52-C-75,R52-C-75__P3__huayi_sy3sy2_phase3_wgs1__plateau_2022-10-07N_013__W001,3,validation,exogenous_alpha_wgs_xt,reference,1,H2_dry_vol_pct,26.601400842666667,3.865843542731125e-18,-26.601400842666667,0.03835349836902904,1,0.014543413952298872,0.12842977012847215,3989.6766295731068,completed,poor,a2955d2a2f6e850b88d8b206f465d810e1ad86ab
R52-C-75,R52-C-75__P3__huayi_sy3sy2_phase3_wgs1__plateau_2022-10-07N_013__W001,3,validation,exogenous_alpha_wgs_xt,reference,1,CO2_dry_vol_pct,9.792279007733336,10.746359568008023,0.9540805602746865,0.03835349836902904,1,0.014543413952298872,0.12842977012847215,3989.6766295731068,completed,poor,a2955d2a2f6e850b88d8b206f465d810e1ad86ab
R52-C-75,R52-C-75__P3__huayi_sy3sy2_phase3_wgs1__plateau_2022-10-07N_013__W001,3,validation,exogenous_alpha_wgs_xt,reference,1,H2_CO_ratio,0.423014118770965,4.5201901984241394e-20,-0.423014118770965,0.03835349836902904,1,0.014543413952298872,0.12842977012847215,3989.6766295731068,completed,poor,a2955d2a2f6e850b88d8b206f465d810e1ad86ab
R52-C-75,R52-C-75__P3__huayi_sy3sy2_phase3_wgs1__plateau_2022-10-07N_013__W001,3,validation,exogenous_alpha_wgs_xt,reference,1,dry_syngas_flow,131592.4604701897,56410.68432985633,-75181.77614033336,0.03835349836902904,1,0.014543413952298872,0.12842977012847215,3989.6766295731068,completed,poor,a2955d2a2f6e850b88d8b206f465d810e1ad86ab
R52-C-75,R52-C-75__P3__huayi_sy3sy2_phase3_wgs1__plateau_2022-10-07N_013__W002,3,validation,exogenous_alpha_wgs_xt,reference,1,CO_dry_vol_pct,63.35694926133333,85.4809667592109,22.124017497877574,0.038125891343906884,1,0.014716001794008737,0.12915685997966875,4003.1352254748344,completed,poor,a2955d2a2f6e850b88d8b206f465d810e1ad86ab
R52-C-75,R52-C-75__P3__huayi_sy3sy2_phase3_wgs1__plateau_2022-10-07N_013__W002,3,validation,exogenous_alpha_wgs_xt,reference,1,H2_dry_vol_pct,26.6731104,4.1804244830586144e-16,-26.6731104,0.038125891343906884,1,0.014716001794008737,0.12915685997966875,4003.1352254748344,completed,poor,a2955d2a2f6e850b88d8b206f465d810e1ad86ab
R52-C-75,R52-C-75__P3__huayi_sy3sy2_phase3_wgs1__plateau_2022-10-07N_013__W002,3,validation,exogenous_alpha_wgs_xt,reference,1,CO2_dry_vol_pct,9.245454039466669,10.76334268843405,1.5178886489673822,0.038125891343906884,1,0.014716001794008737,0.12915685997966875,4003.1352254748344,completed,poor,a2955d2a2f6e850b88d8b206f465d810e1ad86ab
R52-C-75,R52-C-75__P3__huayi_sy3sy2_phase3_wgs1__plateau_2022-10-07N_013__W002,3,validation,exogenous_alpha_wgs_xt,reference,1,H2_CO_ratio,0.4209977463394885,4.89047403363411e-18,-0.4209977463394885,0.038125891343906884,1,0.014716001794008737,0.12915685997966875,4003.1352254748344,completed,poor,a2955d2a2f6e850b88d8b206f465d810e1ad86ab
R52-C-75,R52-C-75__P3__huayi_sy3sy2_phase3_wgs1__plateau_2022-10-07N_013__W002,3,validation,exogenous_alpha_wgs_xt,reference,1,dry_syngas_flow,132474.12425161866,56121.21507521827,-76352.9091764004,0.038125891343906884,1,0.014716001794008737,0.12915685997966875,4003.1352254748344,completed,poor,a2955d2a2f6e850b88d8b206f465d810e1ad86ab
R52-C-75,R52-C-75__P3__huayi_sy3sy2_phase3_wgs1__plateau_2022-10-07N_013__W003,3,validation,exogenous_alpha_wgs_xt,reference,1,CO_dry_vol_pct,63.73691160266669,85.75948504151603,22.022573438849342,0.041445744800549925,1,0.013842195144538588,0.12537388594584253,3871.2618448734283,completed,poor,a2955d2a2f6e850b88d8b206f465d810e1ad86ab
R52-C-75,R52-C-75__P3__huayi_sy3sy2_phase3_wgs1__plateau_2022-10-07N_013__W003,3,validation,exogenous_alpha_wgs_xt,reference,1,H2_dry_vol_pct,26.88808170133333,1.6378141032682428e-18,-26.88808170133333,0.041445744800549925,1,0.013842195144538588,0.12537388594584253,3871.2618448734283,completed,poor,a2955d2a2f6e850b88d8b206f465d810e1ad86ab
R52-C-75,R52-C-75__P3__huayi_sy3sy2_phase3_wgs1__plateau_2022-10-07N_013__W003,3,validation,exogenous_alpha_wgs_xt,reference,1,CO2_dry_vol_pct,8.629130959866668,10.63391078733735,2.0047798274706814,0.041445744800549925,1,0.013842195144538588,0.12537388594584253,3871.2618448734283,completed,poor,a2955d2a2f6e850b88d8b206f465d810e1ad86ab
R52-C-75,R52-C-75__P3__huayi_sy3sy2_phase3_wgs1__plateau_2022-10-07N_013__W003,3,validation,exogenous_alpha_wgs_xt,reference,1,H2_CO_ratio,0.4218614310006409,1.9097760469006776e-20,-0.4218614310006409,0.041445744800549925,1,0.013842195144538588,0.12537388594584253,3871.2618448734283,completed,poor,a2955d2a2f6e850b88d8b206f465d810e1ad86ab
R52-C-75,R52-C-75__P3__huayi_sy3sy2_phase3_wgs1__plateau_2022-10-07N_013__W003,3,validation,exogenous_alpha_wgs_xt,reference,1,dry_syngas_flow,132516.12744620998,56920.763055064665,-75595.36439114533,0.041445744800549925,1,0.013842195144538588,0.12537388594584253,3871.2618448734283,completed,poor,a2955d2a2f6e850b88d8b206f465d810e1ad86ab
R52-C-75,R52-C-75__P3__huayi_sy3sy2_phase3_wgs1__plateau_2022-10-07N_013__W004,3,validation,exogenous_alpha_wgs_xt,reference,1,CO_dry_vol_pct,63.410470132,85.59628320767463,22.18581307567463,0.03946117344217198,1,0.014340445730012816,0.12754909607662132,3949.368513047695,completed,poor,a2955d2a2f6e850b88d8b206f465d810e1ad86ab
R52-C-75,R52-C-75__P3__huayi_sy3sy2_phase3_wgs1__plateau_2022-10-07N_013__W004,3,validation,exogenous_alpha_wgs_xt,reference,1,H2_dry_vol_pct,26.901885147999995,1.1830156557216892e-20,-26.901885147999995,0.03946117344217198,1,0.014340445730012816,0.12754909607662132,3949.368513047695,completed,poor,a2955d2a2f6e850b88d8b206f465d810e1ad86ab
R52-C-75,R52-C-75__P3__huayi_sy3sy2_phase3_wgs1__plateau_2022-10-07N_013__W004,3,validation,exogenous_alpha_wgs_xt,reference,1,CO2_dry_vol_pct,8.933076006533334,10.710945053247189,1.777869046713855,0.03946117344217198,1,0.014340445730012816,0.12754909607662132,3949.368513047695,completed,poor,a2955d2a2f6e850b88d8b206f465d810e1ad86ab
R52-C-75,R52-C-75__P3__huayi_sy3sy2_phase3_wgs1__plateau_2022-10-07N_013__W004,3,validation,exogenous_alpha_wgs_xt,reference,1,H2_CO_ratio,0.4242536251772812,1.382087646085571e-22,-0.4242536251772812,0.03946117344217198,1,0.014340445730012816,0.12754909607662132,3949.368513047695,completed,poor,a2955d2a2f6e850b88d8b206f465d810e1ad86ab
R52-C-75,R52-C-75__P3__huayi_sy3sy2_phase3_wgs1__plateau_2022-10-07N_013__W004,3,validation,exogenous_alpha_wgs_xt,reference,1,dry_syngas_flow,131594.2435228393,56484.06670606109,-75110.17681677821,0.03946117344217198,1,0.014340445730012816,0.12754909607662132,3949.368513047695,completed,poor,a2955d2a2f6e850b88d8b206f465d810e1ad86ab
R52-C-75,R52-C-75__P3__huayi_sy3sy2_phase3_wgs1__shift_morning_handover_2022-10-09__W001,3,validation,exogenous_alpha_wgs_xt,reference,1,CO_dry_vol_pct,63.63103637333332,85.55033441358046,21.919298040247135,0.04033688148309096,1,0.014581816667957945,0.1285591640544083,3935.5940714776516,completed,poor,a2955d2a2f6e850b88d8b206f465d810e1ad86ab
R52-C-75,R52-C-75__P3__huayi_sy3sy2_phase3_wgs1__shift_morning_handover_2022-10-09__W001,3,validation,exogenous_alpha_wgs_xt,reference,1,H2_dry_vol_pct,26.336123365333336,1.0178468560569373e-22,-26.336123365333336,0.04033688148309096,1,0.014581816667957945,0.1285591640544083,3935.5940714776516,completed,poor,a2955d2a2f6e850b88d8b206f465d810e1ad86ab
R52-C-75,R52-C-75__P3__huayi_sy3sy2_phase3_wgs1__shift_morning_handover_2022-10-09__W001,3,validation,exogenous_alpha_wgs_xt,reference,1,CO2_dry_vol_pct,9.230614622933334,10.724867991310118,1.4942533683767838,0.04033688148309096,1,0.014581816667957945,0.1285591640544083,3935.5940714776516,completed,poor,a2955d2a2f6e850b88d8b206f465d810e1ad86ab
R52-C-75,R52-C-75__P3__huayi_sy3sy2_phase3_wgs1__shift_morning_handover_2022-10-09__W001,3,validation,exogenous_alpha_wgs_xt,reference,1,H2_CO_ratio,0.4138872857864837,1.1897637373762993e-24,-0.4138872857864837,0.04033688148309096,1,0.014581816667957945,0.1285591640544083,3935.5940714776516,completed,poor,a2955d2a2f6e850b88d8b206f465d810e1ad86ab
R52-C-75,R52-C-75__P3__huayi_sy3sy2_phase3_wgs1__shift_morning_handover_2022-10-09__W001,3,validation,exogenous_alpha_wgs_xt,reference,1,dry_syngas_flow,129996.4930274862,55664.56366370507,-74331.92936378112,0.04033688148309096,1,0.014581816667957945,0.1285591640544083,3935.5940714776516,completed,poor,a2955d2a2f6e850b88d8b206f465d810e1ad86ab
R52-C-75,R52-C-75__P3__huayi_sy3sy2_phase3_wgs1__plateau_2022-10-09D_014__W001,3,validation,exogenous_alpha_wgs_xt,reference,1,CO_dry_vol_pct,63.740561376,85.52583951883085,21.785278142830848,0.040075947095472894,1,0.014643829665665346,0.12882895036527828,3946.1816877126694,completed,poor,a2955d2a2f6e850b88d8b206f465d810e1ad86ab
R52-C-75,R52-C-75__P3__huayi_sy3sy2_phase3_wgs1__plateau_2022-10-09D_014__W001,3,validation,exogenous_alpha_wgs_xt,reference,1,H2_dry_vol_pct,26.487032301333333,5.719596987887387e-25,-26.487032301333333,0.040075947095472894,1,0.014643829665665346,0.12882895036527828,3946.1816877126694,completed,poor,a2955d2a2f6e850b88d8b206f465d810e1ad86ab
R52-C-75,R52-C-75__P3__huayi_sy3sy2_phase3_wgs1__plateau_2022-10-09D_014__W001,3,validation,exogenous_alpha_wgs_xt,reference,1,CO2_dry_vol_pct,9.021134639866665,10.73736443088181,1.7162297910151452,0.040075947095472894,1,0.014643829665665346,0.12882895036527828,3946.1816877126694,completed,poor,a2955d2a2f6e850b88d8b206f465d810e1ad86ab
R52-C-75,R52-C-75__P3__huayi_sy3sy2_phase3_wgs1__plateau_2022-10-09D_014__W001,3,validation,exogenous_alpha_wgs_xt,reference,1,H2_CO_ratio,0.4155466080054968,6.687566026905895e-27,-0.4155466080054968,0.040075947095472894,1,0.014643829665665346,0.12882895036527828,3946.1816877126694,completed,poor,a2955d2a2f6e850b88d8b206f465d810e1ad86ab
R52-C-75,R52-C-75__P3__huayi_sy3sy2_phase3_wgs1__plateau_2022-10-09D_014__W001,3,validation,exogenous_alpha_wgs_xt,reference,1,dry_syngas_flow,131840.57819571625,55612.34510956548,-76228.23308615078,0.040075947095472894,1,0.014643829665665346,0.12882895036527828,3946.1816877126694,completed,poor,a2955d2a2f6e850b88d8b206f465d810e1ad86ab
R52-C-75,R52-C-75__P3__huayi_sy3sy2_phase3_wgs1__plateau_2022-10-09D_014__W002,3,validation,exogenous_alpha_wgs_xt,reference,1,CO_dry_vol_pct,63.625034205405406,85.69009157386076,22.06505736845535,0.04174340177868816,1,0.014095649168201265,0.1264724557927826,3875.8001784384255,completed,poor,a2955d2a2f6e850b88d8b206f465d810e1ad86ab
R52-C-75,R52-C-75__P3__huayi_sy3sy2_phase3_wgs1__plateau_2022-10-09D_014__W002,3,validation,exogenous_alpha_wgs_xt,reference,1,H2_dry_vol_pct,26.53407218513513,1.3306143552563671e-18,-26.53407218513513,0.04174340177868816,1,0.014095649168201265,0.1264724557927826,3875.8001784384255,completed,poor,a2955d2a2f6e850b88d8b206f465d810e1ad86ab
R52-C-75,R52-C-75__P3__huayi_sy3sy2_phase3_wgs1__plateau_2022-10-09D_014__W002,3,validation,exogenous_alpha_wgs_xt,reference,1,CO2_dry_vol_pct,9.090208024324324,10.663535699591078,1.5733276752667535,0.04174340177868816,1,0.014095649168201265,0.1264724557927826,3875.8001784384255,completed,poor,a2955d2a2f6e850b88d8b206f465d810e1ad86ab
R52-C-75,R52-C-75__P3__huayi_sy3sy2_phase3_wgs1__plateau_2022-10-09D_014__W002,3,validation,exogenous_alpha_wgs_xt,reference,1,H2_CO_ratio,0.4170350224565832,1.5528217216449598e-20,-0.4170350224565832,0.04174340177868816,1,0.014095649168201265,0.1264724557927826,3875.8001784384255,completed,poor,a2955d2a2f6e850b88d8b206f465d810e1ad86ab
R52-C-75,R52-C-75__P3__huayi_sy3sy2_phase3_wgs1__plateau_2022-10-09D_014__W002,3,validation,exogenous_alpha_wgs_xt,reference,1,dry_syngas_flow,132246.15910471155,56234.10700811888,-76012.05209659267,0.04174340177868816,1,0.014095649168201265,0.1264724557927826,3875.8001784384255,completed,poor,a2955d2a2f6e850b88d8b206f465d810e1ad86ab
R52-C-75,R52-C-75__P3__huayi_sy3sy2_phase3_wgs1__plateau_2022-10-09D_014__W003,3,validation,exogenous_alpha_wgs_xt,reference,1,CO_dry_vol_pct,63.596988644,85.80124448494418,22.204255840944178,0.04288478612810765,1,0.013730596652934414,0.1248763968066399,3827.804065436125,completed,poor,a2955d2a2f6e850b88d8b206f465d810e1ad86ab
R52-C-75,R52-C-75__P3__huayi_sy3sy2_phase3_wgs1__plateau_2022-10-09D_014__W003,3,validation,exogenous_alpha_wgs_xt,reference,1,H2_dry_vol_pct,26.524921236,6.678954496458712e-20,-26.524921236,0.04288478612810765,1,0.013730596652934414,0.1248763968066399,3827.804065436125,completed,poor,a2955d2a2f6e850b88d8b206f465d810e1ad86ab
R52-C-75,R52-C-75__P3__huayi_sy3sy2_phase3_wgs1__plateau_2022-10-09D_014__W003,3,validation,exogenous_alpha_wgs_xt,reference,1,CO2_dry_vol_pct,9.133404927733332,10.612912649014627,1.4795077212812942,0.04288478612810765,1,0.013730596652934414,0.1248763968066399,3827.804065436125,completed,poor,a2955d2a2f6e850b88d8b206f465d810e1ad86ab
R52-C-75,R52-C-75__P3__huayi_sy3sy2_phase3_wgs1__plateau_2022-10-09D_014__W003,3,validation,exogenous_alpha_wgs_xt,reference,1,H2_CO_ratio,0.4170757519446523,7.78421634389078e-22,-0.4170757519446523,0.04288478612810765,1,0.013730596652934414,0.1248763968066399,3827.804065436125,completed,poor,a2955d2a2f6e850b88d8b206f465d810e1ad86ab
R52-C-75,R52-C-75__P3__huayi_sy3sy2_phase3_wgs1__plateau_2022-10-09D_014__W003,3,validation,exogenous_alpha_wgs_xt,reference,1,dry_syngas_flow,133928.5809733848,56655.519202032476,-77273.06177135231,0.04288478612810765,1,0.013730596652934414,0.1248763968066399,3827.804065436125,completed,poor,a2955d2a2f6e850b88d8b206f465d810e1ad86ab
R52-C-75,R52-C-75__P3__huayi_sy3sy2_phase3_wgs1__plateau_2022-10-09D_014__W004,3,validation,exogenous_alpha_wgs_xt,reference,1,CO_dry_vol_pct,63.387516137333336,85.59087613096949,22.203359993636155,0.04075566296976004,1,0.014442444352800902,0.12796403696584457,3918.0040160119534,completed,poor,a2955d2a2f6e850b88d8b206f465d810e1ad86ab
R52-C-75,R52-C-75__P3__huayi_sy3sy2_phase3_wgs1__plateau_2022-10-09D_014__W004,3,validation,exogenous_alpha_wgs_xt,reference,1,H2_dry_vol_pct,26.5980029,3.1987611684251757e-20,-26.5980029,0.04075566296976004,1,0.014442444352800902,0.12796403696584457,3918.0040160119534,completed,poor,a2955d2a2f6e850b88d8b206f465d810e1ad86ab
R52-C-75,R52-C-75__P3__huayi_sy3sy2_phase3_wgs1__plateau_2022-10-09D_014__W004,3,validation,exogenous_alpha_wgs_xt,reference,1,CO2_dry_vol_pct,9.270947878666666,10.706959015164262,1.436011136497596,0.04075566296976004,1,0.014442444352800902,0.12796403696584457,3918.0040160119534,completed,poor,a2955d2a2f6e850b88d8b206f465d810e1ad86ab
R52-C-75,R52-C-75__P3__huayi_sy3sy2_phase3_wgs1__plateau_2022-10-09D_014__W004,3,validation,exogenous_alpha_wgs_xt,reference,1,H2_CO_ratio,0.4196343334224648,3.7372688690912494e-22,-0.4196343334224648,0.04075566296976004,1,0.014442444352800902,0.12796403696584457,3918.0040160119534,completed,poor,a2955d2a2f6e850b88d8b206f465d810e1ad86ab
R52-C-75,R52-C-75__P3__huayi_sy3sy2_phase3_wgs1__plateau_2022-10-09D_014__W004,3,validation,exogenous_alpha_wgs_xt,reference,1,dry_syngas_flow,133375.62190245293,55820.68010531321,-77554.94179713972,0.04075566296976004,1,0.014442444352800902,0.12796403696584457,3918.0040160119534,completed,poor,a2955d2a2f6e850b88d8b206f465d810e1ad86ab
R52-C-75,R52-C-75__P3__huayi_sy3sy2_phase3_wgs1__plateau_2022-10-09D_014__W005,3,validation,exogenous_alpha_wgs_xt,reference,1,CO_dry_vol_pct,62.61618982799999,85.60101201759925,22.984822189599257,0.04064633011335429,1,0.014390402748814824,0.12774573605202086,3918.9048473238945,completed,poor,a2955d2a2f6e850b88d8b206f465d810e1ad86ab
R52-C-75,R52-C-75__P3__huayi_sy3sy2_phase3_wgs1__plateau_2022-10-09D_014__W005,3,validation,exogenous_alpha_wgs_xt,reference,1,H2_dry_vol_pct,26.59501441733333,3.839605135836858e-20,-26.59501441733333,0.04064633011335429,1,0.014390402748814824,0.12774573605202086,3918.9048473238945,completed,poor,a2955d2a2f6e850b88d8b206f465d810e1ad86ab
R52-C-75,R52-C-75__P3__huayi_sy3sy2_phase3_wgs1__plateau_2022-10-09D_014__W005,3,validation,exogenous_alpha_wgs_xt,reference,1,CO2_dry_vol_pct,10.0661192648,10.703803529470877,0.6376842646708774,0.04064633011335429,1,0.014390402748814824,0.12774573605202086,3918.9048473238945,completed,poor,a2955d2a2f6e850b88d8b206f465d810e1ad86ab
R52-C-75,R52-C-75__P3__huayi_sy3sy2_phase3_wgs1__plateau_2022-10-09D_014__W005,3,validation,exogenous_alpha_wgs_xt,reference,1,H2_CO_ratio,0.4247432691418862,4.485466988459728e-22,-0.4247432691418862,0.04064633011335429,1,0.014390402748814824,0.12774573605202086,3918.9048473238945,completed,poor,a2955d2a2f6e850b88d8b206f465d810e1ad86ab
R52-C-75,R52-C-75__P3__huayi_sy3sy2_phase3_wgs1__plateau_2022-10-09D_014__W005,3,validation,exogenous_alpha_wgs_xt,reference,1,dry_syngas_flow,132247.16922585663,55968.62168201461,-76278.54754384203,0.04064633011335429,1,0.014390402748814824,0.12774573605202086,3918.9048473238945,completed,poor,a2955d2a2f6e850b88d8b206f465d810e1ad86ab
R52-C-75,R52-C-75__P3__huayi_sy3sy2_phase3_wgs1__plateau_2022-10-09D_014__W006,3,validation,exogenous_alpha_wgs_xt,reference,1,CO_dry_vol_pct,62.90352648870969,85.66754175768959,22.764015268979904,0.04151289006002386,1,0.014153636125407754,0.12672864448618648,3885.295770853758,completed,poor,a2955d2a2f6e850b88d8b206f465d810e1ad86ab
R52-C-75,R52-C-75__P3__huayi_sy3sy2_phase3_wgs1__plateau_2022-10-09D_014__W006,3,validation,exogenous_alpha_wgs_xt,reference,1,H2_dry_vol_pct,26.54743136129032,1.6831849186149735e-20,-26.54743136129032,0.04151289006002386,1,0.014153636125407754,0.12672864448618648,3885.295770853758,completed,poor,a2955d2a2f6e850b88d8b206f465d810e1ad86ab
R52-C-75,R52-C-75__P3__huayi_sy3sy2_phase3_wgs1__plateau_2022-10-09D_014__W006,3,validation,exogenous_alpha_wgs_xt,reference,1,CO2_dry_vol_pct,9.81636658032258,10.67499159910871,0.85862501878613,0.04151289006002386,1,0.014153636125407754,0.12672864448618648,3885.295770853758,completed,poor,a2955d2a2f6e850b88d8b206f465d810e1ad86ab
R52-C-75,R52-C-75__P3__huayi_sy3sy2_phase3_wgs1__plateau_2022-10-09D_014__W006,3,validation,exogenous_alpha_wgs_xt,reference,1,H2_CO_ratio,0.4220389768208398,1.9647872275544658e-22,-0.4220389768208398,0.04151289006002386,1,0.014153636125407754,0.12672864448618648,3885.295770853758,completed,poor,a2955d2a2f6e850b88d8b206f465d810e1ad86ab
R52-C-75,R52-C-75__P3__huayi_sy3sy2_phase3_wgs1__plateau_2022-10-09D_014__W006,3,validation,exogenous_alpha_wgs_xt,reference,1,dry_syngas_flow,132736.94815261435,56178.53354415811,-76558.41460845624,0.04151289006002386,1,0.014153636125407754,0.12672864448618648,3885.295770853758,completed,poor,a2955d2a2f6e850b88d8b206f465d810e1ad86ab
R52-C-75,R52-C-75__P3__huayi_sy3sy2_phase3_wgs1__plateau_2022-10-09D_015__W001,3,validation,exogenous_alpha_wgs_xt,reference,1,CO_dry_vol_pct,63.271916524000005,87.41606460914356,24.144148085143556,0.06277775198200082,1,0.00870342164423278,0.10022509301032788,3043.478208869696,completed,poor,a2955d2a2f6e850b88d8b206f465d810e1ad86ab
R52-C-75,R52-C-75__P3__huayi_sy3sy2_phase3_wgs1__plateau_2022-10-09D_015__W001,3,validation,exogenous_alpha_wgs_xt,reference,1,H2_dry_vol_pct,26.64901363466667,5.139698111861235e-16,-26.64901363466667,0.06277775198200082,1,0.00870342164423278,0.10022509301032788,3043.478208869696,completed,poor,a2955d2a2f6e850b88d8b206f465d810e1ad86ab
R52-C-75,R52-C-75__P3__huayi_sy3sy2_phase3_wgs1__plateau_2022-10-09D_015__W001,3,validation,exogenous_alpha_wgs_xt,reference,1,CO2_dry_vol_pct,9.323292692,9.844269905535665,0.5209772135356641,0.06277775198200082,1,0.00870342164423278,0.10022509301032788,3043.478208869696,completed,poor,a2955d2a2f6e850b88d8b206f465d810e1ad86ab
R52-C-75,R52-C-75__P3__huayi_sy3sy2_phase3_wgs1__plateau_2022-10-09D_015__W001,3,validation,exogenous_alpha_wgs_xt,reference,1,H2_CO_ratio,0.4211808130725526,5.879580755370257e-18,-0.4211808130725526,0.06277775198200082,1,0.00870342164423278,0.10022509301032788,3043.478208869696,completed,poor,a2955d2a2f6e850b88d8b206f465d810e1ad86ab
R52-C-75,R52-C-75__P3__huayi_sy3sy2_phase3_wgs1__plateau_2022-10-09D_015__W001,3,validation,exogenous_alpha_wgs_xt,reference,1,dry_syngas_flow,134447.88973925493,62493.400497709605,-71954.48924154532,0.06277775198200082,1,0.00870342164423278,0.10022509301032788,3043.478208869696,completed,poor,a2955d2a2f6e850b88d8b206f465d810e1ad86ab
R52-C-75,R52-C-75__P3__huayi_sy3sy2_phase3_wgs1__shift_evening_handover_2022-10-09__W001,3,validation,exogenous_alpha_wgs_xt,reference,1,CO_dry_vol_pct,63.61560398533333,87.4246830333002,23.80907904796687,0.0627339522906991,1,0.008669931691054357,0.10004323140134473,3042.4217828661203,completed,poor,a2955d2a2f6e850b88d8b206f465d810e1ad86ab
R52-C-75,R52-C-75__P3__huayi_sy3sy2_phase3_wgs1__shift_evening_handover_2022-10-09__W001,3,validation,exogenous_alpha_wgs_xt,reference,1,H2_dry_vol_pct,26.73415048933333,1.4567964434051455e-18,-26.73415048933333,0.0627339522906991,1,0.008669931691054357,0.10004323140134473,3042.4217828661203,completed,poor,a2955d2a2f6e850b88d8b206f465d810e1ad86ab
R52-C-75,R52-C-75__P3__huayi_sy3sy2_phase3_wgs1__shift_evening_handover_2022-10-09__W001,3,validation,exogenous_alpha_wgs_xt,reference,1,CO2_dry_vol_pct,8.884175634133333,9.840759995936722,0.9565843618033885,0.0627339522906991,1,0.008669931691054357,0.10004323140134473,3042.4217828661203,completed,poor,a2955d2a2f6e850b88d8b206f465d810e1ad86ab
R52-C-75,R52-C-75__P3__huayi_sy3sy2_phase3_wgs1__shift_evening_handover_2022-10-09__W001,3,validation,exogenous_alpha_wgs_xt,reference,1,H2_CO_ratio,0.4202428252415836,1.6663445526594012e-20,-0.4202428252415836,0.0627339522906991,1,0.008669931691054357,0.10004323140134473,3042.4217828661203,completed,poor,a2955d2a2f6e850b88d8b206f465d810e1ad86ab
R52-C-75,R52-C-75__P3__huayi_sy3sy2_phase3_wgs1__shift_evening_handover_2022-10-09__W001,3,validation,exogenous_alpha_wgs_xt,reference,1,dry_syngas_flow,135611.25904985415,62624.581461498274,-72986.67758835587,0.0627339522906991,1,0.008669931691054357,0.10004323140134473,3042.4217828661203,completed,poor,a2955d2a2f6e850b88d8b206f465d810e1ad86ab
R52-C-75,R52-C-75__P3__huayi_sy3sy2_phase3_wgs1__plateau_2022-10-09N_016__W001,3,validation,exogenous_alpha_wgs_xt,reference,1,CO_dry_vol_pct,63.57898174133332,87.38196470755246,23.802982966219133,0.062144581493710875,1,0.008791130231736662,0.10071419115580119,3064.6646026074886,completed,poor,a2955d2a2f6e850b88d8b206f465d810e1ad86ab
R52-C-75,R52-C-75__P3__huayi_sy3sy2_phase3_wgs1__plateau_2022-10-09N_016__W001,3,validation,exogenous_alpha_wgs_xt,reference,1,H2_dry_vol_pct,26.63288796133333,3.70760766707871e-20,-26.63288796133333,0.062144581493710875,1,0.008791130231736662,0.10071419115580119,3064.6646026074886,completed,poor,a2955d2a2f6e850b88d8b206f465d810e1ad86ab
R52-C-75,R52-C-75__P3__huayi_sy3sy2_phase3_wgs1__plateau_2022-10-09N_016__W001,3,validation,exogenous_alpha_wgs_xt,reference,1,CO2_dry_vol_pct,9.042767862133331,9.862194795300034,0.819426933166703,0.062144581493710875,1,0.008791130231736662,0.10071419115580119,3064.6646026074886,completed,poor,a2955d2a2f6e850b88d8b206f465d810e1ad86ab
R52-C-75,R52-C-75__P3__huayi_sy3sy2_phase3_wgs1__plateau_2022-10-09N_016__W001,3,validation,exogenous_alpha_wgs_xt,reference,1,H2_CO_ratio,0.4188932190971368,4.242989591144155e-22,-0.4188932190971368,0.062144581493710875,1,0.008791130231736662,0.10071419115580119,3064.6646026074886,completed,poor,a2955d2a2f6e850b88d8b206f465d810e1ad86ab
R52-C-75,R52-C-75__P3__huayi_sy3sy2_phase3_wgs1__plateau_2022-10-09N_016__W001,3,validation,exogenous_alpha_wgs_xt,reference,1,dry_syngas_flow,134664.33131861346,62481.045962711854,-72183.28535590161,0.062144581493710875,1,0.008791130231736662,0.10071419115580119,3064.6646026074886,completed,poor,a2955d2a2f6e850b88d8b206f465d810e1ad86ab
R52-C-75,R52-C-75__P3__huayi_sy3sy2_phase3_wgs1__plateau_2022-10-09N_016__W002,3,validation,exogenous_alpha_wgs_xt,reference,1,CO_dry_vol_pct,63.81169583733334,87.21119388613955,23.399498048806215,0.05984739551485523,1,0.009283779907242854,0.10339359796341663,3152.3409629017115,completed,poor,a2955d2a2f6e850b88d8b206f465d810e1ad86ab
R52-C-75,R52-C-75__P3__huayi_sy3sy2_phase3_wgs1__plateau_2022-10-09N_016__W002,3,validation,exogenous_alpha_wgs_xt,reference,1,H2_dry_vol_pct,26.68631851066667,2.2908182058362134e-20,-26.68631851066667,0.05984739551485523,1,0.009283779907242854,0.10339359796341663,3152.3409629017115,completed,poor,a2955d2a2f6e850b88d8b206f465d810e1ad86ab
R52-C-75,R52-C-75__P3__huayi_sy3sy2_phase3_wgs1__plateau_2022-10-09N_016__W002,3,validation,exogenous_alpha_wgs_xt,reference,1,CO2_dry_vol_pct,8.74295436293333,9.947223081900471,1.2042687189671408,0.05984739551485523,1,0.009283779907242854,0.10339359796341663,3152.3409629017115,completed,poor,a2955d2a2f6e850b88d8b206f465d810e1ad86ab
R52-C-75,R52-C-75__P3__huayi_sy3sy2_phase3_wgs1__plateau_2022-10-09N_016__W002,3,validation,exogenous_alpha_wgs_xt,reference,1,H2_CO_ratio,0.4182040930376027,2.626747902140911e-22,-0.4182040930376027,0.05984739551485523,1,0.009283779907242854,0.10339359796341663,3152.3409629017115,completed,poor,a2955d2a2f6e850b88d8b206f465d810e1ad86ab
R52-C-75,R52-C-75__P3__huayi_sy3sy2_phase3_wgs1__plateau_2022-10-09N_016__W002,3,validation,exogenous_alpha_wgs_xt,reference,1,dry_syngas_flow,134817.42750773233,61883.668383783304,-72933.75912394901,0.05984739551485523,1,0.009283779907242854,0.10339359796341663,3152.3409629017115,completed,poor,a2955d2a2f6e850b88d8b206f465d810e1ad86ab
R52-C-75,R52-C-75__P3__huayi_sy3sy2_phase3_wgs1__plateau_2022-10-09N_016__W003,3,validation,exogenous_alpha_wgs_xt,reference,1,CO_dry_vol_pct,63.38696185199999,87.04523722419073,23.658275372190737,0.05790578147379696,1,0.009780760662297232,0.1060209114725014,3230.929269194603,completed,poor,a2955d2a2f6e850b88d8b206f465d810e1ad86ab
R52-C-75,R52-C-75__P3__huayi_sy3sy2_phase3_wgs1__plateau_2022-10-09N_016__W003,3,validation,exogenous_alpha_wgs_xt,reference,1,H2_dry_vol_pct,26.529362196,1.0447588615719271e-19,-26.529362196,0.05790578147379696,1,0.009780760662297232,0.1060209114725014,3230.929269194603,completed,poor,a2955d2a2f6e850b88d8b206f465d810e1ad86ab
R52-C-75,R52-C-75__P3__huayi_sy3sy2_phase3_wgs1__plateau_2022-10-09N_016__W003,3,validation,exogenous_alpha_wgs_xt,reference,1,CO2_dry_vol_pct,9.348603313333337,10.028253159439398,0.6796498461060612,0.05790578147379696,1,0.009780760662297232,0.1060209114725014,3230.929269194603,completed,poor,a2955d2a2f6e850b88d8b206f465d810e1ad86ab
R52-C-75,R52-C-75__P3__huayi_sy3sy2_phase3_wgs1__plateau_2022-10-09N_016__W003,3,validation,exogenous_alpha_wgs_xt,reference,1,H2_CO_ratio,0.4185289784033095,1.2002481639300746e-21,-0.4185289784033095,0.05790578147379696,1,0.009780760662297232,0.1060209114725014,3230.929269194603,completed,poor,a2955d2a2f6e850b88d8b206f465d810e1ad86ab
R52-C-75,R52-C-75__P3__huayi_sy3sy2_phase3_wgs1__plateau_2022-10-09N_016__W003,3,validation,exogenous_alpha_wgs_xt,reference,1,dry_syngas_flow,134161.68516554768,61164.9300164558,-72996.75514909188,0.05790578147379696,1,0.009780760662297232,0.1060209114725014,3230.929269194603,completed,poor,a2955d2a2f6e850b88d8b206f465d810e1ad86ab
R52-C-75,R52-C-75__P3__huayi_sy3sy2_phase3_wgs1__plateau_2022-10-09N_017__W001,3,validation,exogenous_alpha_wgs_xt,reference,1,CO_dry_vol_pct,63.03101568400001,86.7067761494457,23.67576046544569,0.053573923358393144,1,0.010803209527574239,0.11122831414659905,3399.352280139923,completed,poor,a2955d2a2f6e850b88d8b206f465d810e1ad86ab
R52-C-75,R52-C-75__P3__huayi_sy3sy2_phase3_wgs1__plateau_2022-10-09N_017__W001,3,validation,exogenous_alpha_wgs_xt,reference,1,H2_dry_vol_pct,26.57533979866667,2.0505941150085807e-21,-26.57533979866667,0.053573923358393144,1,0.010803209527574239,0.11122831414659905,3399.352280139923,completed,poor,a2955d2a2f6e850b88d8b206f465d810e1ad86ab
R52-C-75,R52-C-75__P3__huayi_sy3sy2_phase3_wgs1__plateau_2022-10-09N_017__W001,3,validation,exogenous_alpha_wgs_xt,reference,1,CO2_dry_vol_pct,9.648434968,10.192548510872298,0.5441135428722976,0.053573923358393144,1,0.010803209527574239,0.11122831414659905,3399.352280139923,completed,poor,a2955d2a2f6e850b88d8b206f465d810e1ad86ab
R52-C-75,R52-C-75__P3__huayi_sy3sy2_phase3_wgs1__plateau_2022-10-09N_017__W001,3,validation,exogenous_alpha_wgs_xt,reference,1,H2_CO_ratio,0.4216253343188261,2.3649756179081392e-23,-0.4216253343188261,0.053573923358393144,1,0.010803209527574239,0.11122831414659905,3399.352280139923,completed,poor,a2955d2a2f6e850b88d8b206f465d810e1ad86ab
R52-C-75,R52-C-75__P3__huayi_sy3sy2_phase3_wgs1__plateau_2022-10-09N_017__W001,3,validation,exogenous_alpha_wgs_xt,reference,1,dry_syngas_flow,135171.3384146401,59967.35693363131,-75203.9814810088,0.053573923358393144,1,0.010803209527574239,0.11122831414659905,3399.352280139923,completed,poor,a2955d2a2f6e850b88d8b206f465d810e1ad86ab
R52-C-75,R52-C-75__P3__huayi_sy3sy2_phase3_wgs1__plateau_2022-10-09N_017__W002,3,validation,exogenous_alpha_wgs_xt,reference,1,CO_dry_vol_pct,63.31748898000001,86.3924548122611,23.074965832261086,0.04955072943337943,1,0.011783621470314372,0.11599106663944028,3555.8297680020337,completed,poor,a2955d2a2f6e850b88d8b206f465d810e1ad86ab
R52-C-75,R52-C-75__P3__huayi_sy3sy2_phase3_wgs1__plateau_2022-10-09N_017__W002,3,validation,exogenous_alpha_wgs_xt,reference,1,H2_dry_vol_pct,26.751666024,2.908884155782801e-17,-26.751666024,0.04955072943337943,1,0.011783621470314372,0.11599106663944028,3555.8297680020337,completed,poor,a2955d2a2f6e850b88d8b206f465d810e1ad86ab
R52-C-75,R52-C-75__P3__huayi_sy3sy2_phase3_wgs1__plateau_2022-10-09N_017__W002,3,validation,exogenous_alpha_wgs_xt,reference,1,CO2_dry_vol_pct,9.180358248266668,10.342054930357621,1.1616966820909536,0.04955072943337943,1,0.011783621470314372,0.11599106663944028,3555.8297680020337,completed,poor,a2955d2a2f6e850b88d8b206f465d810e1ad86ab
R52-C-75,R52-C-75__P3__huayi_sy3sy2_phase3_wgs1__plateau_2022-10-09N_017__W002,3,validation,exogenous_alpha_wgs_xt,reference,1,H2_CO_ratio,0.4225033692933648,3.3670581095352352e-19,-0.4225033692933648,0.04955072943337943,1,0.011783621470314372,0.11599106663944028,3555.8297680020337,completed,poor,a2955d2a2f6e850b88d8b206f465d810e1ad86ab
R52-C-75,R52-C-75__P3__huayi_sy3sy2_phase3_wgs1__plateau_2022-10-09N_017__W002,3,validation,exogenous_alpha_wgs_xt,reference,1,dry_syngas_flow,135246.86720652872,58910.098587807326,-76336.7686187214,0.04955072943337943,1,0.011783621470314372,0.11599106663944028,3555.8297680020337,completed,poor,a2955d2a2f6e850b88d8b206f465d810e1ad86ab
R52-C-75,R52-C-75__P3__huayi_sy3sy2_phase3_wgs1__plateau_2022-10-09N_017__W003,3,validation,exogenous_alpha_wgs_xt,reference,1,CO_dry_vol_pct,63.19876112666668,86.2036150074519,23.00485388078522,0.04739726076482956,1,0.012393500256171804,0.1188501333350511,3643.4272125959396,completed,poor,a2955d2a2f6e850b88d8b206f465d810e1ad86ab
R52-C-75,R52-C-75__P3__huayi_sy3sy2_phase3_wgs1__plateau_2022-10-09N_017__W003,3,validation,exogenous_alpha_wgs_xt,reference,1,H2_dry_vol_pct,26.675932976,8.713628344693862e-19,-26.675932976,0.04739726076482956,1,0.012393500256171804,0.1188501333350511,3643.4272125959396,completed,poor,a2955d2a2f6e850b88d8b206f465d810e1ad86ab
R52-C-75,R52-C-75__P3__huayi_sy3sy2_phase3_wgs1__plateau_2022-10-09N_017__W003,3,validation,exogenous_alpha_wgs_xt,reference,1,CO2_dry_vol_pct,9.38341130573333,10.42984220392434,1.0464308981910087,0.04739726076482956,1,0.012393500256171804,0.1188501333350511,3643.4272125959396,completed,poor,a2955d2a2f6e850b88d8b206f465d810e1ad86ab
R52-C-75,R52-C-75__P3__huayi_sy3sy2_phase3_wgs1__plateau_2022-10-09N_017__W003,3,validation,exogenous_alpha_wgs_xt,reference,1,H2_CO_ratio,0.4220973062465988,1.0108193657470872e-20,-0.4220973062465988,0.04739726076482956,1,0.012393500256171804,0.1188501333350511,3643.4272125959396,completed,poor,a2955d2a2f6e850b88d8b206f465d810e1ad86ab
R52-C-75,R52-C-75__P3__huayi_sy3sy2_phase3_wgs1__plateau_2022-10-09N_017__W003,3,validation,exogenous_alpha_wgs_xt,reference,1,dry_syngas_flow,135172.51831524185,58178.4772727559,-76994.04104248594,0.04739726076482956,1,0.012393500256171804,0.1188501333350511,3643.4272125959396,completed,poor,a2955d2a2f6e850b88d8b206f465d810e1ad86ab
R52-C-75,R52-C-75__P4__huayi_sy3sy2_phase4_wgs1__shift_evening_handover_2022-10-10__W001,4,test,exogenous_alpha_wgs_xt,reference,1,CO_dry_vol_pct,64.01460700533333,82.76388326313726,18.749276257803928,0.044334046138662236,1,0.013385532184838135,0.12348705952815603,4041.191548347473,completed,poor,a2955d2a2f6e850b88d8b206f465d810e1ad86ab
R52-C-75,R52-C-75__P4__huayi_sy3sy2_phase4_wgs1__shift_evening_handover_2022-10-10__W001,4,test,exogenous_alpha_wgs_xt,reference,1,H2_dry_vol_pct,26.57001626,1.3004600394002276e-19,-26.57001626,0.044334046138662236,1,0.013385532184838135,0.12348705952815603,4041.191548347473,completed,poor,a2955d2a2f6e850b88d8b206f465d810e1ad86ab
R52-C-75,R52-C-75__P4__huayi_sy3sy2_phase4_wgs1__shift_evening_handover_2022-10-10__W001,4,test,exogenous_alpha_wgs_xt,reference,1,CO2_dry_vol_pct,8.649984683066664,13.418623600125404,4.768638917058739,0.044334046138662236,1,0.013385532184838135,0.12348705952815603,4041.191548347473,completed,poor,a2955d2a2f6e850b88d8b206f465d810e1ad86ab
R52-C-75,R52-C-75__P4__huayi_sy3sy2_phase4_wgs1__shift_evening_handover_2022-10-10__W001,4,test,exogenous_alpha_wgs_xt,reference,1,H2_CO_ratio,0.4150645684105619,1.5712892968851885e-21,-0.4150645684105619,0.044334046138662236,1,0.013385532184838135,0.12348705952815603,4041.191548347473,completed,poor,a2955d2a2f6e850b88d8b206f465d810e1ad86ab
R52-C-75,R52-C-75__P4__huayi_sy3sy2_phase4_wgs1__shift_evening_handover_2022-10-10__W001,4,test,exogenous_alpha_wgs_xt,reference,1,dry_syngas_flow,135760.67350561445,54265.36649225477,-81495.30701335968,0.044334046138662236,1,0.013385532184838135,0.12348705952815603,4041.191548347473,completed,poor,a2955d2a2f6e850b88d8b206f465d810e1ad86ab
R52-C-75,R52-C-75__P4__huayi_sy3sy2_phase4_wgs1__plateau_2022-10-10N_005__W001,4,test,exogenous_alpha_wgs_xt,reference,1,CO_dry_vol_pct,63.82818893200001,82.78205663593043,18.95386770393042,0.04421913607767736,1,0.01330559444644413,0.1231354755523489,4040.0154369473457,completed,poor,a2955d2a2f6e850b88d8b206f465d810e1ad86ab
R52-C-75,R52-C-75__P4__huayi_sy3sy2_phase4_wgs1__plateau_2022-10-10N_005__W001,4,test,exogenous_alpha_wgs_xt,reference,1,H2_dry_vol_pct,26.570929213333336,4.5995235900863744e-23,-26.570929213333336,0.04421913607767736,1,0.01330559444644413,0.1231354755523489,4040.0154369473457,completed,poor,a2955d2a2f6e850b88d8b206f465d810e1ad86ab
R52-C-75,R52-C-75__P4__huayi_sy3sy2_phase4_wgs1__plateau_2022-10-10N_005__W001,4,test,exogenous_alpha_wgs_xt,reference,1,CO2_dry_vol_pct,8.839892853199999,13.412229506182449,4.57233665298245,0.04421913607767736,1,0.01330559444644413,0.1231354755523489,4040.0154369473457,completed,poor,a2955d2a2f6e850b88d8b206f465d810e1ad86ab
R52-C-75,R52-C-75__P4__huayi_sy3sy2_phase4_wgs1__plateau_2022-10-10N_005__W001,4,test,exogenous_alpha_wgs_xt,reference,1,H2_CO_ratio,0.4162924484200933,5.556184246925333e-25,-0.4162924484200933,0.04421913607767736,1,0.01330559444644413,0.1231354755523489,4040.0154369473457,completed,poor,a2955d2a2f6e850b88d8b206f465d810e1ad86ab
R52-C-75,R52-C-75__P4__huayi_sy3sy2_phase4_wgs1__plateau_2022-10-10N_005__W001,4,test,exogenous_alpha_wgs_xt,reference,1,dry_syngas_flow,135005.1046139279,54466.54392504036,-80538.56068888753,0.04421913607767736,1,0.01330559444644413,0.1231354755523489,4040.0154369473457,completed,poor,a2955d2a2f6e850b88d8b206f465d810e1ad86ab
R52-C-75,R52-C-75__P4__huayi_sy3sy2_phase4_wgs1__plateau_2022-10-10N_005__W002,4,test,exogenous_alpha_wgs_xt,reference,1,CO_dry_vol_pct,64.31116436800001,82.8796753043256,18.568510936325595,0.045496068969992656,1,0.013050266168992847,0.12196917333538189,3987.2049371004105,completed,poor,a2955d2a2f6e850b88d8b206f465d810e1ad86ab
R52-C-75,R52-C-75__P4__huayi_sy3sy2_phase4_wgs1__plateau_2022-10-10N_005__W002,4,test,exogenous_alpha_wgs_xt,reference,1,H2_dry_vol_pct,26.508811098666666,5.984903961110227e-19,-26.508811098666666,0.045496068969992656,1,0.013050266168992847,0.12196917333538189,3987.2049371004105,completed,poor,a2955d2a2f6e850b88d8b206f465d810e1ad86ab
R52-C-75,R52-C-75__P4__huayi_sy3sy2_phase4_wgs1__plateau_2022-10-10N_005__W002,4,test,exogenous_alpha_wgs_xt,reference,1,CO2_dry_vol_pct,8.3981092376,13.36351256393078,4.9654033263307795,0.045496068969992656,1,0.013050266168992847,0.12196917333538189,3987.2049371004105,completed,poor,a2955d2a2f6e850b88d8b206f465d810e1ad86ab
R52-C-75,R52-C-75__P4__huayi_sy3sy2_phase4_wgs1__plateau_2022-10-10N_005__W002,4,test,exogenous_alpha_wgs_xt,reference,1,H2_CO_ratio,0.4121971485284492,7.221196196937643e-21,-0.4121971485284492,0.045496068969992656,1,0.013050266168992847,0.12196917333538189,3987.2049371004105,completed,poor,a2955d2a2f6e850b88d8b206f465d810e1ad86ab
R52-C-75,R52-C-75__P4__huayi_sy3sy2_phase4_wgs1__plateau_2022-10-10N_005__W002,4,test,exogenous_alpha_wgs_xt,reference,1,dry_syngas_flow,135495.13680565485,54570.04487732268,-80925.09192833217,0.045496068969992656,1,0.013050266168992847,0.12196917333538189,3987.2049371004105,completed,poor,a2955d2a2f6e850b88d8b206f465d810e1ad86ab
R52-C-75,R52-C-75__P4__huayi_sy3sy2_phase4_wgs1__plateau_2022-10-10N_005__W003,4,test,exogenous_alpha_wgs_xt,reference,1,CO_dry_vol_pct,64.49385571333333,82.96388670068686,18.470030987353525,0.04629071645573431,1,0.012801965945024746,0.12083409991629528,3949.1019480228424,completed,poor,a2955d2a2f6e850b88d8b206f465d810e1ad86ab
R52-C-75,R52-C-75__P4__huayi_sy3sy2_phase4_wgs1__plateau_2022-10-10N_005__W003,4,test,exogenous_alpha_wgs_xt,reference,1,H2_dry_vol_pct,26.58790125466667,1.3152966431308929e-21,-26.58790125466667,0.04629071645573431,1,0.012801965945024746,0.12083409991629528,3949.1019480228424,completed,poor,a2955d2a2f6e850b88d8b206f465d810e1ad86ab
R52-C-75,R52-C-75__P4__huayi_sy3sy2_phase4_wgs1__plateau_2022-10-10N_005__W003,4,test,exogenous_alpha_wgs_xt,reference,1,CO2_dry_vol_pct,8.124114556799997,13.323725880331649,5.199611323531652,0.04629071645573431,1,0.012801965945024746,0.12083409991629528,3949.1019480228424,completed,poor,a2955d2a2f6e850b88d8b206f465d810e1ad86ab
R52-C-75,R52-C-75__P4__huayi_sy3sy2_phase4_wgs1__plateau_2022-10-10N_005__W003,4,test,exogenous_alpha_wgs_xt,reference,1,H2_CO_ratio,0.4122555915079969,1.5853845515653785e-23,-0.4122555915079969,0.04629071645573431,1,0.012801965945024746,0.12083409991629528,3949.1019480228424,completed,poor,a2955d2a2f6e850b88d8b206f465d810e1ad86ab
R52-C-75,R52-C-75__P4__huayi_sy3sy2_phase4_wgs1__plateau_2022-10-10N_005__W003,4,test,exogenous_alpha_wgs_xt,reference,1,dry_syngas_flow,135364.9627240593,54823.68560328098,-80541.27712077831,0.04629071645573431,1,0.012801965945024746,0.12083409991629528,3949.1019480228424,completed,poor,a2955d2a2f6e850b88d8b206f465d810e1ad86ab
R52-C-75,R52-C-75__P4__huayi_sy3sy2_phase4_wgs1__plateau_2022-10-10N_006__W001,4,test,exogenous_alpha_wgs_xt,reference,1,CO_dry_vol_pct,63.77916357866667,82.70584474721706,18.926681168550388,0.04396530453451485,1,0.013575327216461763,0.1243312522334693,4063.002442598343,completed,poor,a2955d2a2f6e850b88d8b206f465d810e1ad86ab
R52-C-75,R52-C-75__P4__huayi_sy3sy2_phase4_wgs1__plateau_2022-10-10N_006__W001,4,test,exogenous_alpha_wgs_xt,reference,1,H2_dry_vol_pct,26.443332844,4.399712387290138e-21,-26.443332844,0.04396530453451485,1,0.013575327216461763,0.1243312522334693,4063.002442598343,completed,poor,a2955d2a2f6e850b88d8b206f465d810e1ad86ab
R52-C-75,R52-C-75__P4__huayi_sy3sy2_phase4_wgs1__plateau_2022-10-10N_006__W001,4,test,exogenous_alpha_wgs_xt,reference,1,CO2_dry_vol_pct,9.051822255066666,13.44442570560295,4.392603450536283,0.04396530453451485,1,0.013575327216461763,0.1243312522334693,4063.002442598343,completed,poor,a2955d2a2f6e850b88d8b206f465d810e1ad86ab
R52-C-75,R52-C-75__P4__huayi_sy3sy2_phase4_wgs1__plateau_2022-10-10N_006__W001,4,test,exogenous_alpha_wgs_xt,reference,1,H2_CO_ratio,0.4146093339609317,5.31971156420379e-23,-0.4146093339609317,0.04396530453451485,1,0.013575327216461763,0.1243312522334693,4063.002442598343,completed,poor,a2955d2a2f6e850b88d8b206f465d810e1ad86ab
R52-C-75,R52-C-75__P4__huayi_sy3sy2_phase4_wgs1__plateau_2022-10-10N_006__W001,4,test,exogenous_alpha_wgs_xt,reference,1,dry_syngas_flow,133351.22348692224,54002.99977829114,-79348.2237086311,0.04396530453451485,1,0.013575327216461763,0.1243312522334693,4063.002442598343,completed,poor,a2955d2a2f6e850b88d8b206f465d810e1ad86ab
R52-C-75,R52-C-75__P4__huayi_sy3sy2_phase4_wgs1__plateau_2022-10-11D_007__W001,4,test,exogenous_alpha_wgs_xt,reference,1,CO_dry_vol_pct,63.626893033333324,82.89877094864947,19.271877915316146,0.04372945753323162,1,0.012895640945673496,0.12129478879080904,4028.0688160955906,completed,poor,a2955d2a2f6e850b88d8b206f465d810e1ad86ab
R52-C-75,R52-C-75__P4__huayi_sy3sy2_phase4_wgs1__plateau_2022-10-11D_007__W001,4,test,exogenous_alpha_wgs_xt,reference,1,H2_dry_vol_pct,26.43668682133333,2.064314873636969e-20,-26.43668682133333,0.04372945753323162,1,0.012895640945673496,0.12129478879080904,4028.0688160955906,completed,poor,a2955d2a2f6e850b88d8b206f465d810e1ad86ab
R52-C-75,R52-C-75__P4__huayi_sy3sy2_phase4_wgs1__plateau_2022-10-11D_007__W001,4,test,exogenous_alpha_wgs_xt,reference,1,CO2_dry_vol_pct,9.1923174696,13.362700733153282,4.170383263553282,0.04372945753323162,1,0.012895640945673496,0.12129478879080904,4028.0688160955906,completed,poor,a2955d2a2f6e850b88d8b206f465d810e1ad86ab
R52-C-75,R52-C-75__P4__huayi_sy3sy2_phase4_wgs1__plateau_2022-10-11D_007__W001,4,test,exogenous_alpha_wgs_xt,reference,1,H2_CO_ratio,0.4154965959629,2.4901634246371166e-22,-0.4154965959629,0.04372945753323162,1,0.012895640945673496,0.12129478879080904,4028.0688160955906,completed,poor,a2955d2a2f6e850b88d8b206f465d810e1ad86ab
R52-C-75,R52-C-75__P4__huayi_sy3sy2_phase4_wgs1__plateau_2022-10-11D_007__W001,4,test,exogenous_alpha_wgs_xt,reference,1,dry_syngas_flow,136035.22563336554,55516.37806815877,-80518.84756520677,0.04372945753323162,1,0.012895640945673496,0.12129478879080904,4028.0688160955906,completed,poor,a2955d2a2f6e850b88d8b206f465d810e1ad86ab
R52-C-75,R52-C-75__P4__huayi_sy3sy2_phase4_wgs1__plateau_2022-10-11D_007__W002,4,test,exogenous_alpha_wgs_xt,reference,1,CO_dry_vol_pct,64.09863798533333,82.69712989345899,18.598491908125666,0.04213297837798944,1,0.013517304237806777,0.1240976792922722,4112.27332136035,completed,poor,a2955d2a2f6e850b88d8b206f465d810e1ad86ab
R52-C-75,R52-C-75__P4__huayi_sy3sy2_phase4_wgs1__plateau_2022-10-11D_007__W002,4,test,exogenous_alpha_wgs_xt,reference,1,H2_dry_vol_pct,26.54015314933333,7.29841920632065e-20,-26.54015314933333,0.04213297837798944,1,0.013517304237806777,0.1240976792922722,4112.27332136035,completed,poor,a2955d2a2f6e850b88d8b206f465d810e1ad86ab
R52-C-75,R52-C-75__P4__huayi_sy3sy2_phase4_wgs1__plateau_2022-10-11D_007__W002,4,test,exogenous_alpha_wgs_xt,reference,1,CO2_dry_vol_pct,8.621761675599998,13.455409818349814,4.833648142749816,0.04213297837798944,1,0.013517304237806777,0.1240976792922722,4112.27332136035,completed,poor,a2955d2a2f6e850b88d8b206f465d810e1ad86ab
R52-C-75,R52-C-75__P4__huayi_sy3sy2_phase4_wgs1__plateau_2022-10-11D_007__W002,4,test,exogenous_alpha_wgs_xt,reference,1,H2_CO_ratio,0.4140545108796176,8.82548066144908e-22,-0.4140545108796176,0.04213297837798944,1,0.013517304237806777,0.1240976792922722,4112.27332136035,completed,poor,a2955d2a2f6e850b88d8b206f465d810e1ad86ab
R52-C-75,R52-C-75__P4__huayi_sy3sy2_phase4_wgs1__plateau_2022-10-11D_007__W002,4,test,exogenous_alpha_wgs_xt,reference,1,dry_syngas_flow,137970.48403627425,54748.718097724195,-83221.76593855006,0.04213297837798944,1,0.013517304237806777,0.1240976792922722,4112.27332136035,completed,poor,a2955d2a2f6e850b88d8b206f465d810e1ad86ab
R52-C-75,R52-C-75__P4__huayi_sy3sy2_phase4_wgs1__plateau_2022-10-11D_007__W003,4,test,exogenous_alpha_wgs_xt,reference,1,CO_dry_vol_pct,64.07335221866667,82.88370620359686,18.810353984930188,0.04382500093483732,1,0.012971717083669388,0.1216323196924793,4029.490065008402,completed,poor,a2955d2a2f6e850b88d8b206f465d810e1ad86ab
R52-C-75,R52-C-75__P4__huayi_sy3sy2_phase4_wgs1__plateau_2022-10-11D_007__W003,4,test,exogenous_alpha_wgs_xt,reference,1,H2_dry_vol_pct,26.416445604,5.0235300864428053e-23,-26.416445604,0.04382500093483732,1,0.012971717083669388,0.1216323196924793,4029.490065008402,completed,poor,a2955d2a2f6e850b88d8b206f465d810e1ad86ab
R52-C-75,R52-C-75__P4__huayi_sy3sy2_phase4_wgs1__plateau_2022-10-11D_007__W003,4,test,exogenous_alpha_wgs_xt,reference,1,CO2_dry_vol_pct,8.779726567466666,13.367151954150247,4.587425386683581,0.04382500093483732,1,0.012971717083669388,0.1216323196924793,4029.490065008402,completed,poor,a2955d2a2f6e850b88d8b206f465d810e1ad86ab
R52-C-75,R52-C-75__P4__huayi_sy3sy2_phase4_wgs1__plateau_2022-10-11D_007__W003,4,test,exogenous_alpha_wgs_xt,reference,1,H2_CO_ratio,0.4122867225679864,6.0609380498778925e-25,-0.4122867225679864,0.04382500093483732,1,0.012971717083669388,0.1216323196924793,4029.490065008402,completed,poor,a2955d2a2f6e850b88d8b206f465d810e1ad86ab
R52-C-75,R52-C-75__P4__huayi_sy3sy2_phase4_wgs1__plateau_2022-10-11D_007__W003,4,test,exogenous_alpha_wgs_xt,reference,1,dry_syngas_flow,136825.0943745475,55327.29034647582,-81497.8040280717,0.04382500093483732,1,0.012971717083669388,0.1216323196924793,4029.490065008402,completed,poor,a2955d2a2f6e850b88d8b206f465d810e1ad86ab
R52-C-75,R52-C-75__P4__huayi_sy3sy2_phase4_wgs1__plateau_2022-10-11D_008__W001,4,test,exogenous_alpha_wgs_xt,reference,1,CO_dry_vol_pct,64.444292672,82.4688849369108,18.024592264910794,0.03996464043880114,1,0.014178135929256402,0.1270206420848299,4215.7160178124905,completed,poor,a2955d2a2f6e850b88d8b206f465d810e1ad86ab
R52-C-75,R52-C-75__P4__huayi_sy3sy2_phase4_wgs1__plateau_2022-10-11D_008__W001,4,test,exogenous_alpha_wgs_xt,reference,1,H2_dry_vol_pct,26.184946909333338,1.0649847488040404e-17,-26.184946909333338,0.03996464043880114,1,0.014178135929256402,0.1270206420848299,4215.7160178124905,completed,poor,a2955d2a2f6e850b88d8b206f465d810e1ad86ab
R52-C-75,R52-C-75__P4__huayi_sy3sy2_phase4_wgs1__plateau_2022-10-11D_008__W001,4,test,exogenous_alpha_wgs_xt,reference,1,CO2_dry_vol_pct,8.629577009866667,13.56340049410669,4.933823484240023,0.03996464043880114,1,0.014178135929256402,0.1270206420848299,4215.7160178124905,completed,poor,a2955d2a2f6e850b88d8b206f465d810e1ad86ab
R52-C-75,R52-C-75__P4__huayi_sy3sy2_phase4_wgs1__plateau_2022-10-11D_008__W001,4,test,exogenous_alpha_wgs_xt,reference,1,H2_CO_ratio,0.406323052860725,1.2913776506360676e-19,-0.406323052860725,0.03996464043880114,1,0.014178135929256402,0.1270206420848299,4215.7160178124905,completed,poor,a2955d2a2f6e850b88d8b206f465d810e1ad86ab
R52-C-75,R52-C-75__P4__huayi_sy3sy2_phase4_wgs1__plateau_2022-10-11D_008__W001,4,test,exogenous_alpha_wgs_xt,reference,1,dry_syngas_flow,137156.36284060925,54120.66338431341,-83035.69945629584,0.03996464043880114,1,0.014178135929256402,0.1270206420848299,4215.7160178124905,completed,poor,a2955d2a2f6e850b88d8b206f465d810e1ad86ab
R52-C-75,R52-C-75__P4__huayi_sy3sy2_phase4_wgs1__plateau_2022-10-11D_008__W002,4,test,exogenous_alpha_wgs_xt,reference,1,CO_dry_vol_pct,64.04580293866667,82.29522324966545,18.249420310998786,0.038665620801973166,1,0.014720536812543705,0.12935806750204934,4285.439469128847,completed,poor,a2955d2a2f6e850b88d8b206f465d810e1ad86ab
R52-C-75,R52-C-75__P4__huayi_sy3sy2_phase4_wgs1__plateau_2022-10-11D_008__W002,4,test,exogenous_alpha_wgs_xt,reference,1,H2_dry_vol_pct,26.15345603733333,1.9159397385687882e-23,-26.15345603733333,0.038665620801973166,1,0.014720536812543705,0.12935806750204934,4285.439469128847,completed,poor,a2955d2a2f6e850b88d8b206f465d810e1ad86ab
R52-C-75,R52-C-75__P4__huayi_sy3sy2_phase4_wgs1__plateau_2022-10-11D_008__W002,4,test,exogenous_alpha_wgs_xt,reference,1,CO2_dry_vol_pct,9.0779215036,13.641991375277879,4.564069871677878,0.038665620801973166,1,0.014720536812543705,0.12935806750204934,4285.439469128847,completed,poor,a2955d2a2f6e850b88d8b206f465d810e1ad86ab
R52-C-75,R52-C-75__P4__huayi_sy3sy2_phase4_wgs1__plateau_2022-10-11D_008__W002,4,test,exogenous_alpha_wgs_xt,reference,1,H2_CO_ratio,0.4083561392281232,2.3281299483886837e-25,-0.4083561392281232,0.038665620801973166,1,0.014720536812543705,0.12935806750204934,4285.439469128847,completed,poor,a2955d2a2f6e850b88d8b206f465d810e1ad86ab
R52-C-75,R52-C-75__P4__huayi_sy3sy2_phase4_wgs1__plateau_2022-10-11D_008__W002,4,test,exogenous_alpha_wgs_xt,reference,1,dry_syngas_flow,135991.79501952455,53481.64516042182,-82510.14985910273,0.038665620801973166,1,0.014720536812543705,0.12935806750204934,4285.439469128847,completed,poor,a2955d2a2f6e850b88d8b206f465d810e1ad86ab
R52-C-75,R52-C-75__P4__huayi_sy3sy2_phase4_wgs1__plateau_2022-10-11D_008__W003,4,test,exogenous_alpha_wgs_xt,reference,1,CO_dry_vol_pct,64.256238388,82.1369525627255,17.880714174725497,0.03724717402893712,1,0.015190747699397648,0.13135653129354527,4354.652169436216,completed,poor,a2955d2a2f6e850b88d8b206f465d810e1ad86ab
R52-C-75,R52-C-75__P4__huayi_sy3sy2_phase4_wgs1__plateau_2022-10-11D_008__W003,4,test,exogenous_alpha_wgs_xt,reference,1,H2_dry_vol_pct,26.36602994,1.625834455904845e-20,-26.36602994,0.03724717402893712,1,0.015190747699397648,0.13135653129354527,4354.652169436216,completed,poor,a2955d2a2f6e850b88d8b206f465d810e1ad86ab
R52-C-75,R52-C-75__P4__huayi_sy3sy2_phase4_wgs1__plateau_2022-10-11D_008__W003,4,test,exogenous_alpha_wgs_xt,reference,1,CO2_dry_vol_pct,8.608786961733331,13.715262487337753,5.106475525604422,0.03724717402893712,1,0.015190747699397648,0.13135653129354527,4354.652169436216,completed,poor,a2955d2a2f6e850b88d8b206f465d810e1ad86ab
R52-C-75,R52-C-75__P4__huayi_sy3sy2_phase4_wgs1__plateau_2022-10-11D_008__W003,4,test,exogenous_alpha_wgs_xt,reference,1,H2_CO_ratio,0.4103342401837222,1.979419013218496e-22,-0.4103342401837222,0.03724717402893712,1,0.015190747699397648,0.13135653129354527,4354.652169436216,completed,poor,a2955d2a2f6e850b88d8b206f465d810e1ad86ab
R52-C-75,R52-C-75__P4__huayi_sy3sy2_phase4_wgs1__plateau_2022-10-11D_008__W003,4,test,exogenous_alpha_wgs_xt,reference,1,dry_syngas_flow,136978.1755701889,53037.2578333511,-83940.91773683782,0.03724717402893712,1,0.015190747699397648,0.13135653129354527,4354.652169436216,completed,poor,a2955d2a2f6e850b88d8b206f465d810e1ad86ab
R52-C-75,R52-C-75__P4__huayi_sy3sy2_phase4_wgs1__shift_evening_handover_2022-10-11__W001,4,test,exogenous_alpha_wgs_xt,reference,1,CO_dry_vol_pct,64.19336817733334,82.08160953907716,17.888241361743823,0.03663502757169258,1,0.015353831905178354,0.1320426559618619,4382.060139387846,completed,poor,a2955d2a2f6e850b88d8b206f465d810e1ad86ab
R52-C-75,R52-C-75__P4__huayi_sy3sy2_phase4_wgs1__shift_evening_handover_2022-10-11__W001,4,test,exogenous_alpha_wgs_xt,reference,1,H2_dry_vol_pct,26.30245188,3.245561006963849e-22,-26.30245188,0.03663502757169258,1,0.015353831905178354,0.1320426559618619,4382.060139387846,completed,poor,a2955d2a2f6e850b88d8b206f465d810e1ad86ab
R52-C-75,R52-C-75__P4__huayi_sy3sy2_phase4_wgs1__shift_evening_handover_2022-10-11__W001,4,test,exogenous_alpha_wgs_xt,reference,1,CO2_dry_vol_pct,8.784614966399998,13.740890358445343,4.956275392045345,0.03663502757169258,1,0.015353831905178354,0.1320426559618619,4382.060139387846,completed,poor,a2955d2a2f6e850b88d8b206f465d810e1ad86ab
R52-C-75,R52-C-75__P4__huayi_sy3sy2_phase4_wgs1__shift_evening_handover_2022-10-11__W001,4,test,exogenous_alpha_wgs_xt,reference,1,H2_CO_ratio,0.409741372657507,3.954065990163987e-24,-0.409741372657507,0.03663502757169258,1,0.015353831905178354,0.1320426559618619,4382.060139387846,completed,poor,a2955d2a2f6e850b88d8b206f465d810e1ad86ab
R52-C-75,R52-C-75__P4__huayi_sy3sy2_phase4_wgs1__shift_evening_handover_2022-10-11__W001,4,test,exogenous_alpha_wgs_xt,reference,1,dry_syngas_flow,136616.59951076444,52926.737618325235,-83689.8618924392,0.03663502757169258,1,0.015353831905178354,0.1320426559618619,4382.060139387846,completed,poor,a2955d2a2f6e850b88d8b206f465d810e1ad86ab
R52-C-75,R52-C-75__P4__huayi_sy3sy2_phase4_wgs1__plateau_2022-10-11N_009__W001,4,test,exogenous_alpha_wgs_xt,reference,1,CO_dry_vol_pct,63.91786433733334,82.10829899027823,18.190434652944887,0.03688716387530664,1,0.015274797200052832,0.13171077337855877,4370.02648845315,completed,poor,a2955d2a2f6e850b88d8b206f465d810e1ad86ab
R52-C-75,R52-C-75__P4__huayi_sy3sy2_phase4_wgs1__plateau_2022-10-11N_009__W001,4,test,exogenous_alpha_wgs_xt,reference,1,H2_dry_vol_pct,26.21391532,2.22972116437103e-23,-26.21391532,0.03688716387530664,1,0.015274797200052832,0.13171077337855877,4370.02648845315,completed,poor,a2955d2a2f6e850b88d8b206f465d810e1ad86ab
R52-C-75,R52-C-75__P4__huayi_sy3sy2_phase4_wgs1__plateau_2022-10-11N_009__W001,4,test,exogenous_alpha_wgs_xt,reference,1,CO2_dry_vol_pct,9.138149151733332,13.728576830009857,4.590427678276525,0.03688716387530664,1,0.015274797200052832,0.13171077337855877,4370.02648845315,completed,poor,a2955d2a2f6e850b88d8b206f465d810e1ad86ab
R52-C-75,R52-C-75__P4__huayi_sy3sy2_phase4_wgs1__plateau_2022-10-11N_009__W001,4,test,exogenous_alpha_wgs_xt,reference,1,H2_CO_ratio,0.410123458800239,2.715585625071874e-25,-0.410123458800239,0.03688716387530664,1,0.015274797200052832,0.13171077337855877,4370.02648845315,completed,poor,a2955d2a2f6e850b88d8b206f465d810e1ad86ab
R52-C-75,R52-C-75__P4__huayi_sy3sy2_phase4_wgs1__plateau_2022-10-11N_009__W001,4,test,exogenous_alpha_wgs_xt,reference,1,dry_syngas_flow,135307.58787081367,52995.027493616886,-82312.56037719679,0.03688716387530664,1,0.015274797200052832,0.13171077337855877,4370.02648845315,completed,poor,a2955d2a2f6e850b88d8b206f465d810e1ad86ab
R52-C-75,R52-C-75__P4__huayi_sy3sy2_phase4_wgs1__plateau_2022-10-11N_009__W002,4,test,exogenous_alpha_wgs_xt,reference,1,CO_dry_vol_pct,63.931436388,82.41597066051887,18.484534272518864,0.039469059154268044,1,0.01435213211333259,0.12777284925094023,4239.968378126621,completed,poor,a2955d2a2f6e850b88d8b206f465d810e1ad86ab
R52-C-75,R52-C-75__P4__huayi_sy3sy2_phase4_wgs1__plateau_2022-10-11N_009__W002,4,test,exogenous_alpha_wgs_xt,reference,1,H2_dry_vol_pct,26.263043389333337,3.3165307734055e-24,-26.263043389333337,0.039469059154268044,1,0.01435213211333259,0.12777284925094023,4239.968378126621,completed,poor,a2955d2a2f6e850b88d8b206f465d810e1ad86ab
R52-C-75,R52-C-75__P4__huayi_sy3sy2_phase4_wgs1__plateau_2022-10-11N_009__W002,4,test,exogenous_alpha_wgs_xt,reference,1,CO2_dry_vol_pct,9.063825851066666,13.586692972872067,4.522867121805401,0.039469059154268044,1,0.01435213211333259,0.12777284925094023,4239.968378126621,completed,poor,a2955d2a2f6e850b88d8b206f465d810e1ad86ab
R52-C-75,R52-C-75__P4__huayi_sy3sy2_phase4_wgs1__plateau_2022-10-11N_009__W002,4,test,exogenous_alpha_wgs_xt,reference,1,H2_CO_ratio,0.4108069567492254,4.024136034345434e-26,-0.4108069567492254,0.039469059154268044,1,0.01435213211333259,0.12777284925094023,4239.968378126621,completed,poor,a2955d2a2f6e850b88d8b206f465d810e1ad86ab
R52-C-75,R52-C-75__P4__huayi_sy3sy2_phase4_wgs1__plateau_2022-10-11N_009__W002,4,test,exogenous_alpha_wgs_xt,reference,1,dry_syngas_flow,136523.3210220265,53944.32002801477,-82579.00099401173,0.039469059154268044,1,0.01435213211333259,0.12777284925094023,4239.968378126621,completed,poor,a2955d2a2f6e850b88d8b206f465d810e1ad86ab
R52-C-75,R52-C-75__P4__huayi_sy3sy2_phase4_wgs1__plateau_2022-10-11N_009__W003,4,test,exogenous_alpha_wgs_xt,reference,1,CO_dry_vol_pct,64.51372475733334,82.32018768299476,17.80646292566142,0.03854483882268044,1,0.014650533868418273,0.12905668725164485,4284.125543832779,completed,poor,a2955d2a2f6e850b88d8b206f465d810e1ad86ab
R52-C-75,R52-C-75__P4__huayi_sy3sy2_phase4_wgs1__plateau_2022-10-11N_009__W003,4,test,exogenous_alpha_wgs_xt,reference,1,H2_dry_vol_pct,26.241503150666663,1.737533208957376e-24,-26.241503150666663,0.03854483882268044,1,0.014650533868418273,0.12905668725164485,4284.125543832779,completed,poor,a2955d2a2f6e850b88d8b206f465d810e1ad86ab
R52-C-75,R52-C-75__P4__huayi_sy3sy2_phase4_wgs1__plateau_2022-10-11N_009__W003,4,test,exogenous_alpha_wgs_xt,reference,1,CO2_dry_vol_pct,8.492468518533332,13.63005525205513,5.137586733521797,0.03854483882268044,1,0.014650533868418273,0.12905668725164485,4284.125543832779,completed,poor,a2955d2a2f6e850b88d8b206f465d810e1ad86ab
R52-C-75,R52-C-75__P4__huayi_sy3sy2_phase4_wgs1__plateau_2022-10-11N_009__W003,4,test,exogenous_alpha_wgs_xt,reference,1,H2_CO_ratio,0.4067595263541621,2.1107012239189852e-26,-0.4067595263541621,0.03854483882268044,1,0.014650533868418273,0.12905668725164485,4284.125543832779,completed,poor,a2955d2a2f6e850b88d8b206f465d810e1ad86ab
R52-C-75,R52-C-75__P4__huayi_sy3sy2_phase4_wgs1__plateau_2022-10-11N_009__W003,4,test,exogenous_alpha_wgs_xt,reference,1,dry_syngas_flow,138279.71452432888,53666.2304885805,-84613.48403574838,0.03854483882268044,1,0.014650533868418273,0.12905668725164485,4284.125543832779,completed,poor,a2955d2a2f6e850b88d8b206f465d810e1ad86ab
R52-C-75,R52-C-75__P4__huayi_sy3sy2_phase4_wgs1__plateau_2022-10-11N_009__W004,4,test,exogenous_alpha_wgs_xt,reference,1,CO_dry_vol_pct,64.815687,82.31973797003576,17.504050970035763,0.038604665918019386,1,0.014638259146933643,0.12900781760524732,4282.254435658455,completed,poor,a2955d2a2f6e850b88d8b206f465d810e1ad86ab
R52-C-75,R52-C-75__P4__huayi_sy3sy2_phase4_wgs1__plateau_2022-10-11N_009__W004,4,test,exogenous_alpha_wgs_xt,reference,1,H2_dry_vol_pct,26.31384755466667,1.5758347870919886e-23,-26.31384755466667,0.038604665918019386,1,0.014638259146933643,0.12900781760524732,4282.254435658455,completed,poor,a2955d2a2f6e850b88d8b206f465d810e1ad86ab
R52-C-75,R52-C-75__P4__huayi_sy3sy2_phase4_wgs1__plateau_2022-10-11N_009__W004,4,test,exogenous_alpha_wgs_xt,reference,1,CO2_dry_vol_pct,8.0893161844,13.631382511877943,5.542066327477944,0.038604665918019386,1,0.014638259146933643,0.12900781760524732,4282.254435658455,completed,poor,a2955d2a2f6e850b88d8b206f465d810e1ad86ab
R52-C-75,R52-C-75__P4__huayi_sy3sy2_phase4_wgs1__plateau_2022-10-11N_009__W004,4,test,exogenous_alpha_wgs_xt,reference,1,H2_CO_ratio,0.4059818060279888,1.9142854750893275e-25,-0.4059818060279888,0.038604665918019386,1,0.014638259146933643,0.12900781760524732,4282.254435658455,completed,poor,a2955d2a2f6e850b88d8b206f465d810e1ad86ab
R52-C-75,R52-C-75__P4__huayi_sy3sy2_phase4_wgs1__plateau_2022-10-11N_009__W004,4,test,exogenous_alpha_wgs_xt,reference,1,dry_syngas_flow,138936.53846362265,53663.86845904772,-85272.67000457493,0.038604665918019386,1,0.014638259146933643,0.12900781760524732,4282.254435658455,completed,poor,a2955d2a2f6e850b88d8b206f465d810e1ad86ab
R52-C-75,R52-C-75__P4__huayi_sy3sy2_phase4_wgs1__plateau_2022-10-11N_009__W005,4,test,exogenous_alpha_wgs_xt,reference,1,CO_dry_vol_pct,64.46017079333336,82.24499080457231,17.78482001123895,0.03786835856142075,1,0.014837308781548146,0.12986643991394936,4316.32487514615,completed,poor,a2955d2a2f6e850b88d8b206f465d810e1ad86ab
R52-C-75,R52-C-75__P4__huayi_sy3sy2_phase4_wgs1__plateau_2022-10-11N_009__W005,4,test,exogenous_alpha_wgs_xt,reference,1,H2_dry_vol_pct,26.17235382933333,4.913775812790283e-26,-26.17235382933333,0.03786835856142075,1,0.014837308781548146,0.12986643991394936,4316.32487514615,completed,poor,a2955d2a2f6e850b88d8b206f465d810e1ad86ab
R52-C-75,R52-C-75__P4__huayi_sy3sy2_phase4_wgs1__plateau_2022-10-11N_009__W005,4,test,exogenous_alpha_wgs_xt,reference,1,CO2_dry_vol_pct,8.628939237866666,13.667899554259607,5.0389603163929415,0.03786835856142075,1,0.014837308781548146,0.12986643991394936,4316.32487514615,completed,poor,a2955d2a2f6e850b88d8b206f465d810e1ad86ab
R52-C-75,R52-C-75__P4__huayi_sy3sy2_phase4_wgs1__plateau_2022-10-11N_009__W005,4,test,exogenous_alpha_wgs_xt,reference,1,H2_CO_ratio,0.4060283721132489,5.9745593801162025e-28,-0.4060283721132489,0.03786835856142075,1,0.014837308781548146,0.12986643991394936,4316.32487514615,completed,poor,a2955d2a2f6e850b88d8b206f465d810e1ad86ab
R52-C-75,R52-C-75__P4__huayi_sy3sy2_phase4_wgs1__plateau_2022-10-11N_009__W005,4,test,exogenous_alpha_wgs_xt,reference,1,dry_syngas_flow,137489.2152743003,53508.12305979298,-83981.09221450733,0.03786835856142075,1,0.014837308781548146,0.12986643991394936,4316.32487514615,completed,poor,a2955d2a2f6e850b88d8b206f465d810e1ad86ab
