dataset_id,window_id,phase,split_role,method,configuration,N_cells,target,target_value,predicted_value,residual,alpha_wgs,poor_convergence_count,cell0_cost,cell0_max_abs_scaled_residual,cell0_max_abs_unscaled_residual,execution_status,residual_quality_status,source_commit,reference_predicted_value,delta_vs_reference,relative_delta
R52-C-75,R52-C-75__P1__huayi_sy3_phase1_wgs1__shift_morning_handover_2022-09-28__W001,1,train,fixed_physics,reference,1,CO_dry_vol_pct,61.58272897733334,79.84411292758917,18.261383950255826,1.0,1,0.005218903479905665,0.07954034998320585,2503.5709317028522,completed,poor,a2955d2a2f6e850b88d8b206f465d810e1ad86ab,79.84411292758917,0.0,0.0
R52-C-75,R52-C-75__P1__huayi_sy3_phase1_wgs1__shift_morning_handover_2022-09-28__W001,1,train,fixed_physics,reference,1,H2_dry_vol_pct,28.04748375466668,4.159132496477343e-17,-28.04748375466668,1.0,1,0.005218903479905665,0.07954034998320585,2503.5709317028522,completed,poor,a2955d2a2f6e850b88d8b206f465d810e1ad86ab,4.159132496477343e-17,0.0,0.0
R52-C-75,R52-C-75__P1__huayi_sy3_phase1_wgs1__shift_morning_handover_2022-09-28__W001,1,train,fixed_physics,reference,1,CO2_dry_vol_pct,9.640943049733332,17.53228332881843,7.891340279085098,1.0,1,0.005218903479905665,0.07954034998320585,2503.5709317028522,completed,poor,a2955d2a2f6e850b88d8b206f465d810e1ad86ab,17.53228332881843,0.0,0.0
R52-C-75,R52-C-75__P1__huayi_sy3_phase1_wgs1__shift_morning_handover_2022-09-28__W001,1,train,fixed_physics,reference,1,H2_CO_ratio,0.455449205751745,5.209065946100837e-19,-0.455449205751745,1.0,1,0.005218903479905665,0.07954034998320585,2503.5709317028522,completed,poor,a2955d2a2f6e850b88d8b206f465d810e1ad86ab,5.209065946100837e-19,0.0,0.0
R52-C-75,R52-C-75__P1__huayi_sy3_phase1_wgs1__shift_morning_handover_2022-09-28__W001,1,train,fixed_physics,reference,1,dry_syngas_flow,127960.92149288942,60872.95157348457,-67087.96991940486,1.0,1,0.005218903479905665,0.07954034998320585,2503.5709317028522,completed,poor,a2955d2a2f6e850b88d8b206f465d810e1ad86ab,60872.95157348457,0.0,0.0
R52-C-75,R52-C-75__P1__huayi_sy3_phase1_wgs1__plateau_2022-09-28D_007__W001,1,train,fixed_physics,reference,1,CO_dry_vol_pct,61.553889556,78.51331160952584,16.95942205352584,1.0,1,0.00771834594266079,0.09620657221063803,2813.7966433018446,completed,poor,a2955d2a2f6e850b88d8b206f465d810e1ad86ab,78.51331160952584,0.0,0.0
R52-C-75,R52-C-75__P1__huayi_sy3_phase1_wgs1__plateau_2022-09-28D_007__W001,1,train,fixed_physics,reference,1,H2_dry_vol_pct,28.2814948,1.536861723551377e-13,-28.281494799999848,1.0,1,0.00771834594266079,0.09620657221063803,2813.7966433018446,completed,poor,a2955d2a2f6e850b88d8b206f465d810e1ad86ab,1.536861723551377e-13,0.0,0.0
R52-C-75,R52-C-75__P1__huayi_sy3_phase1_wgs1__plateau_2022-09-28D_007__W001,1,train,fixed_physics,reference,1,CO2_dry_vol_pct,9.431882005066669,18.32869750601418,8.896815500947511,1.0,1,0.00771834594266079,0.09620657221063803,2813.7966433018446,completed,poor,a2955d2a2f6e850b88d8b206f465d810e1ad86ab,18.32869750601418,0.0,0.0
R52-C-75,R52-C-75__P1__huayi_sy3_phase1_wgs1__plateau_2022-09-28D_007__W001,1,train,fixed_physics,reference,1,H2_CO_ratio,0.459466820509318,1.9574537005835745e-15,-0.45946682050931603,1.0,1,0.00771834594266079,0.09620657221063803,2813.7966433018446,completed,poor,a2955d2a2f6e850b88d8b206f465d810e1ad86ab,1.9574537005835745e-15,0.0,0.0
R52-C-75,R52-C-75__P1__huayi_sy3_phase1_wgs1__plateau_2022-09-28D_007__W001,1,train,fixed_physics,reference,1,dry_syngas_flow,118317.4940019678,53094.86586948383,-65222.62813248397,1.0,1,0.00771834594266079,0.09620657221063803,2813.7966433018446,completed,poor,a2955d2a2f6e850b88d8b206f465d810e1ad86ab,53094.86586948383,0.0,0.0
R52-C-75,R52-C-75__P1__huayi_sy3_phase1_wgs1__plateau_2022-09-28D_007__W002,1,train,fixed_physics,reference,1,CO_dry_vol_pct,60.87766345466667,78.51007725674211,17.63241380207544,1.0,1,0.0077245584903662635,0.09624448215909652,2821.2565936893225,completed,poor,a2955d2a2f6e850b88d8b206f465d810e1ad86ab,78.51007725674211,0.0,0.0
R52-C-75,R52-C-75__P1__huayi_sy3_phase1_wgs1__plateau_2022-09-28D_007__W002,1,train,fixed_physics,reference,1,H2_dry_vol_pct,28.031562656,3.1703625967999217e-16,-28.031562656,1.0,1,0.0077245584903662635,0.09624448215909652,2821.2565936893225,completed,poor,a2955d2a2f6e850b88d8b206f465d810e1ad86ab,3.1703625967999217e-16,0.0,0.0
R52-C-75,R52-C-75__P1__huayi_sy3_phase1_wgs1__plateau_2022-09-28D_007__W002,1,train,fixed_physics,reference,1,CO2_dry_vol_pct,10.373013522666668,18.33061291556249,7.957599392895823,1.0,1,0.0077245584903662635,0.09624448215909652,2821.2565936893225,completed,poor,a2955d2a2f6e850b88d8b206f465d810e1ad86ab,18.33061291556249,0.0,0.0
R52-C-75,R52-C-75__P1__huayi_sy3_phase1_wgs1__plateau_2022-09-28D_007__W002,1,train,fixed_physics,reference,1,H2_CO_ratio,0.4604704475327328,4.038160077759527e-18,-0.4604704475327328,1.0,1,0.0077245584903662635,0.09624448215909652,2821.2565936893225,completed,poor,a2955d2a2f6e850b88d8b206f465d810e1ad86ab,4.038160077759527e-18,0.0,0.0
R52-C-75,R52-C-75__P1__huayi_sy3_phase1_wgs1__plateau_2022-09-28D_007__W002,1,train,fixed_physics,reference,1,dry_syngas_flow,117737.07092232766,53207.04858299819,-64530.02233932947,1.0,1,0.0077245584903662635,0.09624448215909652,2821.2565936893225,completed,poor,a2955d2a2f6e850b88d8b206f465d810e1ad86ab,53207.04858299819,0.0,0.0
R52-C-75,R52-C-75__P1__huayi_sy3_phase1_wgs1__plateau_2022-09-28D_007__W003,1,train,fixed_physics,reference,1,CO_dry_vol_pct,61.46766286266667,78.46785728846906,17.00019442580239,1.0,1,0.0078121610118502376,0.09677343804030367,2836.418948084116,completed,poor,a2955d2a2f6e850b88d8b206f465d810e1ad86ab,78.46785728846906,0.0,0.0
R52-C-75,R52-C-75__P1__huayi_sy3_phase1_wgs1__plateau_2022-09-28D_007__W003,1,train,fixed_physics,reference,1,H2_dry_vol_pct,28.147541232,3.446763587963039e-17,-28.147541232,1.0,1,0.0078121610118502376,0.09677343804030367,2836.418948084116,completed,poor,a2955d2a2f6e850b88d8b206f465d810e1ad86ab,3.446763587963039e-17,0.0,0.0
R52-C-75,R52-C-75__P1__huayi_sy3_phase1_wgs1__plateau_2022-09-28D_007__W003,1,train,fixed_physics,reference,1,CO2_dry_vol_pct,9.667996970933332,18.35526508408379,8.687268113150457,1.0,1,0.0078121610118502376,0.09677343804030367,2836.418948084116,completed,poor,a2955d2a2f6e850b88d8b206f465d810e1ad86ab,18.35526508408379,0.0,0.0
R52-C-75,R52-C-75__P1__huayi_sy3_phase1_wgs1__plateau_2022-09-28D_007__W003,1,train,fixed_physics,reference,1,H2_CO_ratio,0.4579281692698128,4.392580232300475e-19,-0.4579281692698128,1.0,1,0.0078121610118502376,0.09677343804030367,2836.418948084116,completed,poor,a2955d2a2f6e850b88d8b206f465d810e1ad86ab,4.392580232300475e-19,0.0,0.0
R52-C-75,R52-C-75__P1__huayi_sy3_phase1_wgs1__plateau_2022-09-28D_007__W003,1,train,fixed_physics,reference,1,dry_syngas_flow,119649.07303922584,53095.243747988825,-66553.82929123702,1.0,1,0.0078121610118502376,0.09677343804030367,2836.418948084116,completed,poor,a2955d2a2f6e850b88d8b206f465d810e1ad86ab,53095.243747988825,0.0,0.0
R52-C-75,R52-C-75__P1__huayi_sy3_phase1_wgs1__plateau_2022-09-28D_008__W001,1,train,fixed_physics,reference,1,CO_dry_vol_pct,61.399839148000005,78.96434122837134,17.564502080371334,1.0,1,0.0068136890758727095,0.09055066073356426,2646.74223408103,completed,poor,a2955d2a2f6e850b88d8b206f465d810e1ad86ab,78.96434122837134,0.0,0.0
R52-C-75,R52-C-75__P1__huayi_sy3_phase1_wgs1__plateau_2022-09-28D_008__W001,1,train,fixed_physics,reference,1,H2_dry_vol_pct,28.088573688000004,8.410364333429529e-18,-28.088573688000004,1.0,1,0.0068136890758727095,0.09055066073356426,2646.74223408103,completed,poor,a2955d2a2f6e850b88d8b206f465d810e1ad86ab,8.410364333429529e-18,0.0,0.0
R52-C-75,R52-C-75__P1__huayi_sy3_phase1_wgs1__plateau_2022-09-28D_008__W001,1,train,fixed_physics,reference,1,CO2_dry_vol_pct,9.771940580000004,18.063165491897216,8.291224911897212,1.0,1,0.0068136890758727095,0.09055066073356426,2646.74223408103,completed,poor,a2955d2a2f6e850b88d8b206f465d810e1ad86ab,18.063165491897216,0.0,0.0
R52-C-75,R52-C-75__P1__huayi_sy3_phase1_wgs1__plateau_2022-09-28D_008__W001,1,train,fixed_physics,reference,1,H2_CO_ratio,0.4574752757984383,1.0650838343735518e-19,-0.4574752757984383,1.0,1,0.0068136890758727095,0.09055066073356426,2646.74223408103,completed,poor,a2955d2a2f6e850b88d8b206f465d810e1ad86ab,1.0650838343735518e-19,0.0,0.0
R52-C-75,R52-C-75__P1__huayi_sy3_phase1_wgs1__plateau_2022-09-28D_008__W001,1,train,fixed_physics,reference,1,dry_syngas_flow,119579.50490662309,54203.28063635919,-65376.2242702639,1.0,1,0.0068136890758727095,0.09055066073356426,2646.74223408103,completed,poor,a2955d2a2f6e850b88d8b206f465d810e1ad86ab,54203.28063635919,0.0,0.0
R52-C-75,R52-C-75__P1__huayi_sy3_phase1_wgs1__plateau_2022-09-28D_008__W002,1,train,fixed_physics,reference,1,CO_dry_vol_pct,61.489480728,78.98079719725777,17.491316469257775,1.0,1,0.006781800799773893,0.0903444419937988,2641.4747062325478,completed,poor,a2955d2a2f6e850b88d8b206f465d810e1ad86ab,78.98079719725777,0.0,0.0
R52-C-75,R52-C-75__P1__huayi_sy3_phase1_wgs1__plateau_2022-09-28D_008__W002,1,train,fixed_physics,reference,1,H2_dry_vol_pct,28.02526572666667,1.808271636301202e-17,-28.02526572666667,1.0,1,0.006781800799773893,0.0903444419937988,2641.4747062325478,completed,poor,a2955d2a2f6e850b88d8b206f465d810e1ad86ab,1.808271636301202e-17,0.0,0.0
R52-C-75,R52-C-75__P1__huayi_sy3_phase1_wgs1__plateau_2022-09-28D_008__W002,1,train,fixed_physics,reference,1,CO2_dry_vol_pct,9.732724354933332,18.053402648976956,8.320678294043624,1.0,1,0.006781800799773893,0.0903444419937988,2641.4747062325478,completed,poor,a2955d2a2f6e850b88d8b206f465d810e1ad86ab,18.053402648976956,0.0,0.0
R52-C-75,R52-C-75__P1__huayi_sy3_phase1_wgs1__plateau_2022-09-28D_008__W002,1,train,fixed_physics,reference,1,H2_CO_ratio,0.4557767085779336,2.2895079569594233e-19,-0.4557767085779336,1.0,1,0.006781800799773893,0.0903444419937988,2641.4747062325478,completed,poor,a2955d2a2f6e850b88d8b206f465d810e1ad86ab,2.2895079569594233e-19,0.0,0.0
R52-C-75,R52-C-75__P1__huayi_sy3_phase1_wgs1__plateau_2022-09-28D_008__W002,1,train,fixed_physics,reference,1,dry_syngas_flow,120577.56866933992,54261.127544567826,-66316.4411247721,1.0,1,0.006781800799773893,0.0903444419937988,2641.4747062325478,completed,poor,a2955d2a2f6e850b88d8b206f465d810e1ad86ab,54261.127544567826,0.0,0.0
R52-C-75,R52-C-75__P1__huayi_sy3_phase1_wgs1__plateau_2022-09-28D_008__W003,1,train,fixed_physics,reference,1,CO_dry_vol_pct,61.724460024,79.02782167007881,17.303361646078805,1.0,1,0.006690877506200573,0.08975377957482694,2627.909765034914,completed,poor,a2955d2a2f6e850b88d8b206f465d810e1ad86ab,79.02782167007881,0.0,0.0
R52-C-75,R52-C-75__P1__huayi_sy3_phase1_wgs1__plateau_2022-09-28D_008__W003,1,train,fixed_physics,reference,1,H2_dry_vol_pct,28.168928183999995,5.334279488120904e-15,-28.168928183999988,1.0,1,0.006690877506200573,0.08975377957482694,2627.909765034914,completed,poor,a2955d2a2f6e850b88d8b206f465d810e1ad86ab,5.334279488120904e-15,0.0,0.0
R52-C-75,R52-C-75__P1__huayi_sy3_phase1_wgs1__plateau_2022-09-28D_008__W003,1,train,fixed_physics,reference,1,CO2_dry_vol_pct,9.391769280266663,18.025473303903386,8.633704023636723,1.0,1,0.006690877506200573,0.08975377957482694,2627.909765034914,completed,poor,a2955d2a2f6e850b88d8b206f465d810e1ad86ab,18.025473303903386,0.0,0.0
R52-C-75,R52-C-75__P1__huayi_sy3_phase1_wgs1__plateau_2022-09-28D_008__W003,1,train,fixed_physics,reference,1,H2_CO_ratio,0.4563724654431634,6.749875392479086e-17,-0.45637246544316334,1.0,1,0.006690877506200573,0.08975377957482694,2627.909765034914,completed,poor,a2955d2a2f6e850b88d8b206f465d810e1ad86ab,6.749875392479086e-17,0.0,0.0
R52-C-75,R52-C-75__P1__huayi_sy3_phase1_wgs1__plateau_2022-09-28D_008__W003,1,train,fixed_physics,reference,1,dry_syngas_flow,121695.5001073801,54459.00736767526,-67236.49273970485,1.0,1,0.006690877506200573,0.08975377957482694,2627.909765034914,completed,poor,a2955d2a2f6e850b88d8b206f465d810e1ad86ab,54459.00736767526,0.0,0.0
R52-C-75,R52-C-75__P1__huayi_sy3_phase1_wgs1__shift_evening_handover_2022-09-28__W001,1,train,fixed_physics,reference,1,CO_dry_vol_pct,61.73646282133333,79.0814290978812,17.344966276547865,1.0,1,0.006588530475282577,0.08908355386194193,2606.1756456643343,completed,poor,a2955d2a2f6e850b88d8b206f465d810e1ad86ab,79.0814290978812,0.0,0.0
R52-C-75,R52-C-75__P1__huayi_sy3_phase1_wgs1__shift_evening_handover_2022-09-28__W001,1,train,fixed_physics,reference,1,H2_dry_vol_pct,28.166503622666667,1.3057153356216831e-14,-28.166503622666653,1.0,1,0.006588530475282577,0.08908355386194193,2606.1756456643343,completed,poor,a2955d2a2f6e850b88d8b206f465d810e1ad86ab,1.3057153356216831e-14,0.0,0.0
R52-C-75,R52-C-75__P1__huayi_sy3_phase1_wgs1__shift_evening_handover_2022-09-28__W001,1,train,fixed_physics,reference,1,CO2_dry_vol_pct,9.365316044399998,17.99349572814893,8.62817968374893,1.0,1,0.006588530475282577,0.08908355386194193,2606.1756456643343,completed,poor,a2955d2a2f6e850b88d8b206f465d810e1ad86ab,17.99349572814893,0.0,0.0
R52-C-75,R52-C-75__P1__huayi_sy3_phase1_wgs1__shift_evening_handover_2022-09-28__W001,1,train,fixed_physics,reference,1,H2_CO_ratio,0.4562450446745795,1.6511023517361635e-16,-0.4562450446745793,1.0,1,0.006588530475282577,0.08908355386194193,2606.1756456643343,completed,poor,a2955d2a2f6e850b88d8b206f465d810e1ad86ab,1.6511023517361635e-16,0.0,0.0
R52-C-75,R52-C-75__P1__huayi_sy3_phase1_wgs1__shift_evening_handover_2022-09-28__W001,1,train,fixed_physics,reference,1,dry_syngas_flow,121867.2214462184,54553.339577383624,-67313.88186883478,1.0,1,0.006588530475282577,0.08908355386194193,2606.1756456643343,completed,poor,a2955d2a2f6e850b88d8b206f465d810e1ad86ab,54553.339577383624,0.0,0.0
R52-C-75,R52-C-75__P1__huayi_sy3_phase1_wgs1__plateau_2022-09-28N_009__W001,1,train,fixed_physics,reference,1,CO_dry_vol_pct,61.98462266400001,79.10226005312376,17.11763738912375,1.0,1,0.006548771696040165,0.08882187515994475,2603.144910007715,completed,poor,a2955d2a2f6e850b88d8b206f465d810e1ad86ab,79.10226005312376,0.0,0.0
R52-C-75,R52-C-75__P1__huayi_sy3_phase1_wgs1__plateau_2022-09-28N_009__W001,1,train,fixed_physics,reference,1,H2_dry_vol_pct,28.13315692,1.0669971230375263e-14,-28.13315691999999,1.0,1,0.006548771696040165,0.08882187515994475,2603.144910007715,completed,poor,a2955d2a2f6e850b88d8b206f465d810e1ad86ab,1.0669971230375263e-14,0.0,0.0
R52-C-75,R52-C-75__P1__huayi_sy3_phase1_wgs1__plateau_2022-09-28N_009__W001,1,train,fixed_physics,reference,1,CO2_dry_vol_pct,9.163403144533332,17.981071271260333,8.817668126727002,1.0,1,0.006548771696040165,0.08882187515994475,2603.144910007715,completed,poor,a2955d2a2f6e850b88d8b206f465d810e1ad86ab,17.981071271260333,0.0,0.0
R52-C-75,R52-C-75__P1__huayi_sy3_phase1_wgs1__plateau_2022-09-28N_009__W001,1,train,fixed_physics,reference,1,H2_CO_ratio,0.4538802368168525,1.3488832333247482e-16,-0.4538802368168524,1.0,1,0.006548771696040165,0.08882187515994475,2603.144910007715,completed,poor,a2955d2a2f6e850b88d8b206f465d810e1ad86ab,1.3488832333247482e-16,0.0,0.0
R52-C-75,R52-C-75__P1__huayi_sy3_phase1_wgs1__plateau_2022-09-28N_009__W001,1,train,fixed_physics,reference,1,dry_syngas_flow,122651.20809922733,54704.573183312794,-67946.63491591453,1.0,1,0.006548771696040165,0.08882187515994475,2603.144910007715,completed,poor,a2955d2a2f6e850b88d8b206f465d810e1ad86ab,54704.573183312794,0.0,0.0
R52-C-75,R52-C-75__P1__huayi_sy3_phase1_wgs1__plateau_2022-09-28N_009__W002,1,train,fixed_physics,reference,1,CO_dry_vol_pct,61.85881827333332,79.23487538857668,17.376057115243363,1.0,1,0.0062992471764131515,0.0871603053756196,2558.3678280711174,completed,poor,a2955d2a2f6e850b88d8b206f465d810e1ad86ab,79.23487538857668,0.0,0.0
R52-C-75,R52-C-75__P1__huayi_sy3_phase1_wgs1__plateau_2022-09-28N_009__W002,1,train,fixed_physics,reference,1,H2_dry_vol_pct,28.107991872000003,2.6346433403035586e-17,-28.107991872000003,1.0,1,0.0062992471764131515,0.0871603053756196,2558.3678280711174,completed,poor,a2955d2a2f6e850b88d8b206f465d810e1ad86ab,2.6346433403035586e-17,0.0,0.0
R52-C-75,R52-C-75__P1__huayi_sy3_phase1_wgs1__plateau_2022-09-28N_009__W002,1,train,fixed_physics,reference,1,CO2_dry_vol_pct,9.296875770533331,17.901761422189814,8.604885651656483,1.0,1,0.0062992471764131515,0.0871603053756196,2558.3678280711174,completed,poor,a2955d2a2f6e850b88d8b206f465d810e1ad86ab,17.901761422189814,0.0,0.0
R52-C-75,R52-C-75__P1__huayi_sy3_phase1_wgs1__plateau_2022-09-28N_009__W002,1,train,fixed_physics,reference,1,H2_CO_ratio,0.4543918577567805,3.3251056777498206e-19,-0.4543918577567805,1.0,1,0.0062992471764131515,0.0871603053756196,2558.3678280711174,completed,poor,a2955d2a2f6e850b88d8b206f465d810e1ad86ab,3.3251056777498206e-19,0.0,0.0
R52-C-75,R52-C-75__P1__huayi_sy3_phase1_wgs1__plateau_2022-09-28N_009__W002,1,train,fixed_physics,reference,1,dry_syngas_flow,123123.78011046618,55135.087383751845,-67988.69272671433,1.0,1,0.0062992471764131515,0.0871603053756196,2558.3678280711174,completed,poor,a2955d2a2f6e850b88d8b206f465d810e1ad86ab,55135.087383751845,0.0,0.0
R52-C-75,R52-C-75__P1__huayi_sy3_phase1_wgs1__plateau_2022-09-28N_009__W003,1,train,fixed_physics,reference,1,CO_dry_vol_pct,62.12407606799998,79.28297608140973,17.15890001340975,1.0,1,0.006209499270998708,0.08655470244209407,2542.5474545508623,completed,poor,a2955d2a2f6e850b88d8b206f465d810e1ad86ab,79.28297608140973,0.0,0.0
R52-C-75,R52-C-75__P1__huayi_sy3_phase1_wgs1__plateau_2022-09-28N_009__W003,1,train,fixed_physics,reference,1,H2_dry_vol_pct,28.305427888,2.3141580241210797e-18,-28.305427888,1.0,1,0.006209499270998708,0.08655470244209407,2542.5474545508623,completed,poor,a2955d2a2f6e850b88d8b206f465d810e1ad86ab,2.3141580241210797e-18,0.0,0.0
R52-C-75,R52-C-75__P1__huayi_sy3_phase1_wgs1__plateau_2022-09-28N_009__W003,1,train,fixed_physics,reference,1,CO2_dry_vol_pct,8.821584091466667,17.872946885871173,9.051362794404506,1.0,1,0.006209499270998708,0.08655470244209407,2542.5474545508623,completed,poor,a2955d2a2f6e850b88d8b206f465d810e1ad86ab,17.872946885871173,0.0,0.0
R52-C-75,R52-C-75__P1__huayi_sy3_phase1_wgs1__plateau_2022-09-28N_009__W003,1,train,fixed_physics,reference,1,H2_CO_ratio,0.4556347111538636,2.91885867370171e-20,-0.4556347111538636,1.0,1,0.006209499270998708,0.08655470244209407,2542.5474545508623,completed,poor,a2955d2a2f6e850b88d8b206f465d810e1ad86ab,2.91885867370171e-20,0.0,0.0
R52-C-75,R52-C-75__P1__huayi_sy3_phase1_wgs1__plateau_2022-09-28N_009__W003,1,train,fixed_physics,reference,1,dry_syngas_flow,122621.6420082224,55304.30766340001,-67317.33434482239,1.0,1,0.006209499270998708,0.08655470244209407,2542.5474545508623,completed,poor,a2955d2a2f6e850b88d8b206f465d810e1ad86ab,55304.30766340001,0.0,0.0
R52-C-75,R52-C-75__P1__huayi_sy3_phase1_wgs1__plateau_2022-09-28N_009__W004,1,train,fixed_physics,reference,1,CO_dry_vol_pct,61.73650178800001,79.29992214300835,17.563420355008333,1.0,1,0.006178582627480123,0.0863446682096321,2527.8620100468397,completed,poor,a2955d2a2f6e850b88d8b206f465d810e1ad86ab,79.29992214300835,0.0,0.0
R52-C-75,R52-C-75__P1__huayi_sy3_phase1_wgs1__plateau_2022-09-28N_009__W004,1,train,fixed_physics,reference,1,H2_dry_vol_pct,28.077803002666663,2.0942469362652514e-14,-28.07780300266664,1.0,1,0.006178582627480123,0.0863446682096321,2527.8620100468397,completed,poor,a2955d2a2f6e850b88d8b206f465d810e1ad86ab,2.0942469362652514e-14,0.0,0.0
R52-C-75,R52-C-75__P1__huayi_sy3_phase1_wgs1__plateau_2022-09-28N_009__W004,1,train,fixed_physics,reference,1,CO2_dry_vol_pct,9.484465930266666,17.862723054564935,8.378257124298269,1.0,1,0.006178582627480123,0.0863446682096321,2527.8620100468397,completed,poor,a2955d2a2f6e850b88d8b206f465d810e1ad86ab,17.862723054564935,0.0,0.0
R52-C-75,R52-C-75__P1__huayi_sy3_phase1_wgs1__plateau_2022-09-28N_009__W004,1,train,fixed_physics,reference,1,H2_CO_ratio,0.4548055773543963,2.6409192842440833e-16,-0.45480557735439603,1.0,1,0.006178582627480123,0.0863446682096321,2527.8620100468397,completed,poor,a2955d2a2f6e850b88d8b206f465d810e1ad86ab,2.6409192842440833e-16,0.0,0.0
R52-C-75,R52-C-75__P1__huayi_sy3_phase1_wgs1__plateau_2022-09-28N_009__W004,1,train,fixed_physics,reference,1,dry_syngas_flow,122116.8031811882,55162.880961713505,-66953.92221947468,1.0,1,0.006178582627480123,0.0863446682096321,2527.8620100468397,completed,poor,a2955d2a2f6e850b88d8b206f465d810e1ad86ab,55162.880961713505,0.0,0.0
R52-C-75,R52-C-75__P1__huayi_sy3_phase1_wgs1__plateau_2022-09-28N_009__W005,1,train,fixed_physics,reference,1,CO_dry_vol_pct,62.078165766666665,79.42360186881608,17.345436102149414,1.0,1,0.005953309974899635,0.08479916144267084,2479.3616653084755,completed,poor,a2955d2a2f6e850b88d8b206f465d810e1ad86ab,79.42360186881608,0.0,0.0
R52-C-75,R52-C-75__P1__huayi_sy3_phase1_wgs1__plateau_2022-09-28N_009__W005,1,train,fixed_physics,reference,1,H2_dry_vol_pct,28.235774562666663,3.305050777768681e-13,-28.235774562666332,1.0,1,0.005953309974899635,0.08479916144267084,2479.3616653084755,completed,poor,a2955d2a2f6e850b88d8b206f465d810e1ad86ab,3.305050777768681e-13,0.0,0.0
R52-C-75,R52-C-75__P1__huayi_sy3_phase1_wgs1__plateau_2022-09-28N_009__W005,1,train,fixed_physics,reference,1,CO2_dry_vol_pct,8.93234274,17.788158406809128,8.855815666809129,1.0,1,0.005953309974899635,0.08479916144267084,2479.3616653084755,completed,poor,a2955d2a2f6e850b88d8b206f465d810e1ad86ab,17.788158406809128,0.0,0.0
R52-C-75,R52-C-75__P1__huayi_sy3_phase1_wgs1__plateau_2022-09-28N_009__W005,1,train,fixed_physics,reference,1,H2_CO_ratio,0.4548484172816991,4.161295509145545e-15,-0.45484841728169495,1.0,1,0.005953309974899635,0.08479916144267084,2479.3616653084755,completed,poor,a2955d2a2f6e850b88d8b206f465d810e1ad86ab,4.161295509145545e-15,0.0,0.0
R52-C-75,R52-C-75__P1__huayi_sy3_phase1_wgs1__plateau_2022-09-28N_009__W005,1,train,fixed_physics,reference,1,dry_syngas_flow,122662.90779892437,55416.8669151045,-67246.04088381986,1.0,1,0.005953309974899635,0.08479916144267084,2479.3616653084755,completed,poor,a2955d2a2f6e850b88d8b206f465d810e1ad86ab,55416.8669151045,0.0,0.0
R52-C-75,R52-C-75__P1__huayi_sy3_phase1_wgs1__plateau_2022-09-28N_009__W006,1,train,fixed_physics,reference,1,CO_dry_vol_pct,62.18546928,79.39836082926675,17.21289154926675,1.0,1,0.005998772575303576,0.08511357519380594,2491.7559030652046,completed,poor,a2955d2a2f6e850b88d8b206f465d810e1ad86ab,79.39836082926675,0.0,0.0
R52-C-75,R52-C-75__P1__huayi_sy3_phase1_wgs1__plateau_2022-09-28N_009__W006,1,train,fixed_physics,reference,1,H2_dry_vol_pct,28.34067974133333,2.7044481732708074e-16,-28.34067974133333,1.0,1,0.005998772575303576,0.08511357519380594,2491.7559030652046,completed,poor,a2955d2a2f6e850b88d8b206f465d810e1ad86ab,2.7044481732708074e-16,0.0,0.0
R52-C-75,R52-C-75__P1__huayi_sy3_phase1_wgs1__plateau_2022-09-28N_009__W006,1,train,fixed_physics,reference,1,CO2_dry_vol_pct,8.715642940266667,17.803420266698616,9.087777326431949,1.0,1,0.005998772575303576,0.08511357519380594,2491.7559030652046,completed,poor,a2955d2a2f6e850b88d8b206f465d810e1ad86ab,17.803420266698616,0.0,0.0
R52-C-75,R52-C-75__P1__huayi_sy3_phase1_wgs1__plateau_2022-09-28N_009__W006,1,train,fixed_physics,reference,1,H2_CO_ratio,0.4557545783051447,3.4061763303732213e-18,-0.4557545783051447,1.0,1,0.005998772575303576,0.08511357519380594,2491.7559030652046,completed,poor,a2955d2a2f6e850b88d8b206f465d810e1ad86ab,3.4061763303732213e-18,0.0,0.0
R52-C-75,R52-C-75__P1__huayi_sy3_phase1_wgs1__plateau_2022-09-28N_009__W006,1,train,fixed_physics,reference,1,dry_syngas_flow,123128.82687673732,55421.012588514044,-67707.81428822328,1.0,1,0.005998772575303576,0.08511357519380594,2491.7559030652046,completed,poor,a2955d2a2f6e850b88d8b206f465d810e1ad86ab,55421.012588514044,0.0,0.0
R52-C-75,R52-C-75__P1__huayi_sy3_phase1_wgs1__plateau_2022-09-28N_009__W007,1,train,fixed_physics,reference,1,CO_dry_vol_pct,62.063059188,79.36469414845332,17.301634960453327,1.0,1,0.006059653795528817,0.08553270371498566,2507.9192173331976,completed,poor,a2955d2a2f6e850b88d8b206f465d810e1ad86ab,79.36469414845332,0.0,0.0
R52-C-75,R52-C-75__P1__huayi_sy3_phase1_wgs1__plateau_2022-09-28N_009__W007,1,train,fixed_physics,reference,1,H2_dry_vol_pct,28.325271425333334,1.318864142728385e-16,-28.325271425333334,1.0,1,0.006059653795528817,0.08553270371498566,2507.9192173331976,completed,poor,a2955d2a2f6e850b88d8b206f465d810e1ad86ab,1.318864142728385e-16,0.0,0.0
R52-C-75,R52-C-75__P1__huayi_sy3_phase1_wgs1__plateau_2022-09-28N_009__W007,1,train,fixed_physics,reference,1,CO2_dry_vol_pct,8.843321537599998,17.82376178288598,8.980440245285983,1.0,1,0.006059653795528817,0.08553270371498566,2507.9192173331976,completed,poor,a2955d2a2f6e850b88d8b206f465d810e1ad86ab,17.82376178288598,0.0,0.0
R52-C-75,R52-C-75__P1__huayi_sy3_phase1_wgs1__plateau_2022-09-28N_009__W007,1,train,fixed_physics,reference,1,H2_CO_ratio,0.456396983230718,1.6617768856532378e-18,-0.456396983230718,1.0,1,0.006059653795528817,0.08553270371498566,2507.9192173331976,completed,poor,a2955d2a2f6e850b88d8b206f465d810e1ad86ab,1.6617768856532378e-18,0.0,0.0
R52-C-75,R52-C-75__P1__huayi_sy3_phase1_wgs1__plateau_2022-09-28N_009__W007,1,train,fixed_physics,reference,1,dry_syngas_flow,123478.23924333754,55418.16856104902,-68060.07068228853,1.0,1,0.006059653795528817,0.08553270371498566,2507.9192173331976,completed,poor,a2955d2a2f6e850b88d8b206f465d810e1ad86ab,55418.16856104902,0.0,0.0
R52-C-75,R52-C-75__P1__huayi_sy3_phase1_wgs1__shift_morning_handover_2022-09-29__W001,1,train,fixed_physics,reference,1,CO_dry_vol_pct,62.14037912,79.18133500332223,17.040955883322233,1.0,1,0.0063990993262725915,0.0878294041766581,2576.1282506138086,completed,poor,a2955d2a2f6e850b88d8b206f465d810e1ad86ab,79.18133500332223,0.0,0.0
R52-C-75,R52-C-75__P1__huayi_sy3_phase1_wgs1__shift_morning_handover_2022-09-29__W001,1,train,fixed_physics,reference,1,H2_dry_vol_pct,28.465586670666664,4.773390258863883e-17,-28.465586670666664,1.0,1,0.0063990993262725915,0.0878294041766581,2576.1282506138086,completed,poor,a2955d2a2f6e850b88d8b206f465d810e1ad86ab,4.773390258863883e-17,0.0,0.0
R52-C-75,R52-C-75__P1__huayi_sy3_phase1_wgs1__shift_morning_handover_2022-09-29__W001,1,train,fixed_physics,reference,1,CO2_dry_vol_pct,8.642732472,17.93386126032776,9.29112878832776,1.0,1,0.0063990993262725915,0.0878294041766581,2576.1282506138086,completed,poor,a2955d2a2f6e850b88d8b206f465d810e1ad86ab,17.93386126032776,0.0,0.0
R52-C-75,R52-C-75__P1__huayi_sy3_phase1_wgs1__shift_morning_handover_2022-09-29__W001,1,train,fixed_physics,reference,1,H2_CO_ratio,0.4580915354365056,6.028428617253807e-19,-0.4580915354365056,1.0,1,0.0063990993262725915,0.0878294041766581,2576.1282506138086,completed,poor,a2955d2a2f6e850b88d8b206f465d810e1ad86ab,6.028428617253807e-19,0.0,0.0
R52-C-75,R52-C-75__P1__huayi_sy3_phase1_wgs1__shift_morning_handover_2022-09-29__W001,1,train,fixed_physics,reference,1,dry_syngas_flow,122976.13324366858,54954.834525702296,-68021.29871796627,1.0,1,0.0063990993262725915,0.0878294041766581,2576.1282506138086,completed,poor,a2955d2a2f6e850b88d8b206f465d810e1ad86ab,54954.834525702296,0.0,0.0
R52-C-75,R52-C-75__P1__huayi_sy3_phase1_wgs1__plateau_2022-09-29D_010__W001,1,train,fixed_physics,reference,1,CO_dry_vol_pct,61.74018060000001,78.57808093813196,16.837900338131952,1.0,1,0.007584120835294188,0.09539031423327136,2802.7972171753645,completed,poor,a2955d2a2f6e850b88d8b206f465d810e1ad86ab,78.57808093813196,0.0,0.0
R52-C-75,R52-C-75__P1__huayi_sy3_phase1_wgs1__plateau_2022-09-29D_010__W001,1,train,fixed_physics,reference,1,H2_dry_vol_pct,28.071903456,1.941589992061837e-17,-28.071903456,1.0,1,0.007584120835294188,0.09539031423327136,2802.7972171753645,completed,poor,a2955d2a2f6e850b88d8b206f465d810e1ad86ab,1.941589992061837e-17,0.0,0.0
R52-C-75,R52-C-75__P1__huayi_sy3_phase1_wgs1__plateau_2022-09-29D_010__W001,1,train,fixed_physics,reference,1,CO2_dry_vol_pct,9.534305580266665,18.290898659046718,8.756593078780053,1.0,1,0.007584120835294188,0.09539031423327136,2802.7972171753645,completed,poor,a2955d2a2f6e850b88d8b206f465d810e1ad86ab,18.290898659046718,0.0,0.0
R52-C-75,R52-C-75__P1__huayi_sy3_phase1_wgs1__plateau_2022-09-29D_010__W001,1,train,fixed_physics,reference,1,H2_CO_ratio,0.4546838420653195,2.4709053324813794e-19,-0.4546838420653195,1.0,1,0.007584120835294188,0.09539031423327136,2802.7972171753645,completed,poor,a2955d2a2f6e850b88d8b206f465d810e1ad86ab,2.4709053324813794e-19,0.0,0.0
R52-C-75,R52-C-75__P1__huayi_sy3_phase1_wgs1__plateau_2022-09-29D_010__W001,1,train,fixed_physics,reference,1,dry_syngas_flow,121414.26915969362,53503.14170727427,-67911.12745241934,1.0,1,0.007584120835294188,0.09539031423327136,2802.7972171753645,completed,poor,a2955d2a2f6e850b88d8b206f465d810e1ad86ab,53503.14170727427,0.0,0.0
R52-C-75,R52-C-75__P1__huayi_sy3_phase1_wgs1__plateau_2022-09-29D_011__W001,1,train,fixed_physics,reference,1,CO_dry_vol_pct,61.974708532,78.51825912208784,16.54355059008784,1.0,1,0.007707427965361753,0.09614082949144225,2821.0221681296825,completed,poor,a2955d2a2f6e850b88d8b206f465d810e1ad86ab,78.51825912208784,0.0,0.0
R52-C-75,R52-C-75__P1__huayi_sy3_phase1_wgs1__plateau_2022-09-29D_011__W001,1,train,fixed_physics,reference,1,H2_dry_vol_pct,27.911387060000003,1.9486537325430867e-17,-27.911387060000003,1.0,1,0.007707427965361753,0.09614082949144225,2821.0221681296825,completed,poor,a2955d2a2f6e850b88d8b206f465d810e1ad86ab,1.9486537325430867e-17,0.0,0.0
R52-C-75,R52-C-75__P1__huayi_sy3_phase1_wgs1__plateau_2022-09-29D_011__W001,1,train,fixed_physics,reference,1,CO2_dry_vol_pct,9.449280493333331,18.325865541780402,8.87658504844707,1.0,1,0.007707427965361753,0.09614082949144225,2821.0221681296825,completed,poor,a2955d2a2f6e850b88d8b206f465d810e1ad86ab,18.325865541780402,0.0,0.0
R52-C-75,R52-C-75__P1__huayi_sy3_phase1_wgs1__plateau_2022-09-29D_011__W001,1,train,fixed_physics,reference,1,H2_CO_ratio,0.4503697944548908,2.481784179031695e-19,-0.4503697944548908,1.0,1,0.007707427965361753,0.09614082949144225,2821.0221681296825,completed,poor,a2955d2a2f6e850b88d8b206f465d810e1ad86ab,2.481784179031695e-19,0.0,0.0
R52-C-75,R52-C-75__P1__huayi_sy3_phase1_wgs1__plateau_2022-09-29D_011__W001,1,train,fixed_physics,reference,1,dry_syngas_flow,121043.06886467358,53280.511822508604,-67762.55704216498,1.0,1,0.007707427965361753,0.09614082949144225,2821.0221681296825,completed,poor,a2955d2a2f6e850b88d8b206f465d810e1ad86ab,53280.511822508604,0.0,0.0
R52-C-75,R52-C-75__P1__huayi_sy3_phase1_wgs1__shift_evening_handover_2022-09-29__W001,1,train,fixed_physics,reference,1,CO_dry_vol_pct,61.18410681466668,78.28727079390534,17.10316397923866,1.0,1,0.008193579839872511,0.0990409028857888,2896.1728543639183,completed,poor,a2955d2a2f6e850b88d8b206f465d810e1ad86ab,78.28727079390534,0.0,0.0
R52-C-75,R52-C-75__P1__huayi_sy3_phase1_wgs1__shift_evening_handover_2022-09-29__W001,1,train,fixed_physics,reference,1,H2_dry_vol_pct,28.454173558666668,6.338998117470655e-15,-28.45417355866666,1.0,1,0.008193579839872511,0.0990409028857888,2896.1728543639183,completed,poor,a2955d2a2f6e850b88d8b206f465d810e1ad86ab,6.338998117470655e-15,0.0,0.0
R52-C-75,R52-C-75__P1__huayi_sy3_phase1_wgs1__shift_evening_handover_2022-09-29__W001,1,train,fixed_physics,reference,1,CO2_dry_vol_pct,9.659957852000002,18.46009694539224,8.80013909339224,1.0,1,0.008193579839872511,0.0990409028857888,2896.1728543639183,completed,poor,a2955d2a2f6e850b88d8b206f465d810e1ad86ab,18.46009694539224,0.0,0.0
R52-C-75,R52-C-75__P1__huayi_sy3_phase1_wgs1__shift_evening_handover_2022-09-29__W001,1,train,fixed_physics,reference,1,H2_CO_ratio,0.4650570504341708,8.09709937923158e-17,-0.4650570504341707,1.0,1,0.008193579839872511,0.0990409028857888,2896.1728543639183,completed,poor,a2955d2a2f6e850b88d8b206f465d810e1ad86ab,8.09709937923158e-17,0.0,0.0
R52-C-75,R52-C-75__P1__huayi_sy3_phase1_wgs1__shift_evening_handover_2022-09-29__W001,1,train,fixed_physics,reference,1,dry_syngas_flow,120298.65002232188,52525.93532190186,-67772.71470042001,1.0,1,0.008193579839872511,0.0990409028857888,2896.1728543639183,completed,poor,a2955d2a2f6e850b88d8b206f465d810e1ad86ab,52525.93532190186,0.0,0.0
R52-C-75,R52-C-75__P1__huayi_sy3_phase1_wgs1__plateau_2022-09-29N_012__W001,1,train,fixed_physics,reference,1,CO_dry_vol_pct,61.67418077866667,78.39782931791525,16.723648539248586,1.0,1,0.007958023324556158,0.09764764516315542,2987.2879275381565,completed,poor,a2955d2a2f6e850b88d8b206f465d810e1ad86ab,78.39782931791525,0.0,0.0
R52-C-75,R52-C-75__P1__huayi_sy3_phase1_wgs1__plateau_2022-09-29N_012__W001,1,train,fixed_physics,reference,1,H2_dry_vol_pct,28.552613226666665,6.626273353750616e-19,-28.552613226666665,1.0,1,0.007958023324556158,0.09764764516315542,2987.2879275381565,completed,poor,a2955d2a2f6e850b88d8b206f465d810e1ad86ab,6.626273353750616e-19,0.0,0.0
R52-C-75,R52-C-75__P1__huayi_sy3_phase1_wgs1__plateau_2022-09-29N_012__W001,1,train,fixed_physics,reference,1,CO2_dry_vol_pct,9.053745014933332,18.39607735404993,9.342332339116597,1.0,1,0.007958023324556158,0.09764764516315542,2987.2879275381565,completed,poor,a2955d2a2f6e850b88d8b206f465d810e1ad86ab,18.39607735404993,0.0,0.0
R52-C-75,R52-C-75__P1__huayi_sy3_phase1_wgs1__plateau_2022-09-29N_012__W001,1,train,fixed_physics,reference,1,H2_CO_ratio,0.4629581748053324,8.452113293698552e-21,-0.4629581748053324,1.0,1,0.007958023324556158,0.09764764516315542,2987.2879275381565,completed,poor,a2955d2a2f6e850b88d8b206f465d810e1ad86ab,8.452113293698552e-21,0.0,0.0
R52-C-75,R52-C-75__P1__huayi_sy3_phase1_wgs1__plateau_2022-09-29N_012__W001,1,train,fixed_physics,reference,1,dry_syngas_flow,126319.0030676498,55237.26165480675,-71081.74141284305,1.0,1,0.007958023324556158,0.09764764516315542,2987.2879275381565,completed,poor,a2955d2a2f6e850b88d8b206f465d810e1ad86ab,55237.26165480675,0.0,0.0
R52-C-75,R52-C-75__P1__huayi_sy3_phase1_wgs1__plateau_2022-09-29N_012__W002,1,train,fixed_physics,reference,1,CO_dry_vol_pct,61.42981221466667,78.30962262821444,16.879810413547773,1.0,1,0.008144022700880696,0.09875036760847515,3046.1442496478558,completed,poor,a2955d2a2f6e850b88d8b206f465d810e1ad86ab,78.30962262821444,0.0,0.0
R52-C-75,R52-C-75__P1__huayi_sy3_phase1_wgs1__plateau_2022-09-29N_012__W002,1,train,fixed_physics,reference,1,H2_dry_vol_pct,28.47387335333333,1.1412813699674245e-16,-28.47387335333333,1.0,1,0.008144022700880696,0.09875036760847515,3046.1442496478558,completed,poor,a2955d2a2f6e850b88d8b206f465d810e1ad86ab,1.1412813699674245e-16,0.0,0.0
R52-C-75,R52-C-75__P1__huayi_sy3_phase1_wgs1__plateau_2022-09-29N_012__W002,1,train,fixed_physics,reference,1,CO2_dry_vol_pct,9.406163038933334,18.447331267762127,9.041168228828793,1.0,1,0.008144022700880696,0.09875036760847515,3046.1442496478558,completed,poor,a2955d2a2f6e850b88d8b206f465d810e1ad86ab,18.447331267762127,0.0,0.0
R52-C-75,R52-C-75__P1__huayi_sy3_phase1_wgs1__plateau_2022-09-29N_012__W002,1,train,fixed_physics,reference,1,H2_CO_ratio,0.4635200078628699,1.4573960793883693e-18,-0.4635200078628699,1.0,1,0.008144022700880696,0.09875036760847515,3046.1442496478558,completed,poor,a2955d2a2f6e850b88d8b206f465d810e1ad86ab,1.4573960793883693e-18,0.0,0.0
R52-C-75,R52-C-75__P1__huayi_sy3_phase1_wgs1__plateau_2022-09-29N_012__W002,1,train,fixed_physics,reference,1,dry_syngas_flow,125814.25163980546,55466.94413562259,-70347.30750418287,1.0,1,0.008144022700880696,0.09875036760847515,3046.1442496478558,completed,poor,a2955d2a2f6e850b88d8b206f465d810e1ad86ab,55466.94413562259,0.0,0.0
R52-C-75,R52-C-75__P1__huayi_sy3_phase1_wgs1__plateau_2022-09-29N_013__W001,1,train,fixed_physics,reference,1,CO_dry_vol_pct,61.23517252666667,78.28483301877469,17.049660492108018,1.0,1,0.008196229435389075,0.09905776526636029,3058.5996024906635,completed,poor,a2955d2a2f6e850b88d8b206f465d810e1ad86ab,78.28483301877469,0.0,0.0
R52-C-75,R52-C-75__P1__huayi_sy3_phase1_wgs1__plateau_2022-09-29N_013__W001,1,train,fixed_physics,reference,1,H2_dry_vol_pct,28.351085056,3.5189545740892526e-16,-28.351085056,1.0,1,0.008196229435389075,0.09905776526636029,3058.5996024906635,completed,poor,a2955d2a2f6e850b88d8b206f465d810e1ad86ab,3.5189545740892526e-16,0.0,0.0
R52-C-75,R52-C-75__P1__huayi_sy3_phase1_wgs1__plateau_2022-09-29N_013__W001,1,train,fixed_physics,reference,1,CO2_dry_vol_pct,9.726155910799998,18.46173103376681,8.735575122966813,1.0,1,0.008196229435389075,0.09905776526636029,3058.5996024906635,completed,poor,a2955d2a2f6e850b88d8b206f465d810e1ad86ab,18.46173103376681,0.0,0.0
R52-C-75,R52-C-75__P1__huayi_sy3_phase1_wgs1__plateau_2022-09-29N_013__W001,1,train,fixed_physics,reference,1,H2_CO_ratio,0.462987329843112,4.4950655681226504e-18,-0.462987329843112,1.0,1,0.008196229435389075,0.09905776526636029,3058.5996024906635,completed,poor,a2955d2a2f6e850b88d8b206f465d810e1ad86ab,4.4950655681226504e-18,0.0,0.0
R52-C-75,R52-C-75__P1__huayi_sy3_phase1_wgs1__plateau_2022-09-29N_013__W001,1,train,fixed_physics,reference,1,dry_syngas_flow,124529.17825073126,55456.80128077502,-69072.37696995624,1.0,1,0.008196229435389075,0.09905776526636029,3058.5996024906635,completed,poor,a2955d2a2f6e850b88d8b206f465d810e1ad86ab,55456.80128077502,0.0,0.0
R52-C-75,R52-C-75__P1__huayi_sy3_phase1_wgs1__plateau_2022-09-29N_013__W002,1,train,fixed_physics,reference,1,CO_dry_vol_pct,61.34796064933334,78.2734984547738,16.925537805440463,1.0,1,0.008220655436580689,0.0992010303692401,3059.7585713863373,completed,poor,a2955d2a2f6e850b88d8b206f465d810e1ad86ab,78.2734984547738,0.0,0.0
R52-C-75,R52-C-75__P1__huayi_sy3_phase1_wgs1__plateau_2022-09-29N_013__W002,1,train,fixed_physics,reference,1,H2_dry_vol_pct,28.42986280533333,1.6805994962221608e-17,-28.42986280533333,1.0,1,0.008220655436580689,0.0992010303692401,3059.7585713863373,completed,poor,a2955d2a2f6e850b88d8b206f465d810e1ad86ab,1.6805994962221608e-17,0.0,0.0
R52-C-75,R52-C-75__P1__huayi_sy3_phase1_wgs1__plateau_2022-09-29N_013__W002,1,train,fixed_physics,reference,1,CO2_dry_vol_pct,9.526292269066666,18.468289972641973,8.941997703575307,1.0,1,0.008220655436580689,0.0992010303692401,3059.7585713863373,completed,poor,a2955d2a2f6e850b88d8b206f465d810e1ad86ab,18.468289972641973,0.0,0.0
R52-C-75,R52-C-75__P1__huayi_sy3_phase1_wgs1__plateau_2022-09-29N_013__W002,1,train,fixed_physics,reference,1,H2_CO_ratio,0.4634215858310622,2.1470862161516982e-19,-0.4634215858310622,1.0,1,0.008220655436580689,0.0992010303692401,3059.7585713863373,completed,poor,a2955d2a2f6e850b88d8b206f465d810e1ad86ab,2.1470862161516982e-19,0.0,0.0
R52-C-75,R52-C-75__P1__huayi_sy3_phase1_wgs1__plateau_2022-09-29N_013__W002,1,train,fixed_physics,reference,1,dry_syngas_flow,125086.64042199503,55368.24917259482,-69718.39124940021,1.0,1,0.008220655436580689,0.0992010303692401,3059.7585713863373,completed,poor,a2955d2a2f6e850b88d8b206f465d810e1ad86ab,55368.24917259482,0.0,0.0
R52-C-75,R52-C-75__P1__huayi_sy3_phase1_wgs1__plateau_2022-09-29N_014__W001,1,train,fixed_physics,reference,1,CO_dry_vol_pct,61.89400353333333,77.33632109959116,15.442317566257827,1.0,1,0.010343515334052786,0.11091495431122556,3251.1864972114563,completed,poor,a2955d2a2f6e850b88d8b206f465d810e1ad86ab,77.33632109959116,0.0,0.0
R52-C-75,R52-C-75__P1__huayi_sy3_phase1_wgs1__plateau_2022-09-29N_014__W001,1,train,fixed_physics,reference,1,H2_dry_vol_pct,28.386447073333336,1.6473866507260663e-14,-28.38644707333332,1.0,1,0.010343515334052786,0.11091495431122556,3251.1864972114563,completed,poor,a2955d2a2f6e850b88d8b206f465d810e1ad86ab,1.6473866507260663e-14,0.0,0.0
R52-C-75,R52-C-75__P1__huayi_sy3_phase1_wgs1__plateau_2022-09-29N_014__W001,1,train,fixed_physics,reference,1,CO2_dry_vol_pct,8.985238286399998,19.00136831722932,10.016130030829324,1.0,1,0.010343515334052786,0.11091495431122556,3251.1864972114563,completed,poor,a2955d2a2f6e850b88d8b206f465d810e1ad86ab,19.00136831722932,0.0,0.0
R52-C-75,R52-C-75__P1__huayi_sy3_phase1_wgs1__plateau_2022-09-29N_014__W001,1,train,fixed_physics,reference,1,H2_CO_ratio,0.4586294172866595,2.1301590601971048e-16,-0.4586294172866593,1.0,1,0.010343515334052786,0.11091495431122556,3251.1864972114563,completed,poor,a2955d2a2f6e850b88d8b206f465d810e1ad86ab,2.1301590601971048e-16,0.0,0.0
R52-C-75,R52-C-75__P1__huayi_sy3_phase1_wgs1__plateau_2022-09-29N_014__W001,1,train,fixed_physics,reference,1,dry_syngas_flow,119976.87365274316,50379.82642938155,-69597.04722336162,1.0,1,0.010343515334052786,0.11091495431122556,3251.1864972114563,completed,poor,a2955d2a2f6e850b88d8b206f465d810e1ad86ab,50379.82642938155,0.0,0.0
R52-C-75,R52-C-75__P1__huayi_sy3_phase1_wgs1__shift_morning_handover_2022-09-30__W001,1,train,fixed_physics,reference,1,CO_dry_vol_pct,61.39552760133334,77.80926509863275,16.413737497299408,1.0,1,0.009243797389394098,0.10501889450534169,3080.8233386576176,completed,poor,a2955d2a2f6e850b88d8b206f465d810e1ad86ab,77.80926509863275,0.0,0.0
R52-C-75,R52-C-75__P1__huayi_sy3_phase1_wgs1__shift_morning_handover_2022-09-30__W001,1,train,fixed_physics,reference,1,H2_dry_vol_pct,28.172186581333328,1.912596497915248e-16,-28.172186581333328,1.0,1,0.009243797389394098,0.10501889450534169,3080.8233386576176,completed,poor,a2955d2a2f6e850b88d8b206f465d810e1ad86ab,1.912596497915248e-16,0.0,0.0
R52-C-75,R52-C-75__P1__huayi_sy3_phase1_wgs1__shift_morning_handover_2022-09-30__W001,1,train,fixed_physics,reference,1,CO2_dry_vol_pct,9.7322851064,18.734531984045717,9.002246877645716,1.0,1,0.009243797389394098,0.10501889450534169,3080.8233386576176,completed,poor,a2955d2a2f6e850b88d8b206f465d810e1ad86ab,18.734531984045717,0.0,0.0
R52-C-75,R52-C-75__P1__huayi_sy3_phase1_wgs1__shift_morning_handover_2022-09-30__W001,1,train,fixed_physics,reference,1,H2_CO_ratio,0.4588624177105995,2.4580575275846628e-18,-0.4588624177105995,1.0,1,0.009243797389394098,0.10501889450534169,3080.8233386576176,completed,poor,a2955d2a2f6e850b88d8b206f465d810e1ad86ab,2.4580575275846628e-18,0.0,0.0
R52-C-75,R52-C-75__P1__huayi_sy3_phase1_wgs1__shift_morning_handover_2022-09-30__W001,1,train,fixed_physics,reference,1,dry_syngas_flow,118027.3999705996,51534.026384431774,-66493.37358616781,1.0,1,0.009243797389394098,0.10501889450534169,3080.8233386576176,completed,poor,a2955d2a2f6e850b88d8b206f465d810e1ad86ab,51534.026384431774,0.0,0.0
R52-C-75,R52-C-75__P1__huayi_sy3_phase1_wgs1__plateau_2022-09-30D_015__W001,1,train,fixed_physics,reference,1,CO_dry_vol_pct,60.257787016,78.72335135887518,18.465564342875176,1.0,1,0.007289140498340727,0.09356882924529403,2848.1853954941034,completed,poor,a2955d2a2f6e850b88d8b206f465d810e1ad86ab,78.72335135887518,0.0,0.0
R52-C-75,R52-C-75__P1__huayi_sy3_phase1_wgs1__plateau_2022-09-30D_015__W001,1,train,fixed_physics,reference,1,H2_dry_vol_pct,27.457997374666665,1.7181422065269194e-17,-27.457997374666665,1.0,1,0.007289140498340727,0.09356882924529403,2848.1853954941034,completed,poor,a2955d2a2f6e850b88d8b206f465d810e1ad86ab,1.7181422065269194e-17,0.0,0.0
R52-C-75,R52-C-75__P1__huayi_sy3_phase1_wgs1__plateau_2022-09-30D_015__W001,1,train,fixed_physics,reference,1,CO2_dry_vol_pct,8.9333358652,18.205658539927388,9.272322674727388,1.0,1,0.007289140498340727,0.09356882924529403,2848.1853954941034,completed,poor,a2955d2a2f6e850b88d8b206f465d810e1ad86ab,18.205658539927388,0.0,0.0
R52-C-75,R52-C-75__P1__huayi_sy3_phase1_wgs1__plateau_2022-09-30D_015__W001,1,train,fixed_physics,reference,1,H2_CO_ratio,0.4556792660181357,2.1825064315344574e-19,-0.4556792660181357,1.0,1,0.007289140498340727,0.09356882924529403,2848.1853954941034,completed,poor,a2955d2a2f6e850b88d8b206f465d810e1ad86ab,2.1825064315344574e-19,0.0,0.0
R52-C-75,R52-C-75__P1__huayi_sy3_phase1_wgs1__plateau_2022-09-30D_015__W001,1,train,fixed_physics,reference,1,dry_syngas_flow,124046.95692783035,55808.34386430259,-68238.61306352777,1.0,1,0.007289140498340727,0.09356882924529403,2848.1853954941034,completed,poor,a2955d2a2f6e850b88d8b206f465d810e1ad86ab,55808.34386430259,0.0,0.0
R52-C-75,R52-C-75__P1__huayi_sy3_phase1_wgs1__plateau_2022-09-30D_015__W002,1,train,fixed_physics,reference,1,CO_dry_vol_pct,61.92098582,78.94101239745814,17.02002657745814,1.0,1,0.006858836433469505,0.0908419544746847,2768.2681572139263,completed,poor,a2955d2a2f6e850b88d8b206f465d810e1ad86ab,78.94101239745814,0.0,0.0
R52-C-75,R52-C-75__P1__huayi_sy3_phase1_wgs1__plateau_2022-09-30D_015__W002,1,train,fixed_physics,reference,1,H2_dry_vol_pct,27.88733307066667,7.339908920211513e-19,-27.88733307066667,1.0,1,0.006858836433469505,0.0908419544746847,2768.2681572139263,completed,poor,a2955d2a2f6e850b88d8b206f465d810e1ad86ab,7.339908920211513e-19,0.0,0.0
R52-C-75,R52-C-75__P1__huayi_sy3_phase1_wgs1__plateau_2022-09-30D_015__W002,1,train,fixed_physics,reference,1,CO2_dry_vol_pct,9.480135004,18.077045046014092,8.596910042014093,1.0,1,0.006858836433469505,0.0908419544746847,2768.2681572139263,completed,poor,a2955d2a2f6e850b88d8b206f465d810e1ad86ab,18.077045046014092,0.0,0.0
R52-C-75,R52-C-75__P1__huayi_sy3_phase1_wgs1__plateau_2022-09-30D_015__W002,1,train,fixed_physics,reference,1,H2_CO_ratio,0.4503936341736568,9.297966541467683e-21,-0.4503936341736568,1.0,1,0.006858836433469505,0.0908419544746847,2768.2681572139263,completed,poor,a2955d2a2f6e850b88d8b206f465d810e1ad86ab,9.297966541467683e-21,0.0,0.0
R52-C-75,R52-C-75__P1__huayi_sy3_phase1_wgs1__plateau_2022-09-30D_015__W002,1,train,fixed_physics,reference,1,dry_syngas_flow,124422.03030238024,56447.94818914456,-67974.08211323568,1.0,1,0.006858836433469505,0.0908419544746847,2768.2681572139263,completed,poor,a2955d2a2f6e850b88d8b206f465d810e1ad86ab,56447.94818914456,0.0,0.0
R52-C-75,R52-C-75__P1__huayi_sy3_phase1_wgs1__plateau_2022-09-30D_016__W001,1,train,fixed_physics,reference,1,CO_dry_vol_pct,62.62935912533333,78.95793152465457,16.32857239932124,1.0,1,0.0068259311665098375,0.09062982812640888,2831.9301297664642,completed,poor,a2955d2a2f6e850b88d8b206f465d810e1ad86ab,78.95793152465457,0.0,0.0
R52-C-75,R52-C-75__P1__huayi_sy3_phase1_wgs1__plateau_2022-09-30D_016__W001,1,train,fixed_physics,reference,1,H2_dry_vol_pct,28.230895063999995,1.9846293235979904e-17,-28.230895063999995,1.0,1,0.0068259311665098375,0.09062982812640888,2831.9301297664642,completed,poor,a2955d2a2f6e850b88d8b206f465d810e1ad86ab,1.9846293235979904e-17,0.0,0.0
R52-C-75,R52-C-75__P1__huayi_sy3_phase1_wgs1__plateau_2022-09-30D_016__W001,1,train,fixed_physics,reference,1,CO2_dry_vol_pct,8.3601744244,18.06699054821029,9.706816123810288,1.0,1,0.0068259311665098375,0.09062982812640888,2831.9301297664642,completed,poor,a2955d2a2f6e850b88d8b206f465d810e1ad86ab,18.06699054821029,0.0,0.0
R52-C-75,R52-C-75__P1__huayi_sy3_phase1_wgs1__plateau_2022-09-30D_016__W001,1,train,fixed_physics,reference,1,H2_CO_ratio,0.4507668222285634,2.5135275016396435e-19,-0.4507668222285634,1.0,1,0.0068259311665098375,0.09062982812640888,2831.9301297664642,completed,poor,a2955d2a2f6e850b88d8b206f465d810e1ad86ab,2.5135275016396435e-19,0.0,0.0
R52-C-75,R52-C-75__P1__huayi_sy3_phase1_wgs1__plateau_2022-09-30D_016__W001,1,train,fixed_physics,reference,1,dry_syngas_flow,130288.5744699803,57927.65130581715,-72360.92316416316,1.0,1,0.0068259311665098375,0.09062982812640888,2831.9301297664642,completed,poor,a2955d2a2f6e850b88d8b206f465d810e1ad86ab,57927.65130581715,0.0,0.0
R52-C-75,R52-C-75__P1__huayi_sy3_phase1_wgs1__plateau_2022-09-30D_017__W001,1,train,fixed_physics,reference,1,CO_dry_vol_pct,62.589729402666656,78.9077136943767,16.31798429171004,1.0,1,0.006923664447303058,0.09125836210544505,2853.02151247859,completed,poor,a2955d2a2f6e850b88d8b206f465d810e1ad86ab,78.9077136943767,0.0,0.0
R52-C-75,R52-C-75__P1__huayi_sy3_phase1_wgs1__plateau_2022-09-30D_017__W001,1,train,fixed_physics,reference,1,H2_dry_vol_pct,28.140566629333332,5.411214178509366e-17,-28.140566629333332,1.0,1,0.006923664447303058,0.09125836210544505,2853.02151247859,completed,poor,a2955d2a2f6e850b88d8b206f465d810e1ad86ab,5.411214178509366e-17,0.0,0.0
R52-C-75,R52-C-75__P1__huayi_sy3_phase1_wgs1__plateau_2022-09-30D_017__W001,1,train,fixed_physics,reference,1,CO2_dry_vol_pct,8.533471153333334,18.09679812867,9.563326975336665,1.0,1,0.006923664447303058,0.09125836210544505,2853.02151247859,completed,poor,a2955d2a2f6e850b88d8b206f465d810e1ad86ab,18.09679812867,0.0,0.0
R52-C-75,R52-C-75__P1__huayi_sy3_phase1_wgs1__plateau_2022-09-30D_017__W001,1,train,fixed_physics,reference,1,H2_CO_ratio,0.4496039716636205,6.857649176692586e-19,-0.4496039716636205,1.0,1,0.006923664447303058,0.09125836210544505,2853.02151247859,completed,poor,a2955d2a2f6e850b88d8b206f465d810e1ad86ab,6.857649176692586e-19,0.0,0.0
R52-C-75,R52-C-75__P1__huayi_sy3_phase1_wgs1__plateau_2022-09-30D_017__W001,1,train,fixed_physics,reference,1,dry_syngas_flow,129520.22150821247,57819.52403257882,-71700.69747563366,1.0,1,0.006923664447303058,0.09125836210544505,2853.02151247859,completed,poor,a2955d2a2f6e850b88d8b206f465d810e1ad86ab,57819.52403257882,0.0,0.0
R52-C-75,R52-C-75__P1__huayi_sy3_phase1_wgs1__plateau_2022-09-30D_017__W002,1,train,fixed_physics,reference,1,CO_dry_vol_pct,62.55620494133332,79.07440146116414,16.518196519830823,1.0,1,0.006601568814232283,0.08916946738819738,2780.3233213722706,completed,poor,a2955d2a2f6e850b88d8b206f465d810e1ad86ab,79.07440146116414,0.0,0.0
R52-C-75,R52-C-75__P1__huayi_sy3_phase1_wgs1__plateau_2022-09-30D_017__W002,1,train,fixed_physics,reference,1,H2_dry_vol_pct,28.07742052533334,3.769512097991913e-18,-28.07742052533334,1.0,1,0.006601568814232283,0.08916946738819738,2780.3233213722706,completed,poor,a2955d2a2f6e850b88d8b206f465d810e1ad86ab,3.769512097991913e-18,0.0,0.0
R52-C-75,R52-C-75__P1__huayi_sy3_phase1_wgs1__plateau_2022-09-30D_017__W002,1,train,fixed_physics,reference,1,CO2_dry_vol_pct,8.642976686000003,17.997730782725927,9.354754096725925,1.0,1,0.006601568814232283,0.08916946738819738,2780.3233213722706,completed,poor,a2955d2a2f6e850b88d8b206f465d810e1ad86ab,17.997730782725927,0.0,0.0
R52-C-75,R52-C-75__P1__huayi_sy3_phase1_wgs1__plateau_2022-09-30D_017__W002,1,train,fixed_physics,reference,1,H2_CO_ratio,0.4488339496488767,4.7670447430996177e-20,-0.4488339496488767,1.0,1,0.006601568814232283,0.08916946738819738,2780.3233213722706,completed,poor,a2955d2a2f6e850b88d8b206f465d810e1ad86ab,4.7670447430996177e-20,0.0,0.0
R52-C-75,R52-C-75__P1__huayi_sy3_phase1_wgs1__plateau_2022-09-30D_017__W002,1,train,fixed_physics,reference,1,dry_syngas_flow,129098.43809270563,58123.46814383978,-70974.96994886585,1.0,1,0.006601568814232283,0.08916946738819738,2780.3233213722706,completed,poor,a2955d2a2f6e850b88d8b206f465d810e1ad86ab,58123.46814383978,0.0,0.0
R52-C-75,R52-C-75__P1__huayi_sy3_phase1_wgs1__shift_evening_handover_2022-09-30__W001,1,train,fixed_physics,reference,1,CO_dry_vol_pct,62.35185672666667,78.85898413871722,16.50712741205055,1.0,1,0.007018761871278066,0.0918658337187548,2869.6777825653553,completed,poor,a2955d2a2f6e850b88d8b206f465d810e1ad86ab,78.85898413871722,0.0,0.0
R52-C-75,R52-C-75__P1__huayi_sy3_phase1_wgs1__shift_evening_handover_2022-09-30__W001,1,train,fixed_physics,reference,1,H2_dry_vol_pct,28.06596186666667,3.3333979820188805e-16,-28.06596186666667,1.0,1,0.007018761871278066,0.0918658337187548,2869.6777825653553,completed,poor,a2955d2a2f6e850b88d8b206f465d810e1ad86ab,3.3333979820188805e-16,0.0,0.0
R52-C-75,R52-C-75__P1__huayi_sy3_phase1_wgs1__shift_evening_handover_2022-09-30__W001,1,train,fixed_physics,reference,1,CO2_dry_vol_pct,8.877409084133333,18.12570635346093,9.248297269327598,1.0,1,0.007018761871278066,0.0918658337187548,2869.6777825653553,completed,poor,a2955d2a2f6e850b88d8b206f465d810e1ad86ab,18.12570635346093,0.0,0.0
R52-C-75,R52-C-75__P1__huayi_sy3_phase1_wgs1__shift_evening_handover_2022-09-30__W001,1,train,fixed_physics,reference,1,H2_CO_ratio,0.450119819045538,4.227036422578375e-18,-0.450119819045538,1.0,1,0.007018761871278066,0.0918658337187548,2869.6777825653553,completed,poor,a2955d2a2f6e850b88d8b206f465d810e1ad86ab,4.227036422578375e-18,0.0,0.0
R52-C-75,R52-C-75__P1__huayi_sy3_phase1_wgs1__shift_evening_handover_2022-09-30__W001,1,train,fixed_physics,reference,1,dry_syngas_flow,128417.31845519706,57639.84808052815,-70777.47037466892,1.0,1,0.007018761871278066,0.0918658337187548,2869.6777825653553,completed,poor,a2955d2a2f6e850b88d8b206f465d810e1ad86ab,57639.84808052815,0.0,0.0
R52-C-75,R52-C-75__P1__huayi_sy3_phase1_wgs1__plateau_2022-09-30N_018__W001,1,train,fixed_physics,reference,1,CO_dry_vol_pct,62.259599325333326,79.09803527215335,16.838435946820027,1.0,1,0.0065563096944579805,0.08887189401455732,2768.875432521105,completed,poor,a2955d2a2f6e850b88d8b206f465d810e1ad86ab,79.09803527215335,0.0,0.0
R52-C-75,R52-C-75__P1__huayi_sy3_phase1_wgs1__plateau_2022-09-30N_018__W001,1,train,fixed_physics,reference,1,H2_dry_vol_pct,27.98676327733333,3.309591315300845e-15,-27.986763277333328,1.0,1,0.0065563096944579805,0.08887189401455732,2768.875432521105,completed,poor,a2955d2a2f6e850b88d8b206f465d810e1ad86ab,3.309591315300845e-15,0.0,0.0
R52-C-75,R52-C-75__P1__huayi_sy3_phase1_wgs1__plateau_2022-09-30N_018__W001,1,train,fixed_physics,reference,1,CO2_dry_vol_pct,9.0532056016,17.98365333804032,8.93044773644032,1.0,1,0.0065563096944579805,0.08887189401455732,2768.875432521105,completed,poor,a2955d2a2f6e850b88d8b206f465d810e1ad86ab,17.98365333804032,0.0,0.0
R52-C-75,R52-C-75__P1__huayi_sy3_phase1_wgs1__plateau_2022-09-30N_018__W001,1,train,fixed_physics,reference,1,H2_CO_ratio,0.4495203403847758,4.184163745551332e-17,-0.44952034038477573,1.0,1,0.0065563096944579805,0.08887189401455732,2768.875432521105,completed,poor,a2955d2a2f6e850b88d8b206f465d810e1ad86ab,4.184163745551332e-17,0.0,0.0
R52-C-75,R52-C-75__P1__huayi_sy3_phase1_wgs1__plateau_2022-09-30N_018__W001,1,train,fixed_physics,reference,1,dry_syngas_flow,128400.95007322318,58143.21631137253,-70257.73376185066,1.0,1,0.0065563096944579805,0.08887189401455732,2768.875432521105,completed,poor,a2955d2a2f6e850b88d8b206f465d810e1ad86ab,58143.21631137253,0.0,0.0
R52-C-75,R52-C-75__P1__huayi_sy3_phase1_wgs1__plateau_2022-09-30N_018__W002,1,train,fixed_physics,reference,1,CO_dry_vol_pct,62.16879454666666,79.40012252360673,17.231327976940065,1.0,1,0.005995337720735861,0.08509004900279075,2646.1283192038536,completed,poor,a2955d2a2f6e850b88d8b206f465d810e1ad86ab,79.40012252360673,0.0,0.0
R52-C-75,R52-C-75__P1__huayi_sy3_phase1_wgs1__plateau_2022-09-30N_018__W002,1,train,fixed_physics,reference,1,H2_dry_vol_pct,27.956942894666668,3.2804323402724955e-17,-27.956942894666668,1.0,1,0.005995337720735861,0.08509004900279075,2646.1283192038536,completed,poor,a2955d2a2f6e850b88d8b206f465d810e1ad86ab,3.2804323402724955e-17,0.0,0.0
R52-C-75,R52-C-75__P1__huayi_sy3_phase1_wgs1__plateau_2022-09-30N_018__W002,1,train,fixed_physics,reference,1,CO2_dry_vol_pct,9.175156894666667,17.80238671493803,8.627229820271364,1.0,1,0.005995337720735861,0.08509004900279075,2646.1283192038536,completed,poor,a2955d2a2f6e850b88d8b206f465d810e1ad86ab,17.80238671493803,0.0,0.0
R52-C-75,R52-C-75__P1__huayi_sy3_phase1_wgs1__plateau_2022-09-30N_018__W002,1,train,fixed_physics,reference,1,H2_CO_ratio,0.4497049194771154,4.1315205014918946e-19,-0.4497049194771154,1.0,1,0.005995337720735861,0.08509004900279075,2646.1283192038536,completed,poor,a2955d2a2f6e850b88d8b206f465d810e1ad86ab,4.1315205014918946e-19,0.0,0.0
R52-C-75,R52-C-75__P1__huayi_sy3_phase1_wgs1__plateau_2022-09-30N_018__W002,1,train,fixed_physics,reference,1,dry_syngas_flow,129947.55315520288,58875.91922518327,-71071.63393001961,1.0,1,0.005995337720735861,0.08509004900279075,2646.1283192038536,completed,poor,a2955d2a2f6e850b88d8b206f465d810e1ad86ab,58875.91922518327,0.0,0.0
R52-C-75,R52-C-75__P1__huayi_sy3_phase1_wgs1__plateau_2022-09-30N_018__W003,1,train,fixed_physics,reference,1,CO_dry_vol_pct,62.107403548000015,79.45110810959541,17.343704561595395,1.0,1,0.005903737266080376,0.08445507898343689,2633.6016809642315,completed,poor,a2955d2a2f6e850b88d8b206f465d810e1ad86ab,79.45110810959541,0.0,0.0
R52-C-75,R52-C-75__P1__huayi_sy3_phase1_wgs1__plateau_2022-09-30N_018__W003,1,train,fixed_physics,reference,1,H2_dry_vol_pct,27.897127812,1.4336144487667977e-17,-27.897127812,1.0,1,0.005903737266080376,0.08445507898343689,2633.6016809642315,completed,poor,a2955d2a2f6e850b88d8b206f465d810e1ad86ab,1.4336144487667977e-17,0.0,0.0
R52-C-75,R52-C-75__P1__huayi_sy3_phase1_wgs1__plateau_2022-09-30N_018__W003,1,train,fixed_physics,reference,1,CO2_dry_vol_pct,9.2952522936,17.771528941714827,8.476276648114826,1.0,1,0.005903737266080376,0.08445507898343689,2633.6016809642315,completed,poor,a2955d2a2f6e850b88d8b206f465d810e1ad86ab,17.771528941714827,0.0,0.0
R52-C-75,R52-C-75__P1__huayi_sy3_phase1_wgs1__plateau_2022-09-30N_018__W003,1,train,fixed_physics,reference,1,H2_CO_ratio,0.4491729835250674,1.8043983059232604e-19,-0.4491729835250674,1.0,1,0.005903737266080376,0.08445507898343689,2633.6016809642315,completed,poor,a2955d2a2f6e850b88d8b206f465d810e1ad86ab,1.8043983059232604e-19,0.0,0.0
R52-C-75,R52-C-75__P1__huayi_sy3_phase1_wgs1__plateau_2022-09-30N_018__W003,1,train,fixed_physics,reference,1,dry_syngas_flow,131358.1794835775,59181.41183123284,-72176.76765234466,1.0,1,0.005903737266080376,0.08445507898343689,2633.6016809642315,completed,poor,a2955d2a2f6e850b88d8b206f465d810e1ad86ab,59181.41183123284,0.0,0.0
R52-C-75,R52-C-75__P1__huayi_sy3_phase1_wgs1__plateau_2022-09-30N_018__W004,1,train,fixed_physics,reference,1,CO_dry_vol_pct,62.55384123733334,79.49148606174822,16.937644824414882,1.0,1,0.005831556579071931,0.08395130660595371,2632.2525313198566,completed,poor,a2955d2a2f6e850b88d8b206f465d810e1ad86ab,79.49148606174822,0.0,0.0
R52-C-75,R52-C-75__P1__huayi_sy3_phase1_wgs1__plateau_2022-09-30N_018__W004,1,train,fixed_physics,reference,1,H2_dry_vol_pct,28.21034203066666,1.2297309530100377e-17,-28.21034203066666,1.0,1,0.005831556579071931,0.08395130660595371,2632.2525313198566,completed,poor,a2955d2a2f6e850b88d8b206f465d810e1ad86ab,1.2297309530100377e-17,0.0,0.0
R52-C-75,R52-C-75__P1__huayi_sy3_phase1_wgs1__plateau_2022-09-30N_018__W004,1,train,fixed_physics,reference,1,CO2_dry_vol_pct,8.497962900933333,17.74709204892581,9.249129147992479,1.0,1,0.005831556579071931,0.08395130660595371,2632.2525313198566,completed,poor,a2955d2a2f6e850b88d8b206f465d810e1ad86ab,17.74709204892581,0.0,0.0
R52-C-75,R52-C-75__P1__huayi_sy3_phase1_wgs1__plateau_2022-09-30N_018__W004,1,train,fixed_physics,reference,1,H2_CO_ratio,0.4509737069549503,1.5469970608610772e-19,-0.4509737069549503,1.0,1,0.005831556579071931,0.08395130660595371,2632.2525313198566,completed,poor,a2955d2a2f6e850b88d8b206f465d810e1ad86ab,1.5469970608610772e-19,0.0,0.0
R52-C-75,R52-C-75__P1__huayi_sy3_phase1_wgs1__plateau_2022-09-30N_018__W004,1,train,fixed_physics,reference,1,dry_syngas_flow,133667.86264315297,59620.89608050993,-74046.96656264304,1.0,1,0.005831556579071931,0.08395130660595371,2632.2525313198566,completed,poor,a2955d2a2f6e850b88d8b206f465d810e1ad86ab,59620.89608050993,0.0,0.0
R52-C-75,R52-C-75__P1__huayi_sy3_phase1_wgs1__plateau_2022-09-30N_018__W005,1,train,fixed_physics,reference,1,CO_dry_vol_pct,62.47337363866667,79.2326146940355,16.759241055368832,1.0,1,0.006303337098980595,0.08718789261804141,2744.88976547122,completed,poor,a2955d2a2f6e850b88d8b206f465d810e1ad86ab,79.2326146940355,0.0,0.0
R52-C-75,R52-C-75__P1__huayi_sy3_phase1_wgs1__plateau_2022-09-30N_018__W005,1,train,fixed_physics,reference,1,H2_dry_vol_pct,28.084389796,2.0669530685386526e-18,-28.084389796,1.0,1,0.006303337098980595,0.08718789261804141,2744.88976547122,completed,poor,a2955d2a2f6e850b88d8b206f465d810e1ad86ab,2.0669530685386526e-18,0.0,0.0
R52-C-75,R52-C-75__P1__huayi_sy3_phase1_wgs1__plateau_2022-09-30N_018__W005,1,train,fixed_physics,reference,1,CO2_dry_vol_pct,8.739705993333333,17.903131416411174,9.163425423077841,1.0,1,0.006303337098980595,0.08718789261804141,2744.88976547122,completed,poor,a2955d2a2f6e850b88d8b206f465d810e1ad86ab,17.903131416411174,0.0,0.0
R52-C-75,R52-C-75__P1__huayi_sy3_phase1_wgs1__plateau_2022-09-30N_018__W005,1,train,fixed_physics,reference,1,H2_CO_ratio,0.4495420403733147,2.6087149547195863e-20,-0.4495420403733147,1.0,1,0.006303337098980595,0.08718789261804141,2744.88976547122,completed,poor,a2955d2a2f6e850b88d8b206f465d810e1ad86ab,2.6087149547195863e-20,0.0,0.0
R52-C-75,R52-C-75__P1__huayi_sy3_phase1_wgs1__plateau_2022-09-30N_018__W005,1,train,fixed_physics,reference,1,dry_syngas_flow,133907.95837160238,59129.776408133985,-74778.18196346839,1.0,1,0.006303337098980595,0.08718789261804141,2744.88976547122,completed,poor,a2955d2a2f6e850b88d8b206f465d810e1ad86ab,59129.776408133985,0.0,0.0
R52-C-75,R52-C-75__P1__huayi_sy3_phase1_wgs1__plateau_2022-09-30N_018__W006,1,train,fixed_physics,reference,1,CO_dry_vol_pct,62.547863098666674,78.71364769457908,16.165784595912406,1.0,1,0.007308652786131928,0.0936904782722503,2952.88862618804,completed,poor,a2955d2a2f6e850b88d8b206f465d810e1ad86ab,78.71364769457908,0.0,0.0
R52-C-75,R52-C-75__P1__huayi_sy3_phase1_wgs1__plateau_2022-09-30N_018__W006,1,train,fixed_physics,reference,1,H2_dry_vol_pct,28.112040912,3.979366821073691e-17,-28.112040912,1.0,1,0.007308652786131928,0.0936904782722503,2952.88862618804,completed,poor,a2955d2a2f6e850b88d8b206f465d810e1ad86ab,3.979366821073691e-17,0.0,0.0
R52-C-75,R52-C-75__P1__huayi_sy3_phase1_wgs1__plateau_2022-09-30N_018__W006,1,train,fixed_physics,reference,1,CO2_dry_vol_pct,8.641554167066666,18.21136985641759,9.569815689350925,1.0,1,0.007308652786131928,0.0936904782722503,2952.88862618804,completed,poor,a2955d2a2f6e850b88d8b206f465d810e1ad86ab,18.21136985641759,0.0,0.0
R52-C-75,R52-C-75__P1__huayi_sy3_phase1_wgs1__plateau_2022-09-30N_018__W006,1,train,fixed_physics,reference,1,H2_CO_ratio,0.4494502025515557,5.055497918879633e-19,-0.4494502025515557,1.0,1,0.007308652786131928,0.0936904782722503,2952.88862618804,completed,poor,a2955d2a2f6e850b88d8b206f465d810e1ad86ab,5.055497918879633e-19,0.0,0.0
R52-C-75,R52-C-75__P1__huayi_sy3_phase1_wgs1__plateau_2022-09-30N_018__W006,1,train,fixed_physics,reference,1,dry_syngas_flow,134006.42930000604,57758.33855255414,-76248.0907474519,1.0,1,0.007308652786131928,0.0936904782722503,2952.88862618804,completed,poor,a2955d2a2f6e850b88d8b206f465d810e1ad86ab,57758.33855255414,0.0,0.0
R52-C-75,R52-C-75__P2__huayi_sy3sy2_phase2_wgs1__shift_morning_handover_2022-10-02__W001,2,train,fixed_physics,reference,1,CO_dry_vol_pct,62.806214492,84.69996489995079,21.893750407950783,1.0,1,0.012557310437555043,0.11964631684576986,3754.2662509679794,completed,poor,a2955d2a2f6e850b88d8b206f465d810e1ad86ab,84.69996489995079,0.0,0.0
R52-C-75,R52-C-75__P2__huayi_sy3sy2_phase2_wgs1__shift_morning_handover_2022-10-02__W001,2,train,fixed_physics,reference,1,H2_dry_vol_pct,27.67739392,7.688780096376394e-16,-27.67739392,1.0,1,0.012557310437555043,0.11964631684576986,3754.2662509679794,completed,poor,a2955d2a2f6e850b88d8b206f465d810e1ad86ab,7.688780096376394e-16,0.0,0.0
R52-C-75,R52-C-75__P2__huayi_sy3sy2_phase2_wgs1__shift_morning_handover_2022-10-02__W001,2,train,fixed_physics,reference,1,CO2_dry_vol_pct,8.8062638492,11.912479663680058,3.1062158144800573,1.0,1,0.012557310437555043,0.11964631684576986,3754.2662509679794,completed,poor,a2955d2a2f6e850b88d8b206f465d810e1ad86ab,11.912479663680058,0.0,0.0
R52-C-75,R52-C-75__P2__huayi_sy3sy2_phase2_wgs1__shift_morning_handover_2022-10-02__W001,2,train,fixed_physics,reference,1,H2_CO_ratio,0.4406797629169421,9.077666213272375e-18,-0.4406797629169421,1.0,1,0.012557310437555043,0.11964631684576986,3754.2662509679794,completed,poor,a2955d2a2f6e850b88d8b206f465d810e1ad86ab,9.077666213272375e-18,0.0,0.0
R52-C-75,R52-C-75__P2__huayi_sy3sy2_phase2_wgs1__shift_morning_handover_2022-10-02__W001,2,train,fixed_physics,reference,1,dry_syngas_flow,133486.41553050416,58199.16906837035,-75287.24646213381,1.0,1,0.012557310437555043,0.11964631684576986,3754.2662509679794,completed,poor,a2955d2a2f6e850b88d8b206f465d810e1ad86ab,58199.16906837035,0.0,0.0
R52-C-75,R52-C-75__P2__huayi_sy3sy2_phase2_wgs1__plateau_2022-10-02D_007__W001,2,train,fixed_physics,reference,1,CO_dry_vol_pct,62.53256980133334,84.39030277208576,21.857732970752423,1.0,1,0.013634562000878918,0.12448293358287257,3887.1565533280373,completed,poor,a2955d2a2f6e850b88d8b206f465d810e1ad86ab,84.39030277208576,0.0,0.0
R52-C-75,R52-C-75__P2__huayi_sy3sy2_phase2_wgs1__plateau_2022-10-02D_007__W001,2,train,fixed_physics,reference,1,H2_dry_vol_pct,27.440647118666668,1.9326987475513748e-16,-27.440647118666668,1.0,1,0.013634562000878918,0.12448293358287257,3887.1565533280373,completed,poor,a2955d2a2f6e850b88d8b206f465d810e1ad86ab,1.9326987475513748e-16,0.0,0.0
R52-C-75,R52-C-75__P2__huayi_sy3sy2_phase2_wgs1__plateau_2022-10-02D_007__W001,2,train,fixed_physics,reference,1,CO2_dry_vol_pct,9.325112716266666,12.059117178593231,2.734004462326565,1.0,1,0.013634562000878918,0.12448293358287257,3887.1565533280373,completed,poor,a2955d2a2f6e850b88d8b206f465d810e1ad86ab,12.059117178593231,0.0,0.0
R52-C-75,R52-C-75__P2__huayi_sy3sy2_phase2_wgs1__plateau_2022-10-02D_007__W001,2,train,fixed_physics,reference,1,H2_CO_ratio,0.4388256725292306,2.290190559892936e-18,-0.4388256725292306,1.0,1,0.013634562000878918,0.12448293358287257,3887.1565533280373,completed,poor,a2955d2a2f6e850b88d8b206f465d810e1ad86ab,2.290190559892936e-18,0.0,0.0
R52-C-75,R52-C-75__P2__huayi_sy3sy2_phase2_wgs1__plateau_2022-10-02D_007__W001,2,train,fixed_physics,reference,1,dry_syngas_flow,131384.93922437524,56842.40592432171,-74542.53330005353,1.0,1,0.013634562000878918,0.12448293358287257,3887.1565533280373,completed,poor,a2955d2a2f6e850b88d8b206f465d810e1ad86ab,56842.40592432171,0.0,0.0
R52-C-75,R52-C-75__P2__huayi_sy3sy2_phase2_wgs1__plateau_2022-10-02D_007__W002,2,train,fixed_physics,reference,1,CO_dry_vol_pct,62.62816938799999,84.36557497543431,21.737405587434324,1.0,1,0.013722716452390786,0.124869765611475,3889.914539515972,completed,poor,a2955d2a2f6e850b88d8b206f465d810e1ad86ab,84.36557497543431,0.0,0.0
R52-C-75,R52-C-75__P2__huayi_sy3sy2_phase2_wgs1__plateau_2022-10-02D_007__W002,2,train,fixed_physics,reference,1,H2_dry_vol_pct,27.292091693333337,6.485453911301036e-14,-27.292091693333273,1.0,1,0.013722716452390786,0.124869765611475,3889.914539515972,completed,poor,a2955d2a2f6e850b88d8b206f465d810e1ad86ab,6.485453911301036e-14,0.0,0.0
R52-C-75,R52-C-75__P2__huayi_sy3sy2_phase2_wgs1__plateau_2022-10-02D_007__W002,2,train,fixed_physics,reference,1,CO2_dry_vol_pct,9.383415142133332,12.070661870746664,2.6872467286133315,1.0,1,0.013722716452390786,0.124869765611475,3889.914539515972,completed,poor,a2955d2a2f6e850b88d8b206f465d810e1ad86ab,12.070661870746664,0.0,0.0
R52-C-75,R52-C-75__P2__huayi_sy3sy2_phase2_wgs1__plateau_2022-10-02D_007__W002,2,train,fixed_physics,reference,1,H2_CO_ratio,0.4357803814278319,7.687322599519389e-16,-0.4357803814278311,1.0,1,0.013722716452390786,0.124869765611475,3889.914539515972,completed,poor,a2955d2a2f6e850b88d8b206f465d810e1ad86ab,7.687322599519389e-16,0.0,0.0
R52-C-75,R52-C-75__P2__huayi_sy3sy2_phase2_wgs1__plateau_2022-10-02D_007__W002,2,train,fixed_physics,reference,1,dry_syngas_flow,130221.35699898964,56621.62079949836,-73599.73619949128,1.0,1,0.013722716452390786,0.124869765611475,3889.914539515972,completed,poor,a2955d2a2f6e850b88d8b206f465d810e1ad86ab,56621.62079949836,0.0,0.0
R52-C-75,R52-C-75__P2__huayi_sy3sy2_phase2_wgs1__plateau_2022-10-02D_008__W001,2,train,fixed_physics,reference,1,CO_dry_vol_pct,63.24949256533333,84.77563823902682,21.52614567369349,1.0,1,0.012302473234065157,0.11847084672189574,3792.2997330129147,completed,poor,a2955d2a2f6e850b88d8b206f465d810e1ad86ab,84.77563823902682,0.0,0.0
R52-C-75,R52-C-75__P2__huayi_sy3sy2_phase2_wgs1__plateau_2022-10-02D_008__W001,2,train,fixed_physics,reference,1,H2_dry_vol_pct,27.331996638666663,8.390913758802136e-17,-27.331996638666663,1.0,1,0.012302473234065157,0.11847084672189574,3792.2997330129147,completed,poor,a2955d2a2f6e850b88d8b206f465d810e1ad86ab,8.390913758802136e-17,0.0,0.0
R52-C-75,R52-C-75__P2__huayi_sy3sy2_phase2_wgs1__plateau_2022-10-02D_008__W001,2,train,fixed_physics,reference,1,CO2_dry_vol_pct,8.695898946533333,11.876005701479494,3.180106754946161,1.0,1,0.012302473234065157,0.11847084672189574,3792.2997330129147,completed,poor,a2955d2a2f6e850b88d8b206f465d810e1ad86ab,11.876005701479494,0.0,0.0
R52-C-75,R52-C-75__P2__huayi_sy3sy2_phase2_wgs1__plateau_2022-10-02D_008__W001,2,train,fixed_physics,reference,1,H2_CO_ratio,0.4321289539973351,9.89778895576553e-19,-0.4321289539973351,1.0,1,0.012302473234065157,0.11847084672189574,3792.2997330129147,completed,poor,a2955d2a2f6e850b88d8b206f465d810e1ad86ab,9.89778895576553e-19,0.0,0.0
R52-C-75,R52-C-75__P2__huayi_sy3sy2_phase2_wgs1__plateau_2022-10-02D_008__W001,2,train,fixed_physics,reference,1,dry_syngas_flow,135611.63994624343,59645.437189457276,-75966.20275678617,1.0,1,0.012302473234065157,0.11847084672189574,3792.2997330129147,completed,poor,a2955d2a2f6e850b88d8b206f465d810e1ad86ab,59645.437189457276,0.0,0.0
R52-C-75,R52-C-75__P2__huayi_sy3sy2_phase2_wgs1__plateau_2022-10-02D_008__W002,2,train,fixed_physics,reference,1,CO_dry_vol_pct,63.08555071599999,84.82643921668813,21.740888500688136,1.0,1,0.012129340187382489,0.11766620049014022,3784.458935946226,completed,poor,a2955d2a2f6e850b88d8b206f465d810e1ad86ab,84.82643921668813,0.0,0.0
R52-C-75,R52-C-75__P2__huayi_sy3sy2_phase2_wgs1__plateau_2022-10-02D_008__W002,2,train,fixed_physics,reference,1,H2_dry_vol_pct,27.280574058666662,4.460175325898451e-19,-27.280574058666662,1.0,1,0.012129340187382489,0.11766620049014022,3784.458935946226,completed,poor,a2955d2a2f6e850b88d8b206f465d810e1ad86ab,4.460175325898451e-19,0.0,0.0
R52-C-75,R52-C-75__P2__huayi_sy3sy2_phase2_wgs1__plateau_2022-10-02D_008__W002,2,train,fixed_physics,reference,1,CO2_dry_vol_pct,8.922514986666668,11.851659687194555,2.9291447005278872,1.0,1,0.012129340187382489,0.11766620049014022,3784.458935946226,completed,poor,a2955d2a2f6e850b88d8b206f465d810e1ad86ab,11.851659687194555,0.0,0.0
R52-C-75,R52-C-75__P2__huayi_sy3sy2_phase2_wgs1__plateau_2022-10-02D_008__W002,2,train,fixed_physics,reference,1,H2_CO_ratio,0.4324363383264407,5.25800135793156e-21,-0.4324363383264407,1.0,1,0.012129340187382489,0.11766620049014022,3784.458935946226,completed,poor,a2955d2a2f6e850b88d8b206f465d810e1ad86ab,5.25800135793156e-21,0.0,0.0
R52-C-75,R52-C-75__P2__huayi_sy3sy2_phase2_wgs1__plateau_2022-10-02D_008__W002,2,train,fixed_physics,reference,1,dry_syngas_flow,134026.21374089763,60114.90279193685,-73911.31094896077,1.0,1,0.012129340187382489,0.11766620049014022,3784.458935946226,completed,poor,a2955d2a2f6e850b88d8b206f465d810e1ad86ab,60114.90279193685,0.0,0.0
R52-C-75,R52-C-75__P2__huayi_sy3sy2_phase2_wgs1__plateau_2022-10-02D_008__W003,2,train,fixed_physics,reference,1,CO_dry_vol_pct,63.07063903823528,84.7882040730265,21.717565034791228,1.0,1,0.012256914960438157,0.11826045774166863,3802.6804061233997,completed,poor,a2955d2a2f6e850b88d8b206f465d810e1ad86ab,84.7882040730265,0.0,0.0
R52-C-75,R52-C-75__P2__huayi_sy3sy2_phase2_wgs1__plateau_2022-10-02D_008__W003,2,train,fixed_physics,reference,1,H2_dry_vol_pct,27.202230354411764,7.604753302248017e-16,-27.202230354411764,1.0,1,0.012256914960438157,0.11826045774166863,3802.6804061233997,completed,poor,a2955d2a2f6e850b88d8b206f465d810e1ad86ab,7.604753302248017e-16,0.0,0.0
R52-C-75,R52-C-75__P2__huayi_sy3sy2_phase2_wgs1__plateau_2022-10-02D_008__W003,2,train,fixed_physics,reference,1,CO2_dry_vol_pct,9.006523823823533,11.870173519211196,2.8636496953876627,1.0,1,0.012256914960438157,0.11826045774166863,3802.6804061233997,completed,poor,a2955d2a2f6e850b88d8b206f465d810e1ad86ab,11.870173519211196,0.0,0.0
R52-C-75,R52-C-75__P2__huayi_sy3sy2_phase2_wgs1__plateau_2022-10-02D_008__W003,2,train,fixed_physics,reference,1,H2_CO_ratio,0.4312973684326845,8.969117090507288e-18,-0.4312973684326845,1.0,1,0.012256914960438157,0.11826045774166863,3802.6804061233997,completed,poor,a2955d2a2f6e850b88d8b206f465d810e1ad86ab,8.969117090507288e-18,0.0,0.0
R52-C-75,R52-C-75__P2__huayi_sy3sy2_phase2_wgs1__plateau_2022-10-02D_008__W003,2,train,fixed_physics,reference,1,dry_syngas_flow,135333.12568400582,59961.32101645969,-75371.80466754612,1.0,1,0.012256914960438157,0.11826045774166863,3802.6804061233997,completed,poor,a2955d2a2f6e850b88d8b206f465d810e1ad86ab,59961.32101645969,0.0,0.0
R52-C-75,R52-C-75__P2__huayi_sy3sy2_phase2_wgs1__plateau_2022-10-02D_008__W004,2,train,fixed_physics,reference,1,CO_dry_vol_pct,62.77992547536232,84.8389432815887,22.05901780622638,1.0,1,0.012085519702011837,0.11746197048360717,3776.964977681637,completed,poor,a2955d2a2f6e850b88d8b206f465d810e1ad86ab,84.8389432815887,0.0,0.0
R52-C-75,R52-C-75__P2__huayi_sy3sy2_phase2_wgs1__plateau_2022-10-02D_008__W004,2,train,fixed_physics,reference,1,H2_dry_vol_pct,27.104893466666667,1.6227449108997636e-14,-27.10489346666665,1.0,1,0.012085519702011837,0.11746197048360717,3776.964977681637,completed,poor,a2955d2a2f6e850b88d8b206f465d810e1ad86ab,1.6227449108997636e-14,0.0,0.0
R52-C-75,R52-C-75__P2__huayi_sy3sy2_phase2_wgs1__plateau_2022-10-02D_008__W004,2,train,fixed_physics,reference,1,CO2_dry_vol_pct,9.396092198550727,11.845737496265569,2.4496452977148415,1.0,1,0.012085519702011837,0.11746197048360717,3776.964977681637,completed,poor,a2955d2a2f6e850b88d8b206f465d810e1ad86ab,11.845737496265569,0.0,0.0
R52-C-75,R52-C-75__P2__huayi_sy3sy2_phase2_wgs1__plateau_2022-10-02D_008__W004,2,train,fixed_physics,reference,1,H2_CO_ratio,0.4317442957838846,1.9127358829938694e-16,-0.43174429578388446,1.0,1,0.012085519702011837,0.11746197048360717,3776.964977681637,completed,poor,a2955d2a2f6e850b88d8b206f465d810e1ad86ab,1.9127358829938694e-16,0.0,0.0
R52-C-75,R52-C-75__P2__huayi_sy3sy2_phase2_wgs1__plateau_2022-10-02D_008__W004,2,train,fixed_physics,reference,1,dry_syngas_flow,134996.61895123284,60146.08443978174,-74850.5345114511,1.0,1,0.012085519702011837,0.11746197048360717,3776.964977681637,completed,poor,a2955d2a2f6e850b88d8b206f465d810e1ad86ab,60146.08443978174,0.0,0.0
R52-C-75,R52-C-75__P2__huayi_sy3sy2_phase2_wgs1__shift_evening_handover_2022-10-02__W001,2,train,fixed_physics,reference,1,CO_dry_vol_pct,63.41086326266668,84.688855659144,21.277992396477316,1.0,1,0.012592506211758251,0.11980846648604157,3852.083441287279,completed,poor,a2955d2a2f6e850b88d8b206f465d810e1ad86ab,84.688855659144,0.0,0.0
R52-C-75,R52-C-75__P2__huayi_sy3sy2_phase2_wgs1__shift_evening_handover_2022-10-02__W001,2,train,fixed_physics,reference,1,H2_dry_vol_pct,27.417061404,8.901544781409025e-17,-27.417061404,1.0,1,0.012592506211758251,0.11980846648604157,3852.083441287279,completed,poor,a2955d2a2f6e850b88d8b206f465d810e1ad86ab,8.901544781409025e-17,0.0,0.0
R52-C-75,R52-C-75__P2__huayi_sy3sy2_phase2_wgs1__shift_evening_handover_2022-10-02__W001,2,train,fixed_physics,reference,1,CO2_dry_vol_pct,8.441408170933336,11.918000504250468,3.4765923333171322,1.0,1,0.012592506211758251,0.11980846648604157,3852.083441287279,completed,poor,a2955d2a2f6e850b88d8b206f465d810e1ad86ab,11.918000504250468,0.0,0.0
R52-C-75,R52-C-75__P2__huayi_sy3sy2_phase2_wgs1__shift_evening_handover_2022-10-02__W001,2,train,fixed_physics,reference,1,H2_CO_ratio,0.4323704069112698,1.0510880932475926e-18,-0.4323704069112698,1.0,1,0.012592506211758251,0.11980846648604157,3852.083441287279,completed,poor,a2955d2a2f6e850b88d8b206f465d810e1ad86ab,1.0510880932475926e-18,0.0,0.0
R52-C-75,R52-C-75__P2__huayi_sy3sy2_phase2_wgs1__shift_evening_handover_2022-10-02__W001,2,train,fixed_physics,reference,1,dry_syngas_flow,137049.71626670065,59594.875325158006,-77454.84094154264,1.0,1,0.012592506211758251,0.11980846648604157,3852.083441287279,completed,poor,a2955d2a2f6e850b88d8b206f465d810e1ad86ab,59594.875325158006,0.0,0.0
R52-C-75,R52-C-75__P2__huayi_sy3sy2_phase2_wgs1__plateau_2022-10-02N_009__W001,2,train,fixed_physics,reference,1,CO_dry_vol_pct,63.46170394933334,84.61273392685459,21.151029977521247,1.0,1,0.01285406851692382,0.12099990951882066,3874.739083170891,completed,poor,a2955d2a2f6e850b88d8b206f465d810e1ad86ab,84.61273392685459,0.0,0.0
R52-C-75,R52-C-75__P2__huayi_sy3sy2_phase2_wgs1__plateau_2022-10-02N_009__W001,2,train,fixed_physics,reference,1,H2_dry_vol_pct,27.516882504000005,1.6171908447144387e-15,-27.516882504000005,1.0,1,0.01285406851692382,0.12099990951882066,3874.739083170891,completed,poor,a2955d2a2f6e850b88d8b206f465d810e1ad86ab,1.6171908447144387e-15,0.0,0.0
R52-C-75,R52-C-75__P2__huayi_sy3sy2_phase2_wgs1__plateau_2022-10-02N_009__W001,2,train,fixed_physics,reference,1,CO2_dry_vol_pct,8.2832787328,11.954296712459838,3.6710179796598386,1.0,1,0.01285406851692382,0.12099990951882066,3874.739083170891,completed,poor,a2955d2a2f6e850b88d8b206f465d810e1ad86ab,11.954296712459838,0.0,0.0
R52-C-75,R52-C-75__P2__huayi_sy3sy2_phase2_wgs1__plateau_2022-10-02N_009__W001,2,train,fixed_physics,reference,1,H2_CO_ratio,0.4335975122152168,1.9112854172900928e-17,-0.4335975122152168,1.0,1,0.01285406851692382,0.12099990951882066,3874.739083170891,completed,poor,a2955d2a2f6e850b88d8b206f465d810e1ad86ab,1.9112854172900928e-17,0.0,0.0
R52-C-75,R52-C-75__P2__huayi_sy3sy2_phase2_wgs1__plateau_2022-10-02N_009__W001,2,train,fixed_physics,reference,1,dry_syngas_flow,135968.2115162215,59081.60681635042,-76886.60469987107,1.0,1,0.01285406851692382,0.12099990951882066,3874.739083170891,completed,poor,a2955d2a2f6e850b88d8b206f465d810e1ad86ab,59081.60681635042,0.0,0.0
R52-C-75,R52-C-75__P2__huayi_sy3sy2_phase2_wgs1__plateau_2022-10-02N_009__W002,2,train,fixed_physics,reference,1,CO_dry_vol_pct,63.25691689866667,84.65903849267067,21.402121594004008,1.0,1,0.012695080405771343,0.12027705307691743,3851.762043982744,completed,poor,a2955d2a2f6e850b88d8b206f465d810e1ad86ab,84.65903849267067,0.0,0.0
R52-C-75,R52-C-75__P2__huayi_sy3sy2_phase2_wgs1__plateau_2022-10-02N_009__W002,2,train,fixed_physics,reference,1,H2_dry_vol_pct,27.468237184000003,3.7968436030720807e-16,-27.468237184000003,1.0,1,0.012695080405771343,0.12027705307691743,3851.762043982744,completed,poor,a2955d2a2f6e850b88d8b206f465d810e1ad86ab,3.7968436030720807e-16,0.0,0.0
R52-C-75,R52-C-75__P2__huayi_sy3sy2_phase2_wgs1__plateau_2022-10-02N_009__W002,2,train,fixed_physics,reference,1,CO2_dry_vol_pct,8.520277471866667,11.932203289194891,3.4119258173282248,1.0,1,0.012695080405771343,0.12027705307691743,3851.762043982744,completed,poor,a2955d2a2f6e850b88d8b206f465d810e1ad86ab,11.932203289194891,0.0,0.0
R52-C-75,R52-C-75__P2__huayi_sy3sy2_phase2_wgs1__plateau_2022-10-02N_009__W002,2,train,fixed_physics,reference,1,H2_CO_ratio,0.4342286925491855,4.484865019345561e-18,-0.4342286925491855,1.0,1,0.012695080405771343,0.12027705307691743,3851.762043982744,completed,poor,a2955d2a2f6e850b88d8b206f465d810e1ad86ab,4.484865019345561e-18,0.0,0.0
R52-C-75,R52-C-75__P2__huayi_sy3sy2_phase2_wgs1__plateau_2022-10-02N_009__W002,2,train,fixed_physics,reference,1,dry_syngas_flow,136614.63686025803,59250.38919705543,-77364.24766320261,1.0,1,0.012695080405771343,0.12027705307691743,3851.762043982744,completed,poor,a2955d2a2f6e850b88d8b206f465d810e1ad86ab,59250.38919705543,0.0,0.0
R52-C-75,R52-C-75__P2__huayi_sy3sy2_phase2_wgs1__plateau_2022-10-02N_009__W003,2,train,fixed_physics,reference,1,CO_dry_vol_pct,62.98495327466667,84.69966135823692,21.71470808357025,1.0,1,0.012557928637997352,0.1196493200642736,3822.9715723395348,completed,poor,a2955d2a2f6e850b88d8b206f465d810e1ad86ab,84.69966135823692,0.0,0.0
R52-C-75,R52-C-75__P2__huayi_sy3sy2_phase2_wgs1__plateau_2022-10-02N_009__W003,2,train,fixed_physics,reference,1,H2_dry_vol_pct,27.480912090666667,1.2746432825969488e-16,-27.480912090666667,1.0,1,0.012557928637997352,0.1196493200642736,3822.9715723395348,completed,poor,a2955d2a2f6e850b88d8b206f465d810e1ad86ab,1.2746432825969488e-16,0.0,0.0
R52-C-75,R52-C-75__P2__huayi_sy3sy2_phase2_wgs1__plateau_2022-10-02N_009__W003,2,train,fixed_physics,reference,1,CO2_dry_vol_pct,8.8139224204,11.912670558865738,3.098748138465737,1.0,1,0.012557928637997352,0.1196493200642736,3822.9715723395348,completed,poor,a2955d2a2f6e850b88d8b206f465d810e1ad86ab,11.912670558865738,0.0,0.0
R52-C-75,R52-C-75__P2__huayi_sy3sy2_phase2_wgs1__plateau_2022-10-02N_009__W003,2,train,fixed_physics,reference,1,H2_CO_ratio,0.4363097806545441,1.5048977317699648e-18,-0.4363097806545441,1.0,1,0.012557928637997352,0.1196493200642736,3822.9715723395348,completed,poor,a2955d2a2f6e850b88d8b206f465d810e1ad86ab,1.5048977317699648e-18,0.0,0.0
R52-C-75,R52-C-75__P2__huayi_sy3sy2_phase2_wgs1__plateau_2022-10-02N_009__W003,2,train,fixed_physics,reference,1,dry_syngas_flow,134692.24161889203,59261.701609601296,-75430.54000929074,1.0,1,0.012557928637997352,0.1196493200642736,3822.9715723395348,completed,poor,a2955d2a2f6e850b88d8b206f465d810e1ad86ab,59261.701609601296,0.0,0.0
R52-C-75,R52-C-75__P2__huayi_sy3sy2_phase2_wgs1__plateau_2022-10-02N_009__W004,2,train,fixed_physics,reference,1,CO_dry_vol_pct,63.326827236,84.65917391937687,21.33234668337687,1.0,1,0.012697973298445901,0.1202892308197901,3820.2408940792084,completed,poor,a2955d2a2f6e850b88d8b206f465d810e1ad86ab,84.65917391937687,0.0,0.0
R52-C-75,R52-C-75__P2__huayi_sy3sy2_phase2_wgs1__plateau_2022-10-02N_009__W004,2,train,fixed_physics,reference,1,H2_dry_vol_pct,27.554390776000005,7.598899243529832e-15,-27.554390775999998,1.0,1,0.012697973298445901,0.1202892308197901,3820.2408940792084,completed,poor,a2955d2a2f6e850b88d8b206f465d810e1ad86ab,7.598899243529832e-15,0.0,0.0
R52-C-75,R52-C-75__P2__huayi_sy3sy2_phase2_wgs1__plateau_2022-10-02N_009__W004,2,train,fixed_physics,reference,1,CO2_dry_vol_pct,8.383189950133334,11.931906807254025,3.5487168571206915,1.0,1,0.012697973298445901,0.1202892308197901,3820.2408940792084,completed,poor,a2955d2a2f6e850b88d8b206f465d810e1ad86ab,11.931906807254025,0.0,0.0
R52-C-75,R52-C-75__P2__huayi_sy3sy2_phase2_wgs1__plateau_2022-10-02N_009__W004,2,train,fixed_physics,reference,1,H2_CO_ratio,0.4351170293875853,8.975872184586235e-17,-0.4351170293875852,1.0,1,0.012697973298445901,0.1202892308197901,3820.2408940792084,completed,poor,a2955d2a2f6e850b88d8b206f465d810e1ad86ab,8.975872184586235e-17,0.0,0.0
R52-C-75,R52-C-75__P2__huayi_sy3sy2_phase2_wgs1__plateau_2022-10-02N_009__W004,2,train,fixed_physics,reference,1,dry_syngas_flow,135315.51028535963,58759.48487030549,-76556.02541505414,1.0,1,0.012697973298445901,0.1202892308197901,3820.2408940792084,completed,poor,a2955d2a2f6e850b88d8b206f465d810e1ad86ab,58759.48487030549,0.0,0.0
R52-C-75,R52-C-75__P2__huayi_sy3sy2_phase2_wgs1__plateau_2022-10-02N_009__W005,2,train,fixed_physics,reference,1,CO_dry_vol_pct,63.19721617733333,84.68860137821336,21.491385200880032,1.0,1,0.012595289621239012,0.11982059155441763,3825.7463319301605,completed,poor,a2955d2a2f6e850b88d8b206f465d810e1ad86ab,84.68860137821336,0.0,0.0
R52-C-75,R52-C-75__P2__huayi_sy3sy2_phase2_wgs1__plateau_2022-10-02N_009__W005,2,train,fixed_physics,reference,1,H2_dry_vol_pct,27.47726098133333,1.6450686701696242e-15,-27.47726098133333,1.0,1,0.012595289621239012,0.11982059155441763,3825.7463319301605,completed,poor,a2955d2a2f6e850b88d8b206f465d810e1ad86ab,1.6450686701696242e-15,0.0,0.0
R52-C-75,R52-C-75__P2__huayi_sy3sy2_phase2_wgs1__plateau_2022-10-02N_009__W005,2,train,fixed_physics,reference,1,CO2_dry_vol_pct,8.603536797333334,11.91796894771663,3.314432150383297,1.0,1,0.012595289621239012,0.11982059155441763,3825.7463319301605,completed,poor,a2955d2a2f6e850b88d8b206f465d810e1ad86ab,11.91796894771663,0.0,0.0
R52-C-75,R52-C-75__P2__huayi_sy3sy2_phase2_wgs1__plateau_2022-10-02N_009__W005,2,train,fixed_physics,reference,1,H2_CO_ratio,0.4347838002515001,1.9424912484064563e-17,-0.4347838002515001,1.0,1,0.012595289621239012,0.11982059155441763,3825.7463319301605,completed,poor,a2955d2a2f6e850b88d8b206f465d810e1ad86ab,1.9424912484064563e-17,0.0,0.0
R52-C-75,R52-C-75__P2__huayi_sy3sy2_phase2_wgs1__plateau_2022-10-02N_009__W005,2,train,fixed_physics,reference,1,dry_syngas_flow,135794.2705177406,59180.295395877874,-76613.97512186272,1.0,1,0.012595289621239012,0.11982059155441763,3825.7463319301605,completed,poor,a2955d2a2f6e850b88d8b206f465d810e1ad86ab,59180.295395877874,0.0,0.0
R52-C-75,R52-C-75__P2__huayi_sy3sy2_phase2_wgs1__plateau_2022-10-02N_009__W006,2,train,fixed_physics,reference,1,CO_dry_vol_pct,62.72970422933334,84.7614466859578,22.03174245662445,1.0,1,0.012345692148466843,0.1186724318907419,3809.4275231659412,completed,poor,a2955d2a2f6e850b88d8b206f465d810e1ad86ab,84.7614466859578,0.0,0.0
R52-C-75,R52-C-75__P2__huayi_sy3sy2_phase2_wgs1__plateau_2022-10-02N_009__W006,2,train,fixed_physics,reference,1,H2_dry_vol_pct,27.448545144,4.964710323357156e-17,-27.448545144,1.0,1,0.012345692148466843,0.1186724318907419,3809.4275231659412,completed,poor,a2955d2a2f6e850b88d8b206f465d810e1ad86ab,4.964710323357156e-17,0.0,0.0
R52-C-75,R52-C-75__P2__huayi_sy3sy2_phase2_wgs1__plateau_2022-10-02N_009__W006,2,train,fixed_physics,reference,1,CO2_dry_vol_pct,9.115858959466664,11.883181954291155,2.7673229948244913,1.0,1,0.012345692148466843,0.1186724318907419,3809.4275231659412,completed,poor,a2955d2a2f6e850b88d8b206f465d810e1ad86ab,11.883181954291155,0.0,0.0
R52-C-75,R52-C-75__P2__huayi_sy3sy2_phase2_wgs1__plateau_2022-10-02N_009__W006,2,train,fixed_physics,reference,1,H2_CO_ratio,0.4375686736084317,5.857274170592521e-19,-0.4375686736084317,1.0,1,0.012345692148466843,0.1186724318907419,3809.4275231659412,completed,poor,a2955d2a2f6e850b88d8b206f465d810e1ad86ab,5.857274170592521e-19,0.0,0.0
R52-C-75,R52-C-75__P2__huayi_sy3sy2_phase2_wgs1__plateau_2022-10-02N_009__W006,2,train,fixed_physics,reference,1,dry_syngas_flow,135388.818337183,59762.00147020362,-75626.81686697938,1.0,1,0.012345692148466843,0.1186724318907419,3809.4275231659412,completed,poor,a2955d2a2f6e850b88d8b206f465d810e1ad86ab,59762.00147020362,0.0,0.0
R52-C-75,R52-C-75__P2__huayi_sy3sy2_phase2_wgs1__plateau_2022-10-02N_010__W001,2,train,fixed_physics,reference,1,CO_dry_vol_pct,62.59200827866667,84.76990402110305,22.177895742436377,1.0,1,0.012318001506233573,0.1185439623454567,3795.5503706038,completed,poor,a2955d2a2f6e850b88d8b206f465d810e1ad86ab,84.76990402110305,0.0,0.0
R52-C-75,R52-C-75__P2__huayi_sy3sy2_phase2_wgs1__plateau_2022-10-02N_010__W001,2,train,fixed_physics,reference,1,H2_dry_vol_pct,27.38116125333333,8.756731457964716e-18,-27.38116125333333,1.0,1,0.012318001506233573,0.1185439623454567,3795.5503706038,completed,poor,a2955d2a2f6e850b88d8b206f465d810e1ad86ab,8.756731457964716e-18,0.0,0.0
R52-C-75,R52-C-75__P2__huayi_sy3sy2_phase2_wgs1__plateau_2022-10-02N_010__W001,2,train,fixed_physics,reference,1,CO2_dry_vol_pct,9.318938682933334,11.879038247148905,2.5600995642155713,1.0,1,0.012318001506233573,0.1185439623454567,3795.5503706038,completed,poor,a2955d2a2f6e850b88d8b206f465d810e1ad86ab,11.879038247148905,0.0,0.0
R52-C-75,R52-C-75__P2__huayi_sy3sy2_phase2_wgs1__plateau_2022-10-02N_010__W001,2,train,fixed_physics,reference,1,H2_CO_ratio,0.4374573298597622,1.0330000439524824e-19,-0.4374573298597622,1.0,1,0.012318001506233573,0.1185439623454567,3795.5503706038,completed,poor,a2955d2a2f6e850b88d8b206f465d810e1ad86ab,1.0330000439524824e-19,0.0,0.0
R52-C-75,R52-C-75__P2__huayi_sy3sy2_phase2_wgs1__plateau_2022-10-02N_010__W001,2,train,fixed_physics,reference,1,dry_syngas_flow,135028.15222970364,59639.4368830895,-75388.71534661415,1.0,1,0.012318001506233573,0.1185439623454567,3795.5503706038,completed,poor,a2955d2a2f6e850b88d8b206f465d810e1ad86ab,59639.4368830895,0.0,0.0
R52-C-75,R52-C-75__P2__huayi_sy3sy2_phase2_wgs1__shift_morning_handover_2022-10-03__W001,2,train,fixed_physics,reference,1,CO_dry_vol_pct,62.62306532800001,84.47428179280341,21.8512164648034,1.0,1,0.01333481073216115,0.12315832477577326,3935.7666305005546,completed,poor,a2955d2a2f6e850b88d8b206f465d810e1ad86ab,84.47428179280341,0.0,0.0
R52-C-75,R52-C-75__P2__huayi_sy3sy2_phase2_wgs1__shift_morning_handover_2022-10-03__W001,2,train,fixed_physics,reference,1,H2_dry_vol_pct,27.326839910666664,2.6127108262845e-16,-27.326839910666664,1.0,1,0.01333481073216115,0.12315832477577326,3935.7666305005546,completed,poor,a2955d2a2f6e850b88d8b206f465d810e1ad86ab,2.6127108262845e-16,0.0,0.0
R52-C-75,R52-C-75__P2__huayi_sy3sy2_phase2_wgs1__shift_morning_handover_2022-10-03__W001,2,train,fixed_physics,reference,1,CO2_dry_vol_pct,9.342854366266666,12.019908138843087,2.6770537725764214,1.0,1,0.01333481073216115,0.12315832477577326,3935.7666305005546,completed,poor,a2955d2a2f6e850b88d8b206f465d810e1ad86ab,12.019908138843087,0.0,0.0
R52-C-75,R52-C-75__P2__huayi_sy3sy2_phase2_wgs1__shift_morning_handover_2022-10-03__W001,2,train,fixed_physics,reference,1,H2_CO_ratio,0.4363694097163924,3.0929068242247947e-18,-0.4363694097163924,1.0,1,0.01333481073216115,0.12315832477577326,3935.7666305005546,completed,poor,a2955d2a2f6e850b88d8b206f465d810e1ad86ab,3.0929068242247947e-18,0.0,0.0
R52-C-75,R52-C-75__P2__huayi_sy3sy2_phase2_wgs1__shift_morning_handover_2022-10-03__W001,2,train,fixed_physics,reference,1,dry_syngas_flow,135072.35814947772,58468.54368837594,-76603.81446110178,1.0,1,0.01333481073216115,0.12315832477577326,3935.7666305005546,completed,poor,a2955d2a2f6e850b88d8b206f465d810e1ad86ab,58468.54368837594,0.0,0.0
R52-C-75,R52-C-75__P2__huayi_sy3sy2_phase2_wgs1__plateau_2022-10-03D_011__W001,2,train,fixed_physics,reference,1,CO_dry_vol_pct,62.78747585733334,84.27891878767477,21.491442930341428,1.0,1,0.014029677033370836,0.12620834152989943,4012.056762099266,completed,poor,a2955d2a2f6e850b88d8b206f465d810e1ad86ab,84.27891878767477,0.0,0.0
R52-C-75,R52-C-75__P2__huayi_sy3sy2_phase2_wgs1__plateau_2022-10-03D_011__W001,2,train,fixed_physics,reference,1,H2_dry_vol_pct,27.23126621733333,3.965117993426151e-16,-27.23126621733333,1.0,1,0.014029677033370836,0.12620834152989943,4012.056762099266,completed,poor,a2955d2a2f6e850b88d8b206f465d810e1ad86ab,3.965117993426151e-16,0.0,0.0
R52-C-75,R52-C-75__P2__huayi_sy3sy2_phase2_wgs1__plateau_2022-10-03D_011__W001,2,train,fixed_physics,reference,1,CO2_dry_vol_pct,9.270155257599995,12.111210064753184,2.8410548071531885,1.0,1,0.014029677033370836,0.12620834152989943,4012.056762099266,completed,poor,a2955d2a2f6e850b88d8b206f465d810e1ad86ab,12.111210064753184,0.0,0.0
R52-C-75,R52-C-75__P2__huayi_sy3sy2_phase2_wgs1__plateau_2022-10-03D_011__W001,2,train,fixed_physics,reference,1,H2_CO_ratio,0.4337055120589286,4.704756599233951e-18,-0.4337055120589286,1.0,1,0.014029677033370836,0.12620834152989943,4012.056762099266,completed,poor,a2955d2a2f6e850b88d8b206f465d810e1ad86ab,4.704756599233951e-18,0.0,0.0
R52-C-75,R52-C-75__P2__huayi_sy3sy2_phase2_wgs1__plateau_2022-10-03D_011__W001,2,train,fixed_physics,reference,1,dry_syngas_flow,134220.69691412855,57479.76199765938,-76740.93491646918,1.0,1,0.014029677033370836,0.12620834152989943,4012.056762099266,completed,poor,a2955d2a2f6e850b88d8b206f465d810e1ad86ab,57479.76199765938,0.0,0.0
R52-C-75,R52-C-75__P2__huayi_sy3sy2_phase2_wgs1__plateau_2022-10-03D_012__W001,2,train,fixed_physics,reference,1,CO_dry_vol_pct,63.396988149333325,84.84266277444956,21.44567462511624,1.0,1,0.012077543198760067,0.11742326943367448,3743.7344013154507,completed,poor,a2955d2a2f6e850b88d8b206f465d810e1ad86ab,84.84266277444956,0.0,0.0
R52-C-75,R52-C-75__P2__huayi_sy3sy2_phase2_wgs1__plateau_2022-10-03D_012__W001,2,train,fixed_physics,reference,1,H2_dry_vol_pct,27.100173431999995,8.082355460514723e-15,-27.100173431999988,1.0,1,0.012077543198760067,0.11742326943367448,3743.7344013154507,completed,poor,a2955d2a2f6e850b88d8b206f465d810e1ad86ab,8.082355460514723e-15,0.0,0.0
R52-C-75,R52-C-75__P2__huayi_sy3sy2_phase2_wgs1__plateau_2022-10-03D_012__W001,2,train,fixed_physics,reference,1,CO2_dry_vol_pct,8.781086234000002,11.84362012872925,3.062533894729249,1.0,1,0.012077543198760067,0.11742326943367448,3743.7344013154507,completed,poor,a2955d2a2f6e850b88d8b206f465d810e1ad86ab,11.84362012872925,0.0,0.0
R52-C-75,R52-C-75__P2__huayi_sy3sy2_phase2_wgs1__plateau_2022-10-03D_012__W001,2,train,fixed_physics,reference,1,H2_CO_ratio,0.4274708759793658,9.526286889417066e-17,-0.42747087597936567,1.0,1,0.012077543198760067,0.11742326943367448,3743.7344013154507,completed,poor,a2955d2a2f6e850b88d8b206f465d810e1ad86ab,9.526286889417066e-17,0.0,0.0
R52-C-75,R52-C-75__P2__huayi_sy3sy2_phase2_wgs1__plateau_2022-10-03D_012__W001,2,train,fixed_physics,reference,1,dry_syngas_flow,135208.44369939092,59649.46960912214,-75558.97409026878,1.0,1,0.012077543198760067,0.11742326943367448,3743.7344013154507,completed,poor,a2955d2a2f6e850b88d8b206f465d810e1ad86ab,59649.46960912214,0.0,0.0
R52-C-75,R52-C-75__P2__huayi_sy3sy2_phase2_wgs1__plateau_2022-10-03D_012__W002,2,train,fixed_physics,reference,1,CO_dry_vol_pct,63.257299012,84.82062981032881,21.563330798328813,1.0,1,0.012150334236913135,0.11776370930080188,3762.8385928273206,completed,poor,a2955d2a2f6e850b88d8b206f465d810e1ad86ab,84.82062981032881,0.0,0.0
R52-C-75,R52-C-75__P2__huayi_sy3sy2_phase2_wgs1__plateau_2022-10-03D_012__W002,2,train,fixed_physics,reference,1,H2_dry_vol_pct,27.053133188,2.8713027553753116e-19,-27.053133188,1.0,1,0.012150334236913135,0.11776370930080188,3762.8385928273206,completed,poor,a2955d2a2f6e850b88d8b206f465d810e1ad86ab,2.8713027553753116e-19,0.0,0.0
R52-C-75,R52-C-75__P2__huayi_sy3sy2_phase2_wgs1__plateau_2022-10-03D_012__W002,2,train,fixed_physics,reference,1,CO2_dry_vol_pct,8.9789605928,11.85436442384947,2.8754038310494696,1.0,1,0.012150334236913135,0.11776370930080188,3762.8385928273206,completed,poor,a2955d2a2f6e850b88d8b206f465d810e1ad86ab,11.85436442384947,0.0,0.0
R52-C-75,R52-C-75__P2__huayi_sy3sy2_phase2_wgs1__plateau_2022-10-03D_012__W002,2,train,fixed_physics,reference,1,H2_CO_ratio,0.4276703681751177,3.3851467052248487e-21,-0.4276703681751177,1.0,1,0.012150334236913135,0.11776370930080188,3762.8385928273206,completed,poor,a2955d2a2f6e850b88d8b206f465d810e1ad86ab,3.3851467052248487e-21,0.0,0.0
R52-C-75,R52-C-75__P2__huayi_sy3sy2_phase2_wgs1__plateau_2022-10-03D_012__W002,2,train,fixed_physics,reference,1,dry_syngas_flow,135172.94580704434,59700.645027446146,-75472.30077959818,1.0,1,0.012150334236913135,0.11776370930080188,3762.8385928273206,completed,poor,a2955d2a2f6e850b88d8b206f465d810e1ad86ab,59700.645027446146,0.0,0.0
R52-C-75,R52-C-75__P2__huayi_sy3sy2_phase2_wgs1__plateau_2022-10-03D_012__W003,2,train,fixed_physics,reference,1,CO_dry_vol_pct,62.85266491093751,84.89327567104735,22.040610760109836,1.0,1,0.011906653927132986,0.1166215294550604,3724.892300248146,completed,poor,a2955d2a2f6e850b88d8b206f465d810e1ad86ab,84.89327567104735,0.0,0.0
R52-C-75,R52-C-75__P2__huayi_sy3sy2_phase2_wgs1__plateau_2022-10-03D_012__W003,2,train,fixed_physics,reference,1,H2_dry_vol_pct,26.9522631546875,3.0519739285302195e-16,-26.9522631546875,1.0,1,0.011906653927132986,0.1166215294550604,3724.892300248146,completed,poor,a2955d2a2f6e850b88d8b206f465d810e1ad86ab,3.0519739285302195e-16,0.0,0.0
R52-C-75,R52-C-75__P2__huayi_sy3sy2_phase2_wgs1__plateau_2022-10-03D_012__W003,2,train,fixed_physics,reference,1,CO2_dry_vol_pct,9.49402835453125,11.8192576525387,2.32522929800745,1.0,1,0.011906653927132986,0.1166215294550604,3724.892300248146,completed,poor,a2955d2a2f6e850b88d8b206f465d810e1ad86ab,11.8192576525387,0.0,0.0
R52-C-75,R52-C-75__P2__huayi_sy3sy2_phase2_wgs1__plateau_2022-10-03D_012__W003,2,train,fixed_physics,reference,1,H2_CO_ratio,0.4288191025489718,3.595071464030087e-18,-0.4288191025489718,1.0,1,0.011906653927132986,0.1166215294550604,3724.892300248146,completed,poor,a2955d2a2f6e850b88d8b206f465d810e1ad86ab,3.595071464030087e-18,0.0,0.0
R52-C-75,R52-C-75__P2__huayi_sy3sy2_phase2_wgs1__plateau_2022-10-03D_012__W003,2,train,fixed_physics,reference,1,dry_syngas_flow,134111.768258696,59942.066457721936,-74169.70180097409,1.0,1,0.011906653927132986,0.1166215294550604,3724.892300248146,completed,poor,a2955d2a2f6e850b88d8b206f465d810e1ad86ab,59942.066457721936,0.0,0.0
R52-C-75,R52-C-75__P2__huayi_sy3sy2_phase2_wgs1__shift_evening_handover_2022-10-03__W001,2,train,fixed_physics,reference,1,CO_dry_vol_pct,63.181818126666656,85.19776695810273,22.015948831436077,1.0,1,0.010917953388054468,0.11185730738724203,3578.5522579848766,completed,poor,a2955d2a2f6e850b88d8b206f465d810e1ad86ab,85.19776695810273,0.0,0.0
R52-C-75,R52-C-75__P2__huayi_sy3sy2_phase2_wgs1__shift_evening_handover_2022-10-03__W001,2,train,fixed_physics,reference,1,H2_dry_vol_pct,27.12886343466667,2.136238027311097e-15,-27.128863434666666,1.0,1,0.010917953388054468,0.11185730738724203,3578.5522579848766,completed,poor,a2955d2a2f6e850b88d8b206f465d810e1ad86ab,2.136238027311097e-15,0.0,0.0
R52-C-75,R52-C-75__P2__huayi_sy3sy2_phase2_wgs1__shift_evening_handover_2022-10-03__W001,2,train,fixed_physics,reference,1,CO2_dry_vol_pct,8.962234021333332,11.66957339067345,2.7073393693401187,1.0,1,0.010917953388054468,0.11185730738724203,3578.5522579848766,completed,poor,a2955d2a2f6e850b88d8b206f465d810e1ad86ab,11.66957339067345,0.0,0.0
R52-C-75,R52-C-75__P2__huayi_sy3sy2_phase2_wgs1__shift_evening_handover_2022-10-03__W001,2,train,fixed_physics,reference,1,H2_CO_ratio,0.4293771331224563,2.507387345447239e-17,-0.4293771331224563,1.0,1,0.010917953388054468,0.11185730738724203,3578.5522579848766,completed,poor,a2955d2a2f6e850b88d8b206f465d810e1ad86ab,2.507387345447239e-17,0.0,0.0
R52-C-75,R52-C-75__P2__huayi_sy3sy2_phase2_wgs1__shift_evening_handover_2022-10-03__W001,2,train,fixed_physics,reference,1,dry_syngas_flow,136460.0573468322,61167.66845435471,-75292.3888924775,1.0,1,0.010917953388054468,0.11185730738724203,3578.5522579848766,completed,poor,a2955d2a2f6e850b88d8b206f465d810e1ad86ab,61167.66845435471,0.0,0.0
R52-C-75,R52-C-75__P2__huayi_sy3sy2_phase2_wgs1__plateau_2022-10-03N_013__W001,2,train,fixed_physics,reference,1,CO_dry_vol_pct,62.990331572,85.14354471494578,22.153213142945773,1.0,1,0.011091006224466864,0.11270668509153668,3598.529202193022,completed,poor,a2955d2a2f6e850b88d8b206f465d810e1ad86ab,85.14354471494578,0.0,0.0
R52-C-75,R52-C-75__P2__huayi_sy3sy2_phase2_wgs1__plateau_2022-10-03N_013__W001,2,train,fixed_physics,reference,1,H2_dry_vol_pct,27.196442370666663,2.538625692174979e-15,-27.19644237066666,1.0,1,0.011091006224466864,0.11270668509153668,3598.529202193022,completed,poor,a2955d2a2f6e850b88d8b206f465d810e1ad86ab,2.538625692174979e-15,0.0,0.0
R52-C-75,R52-C-75__P2__huayi_sy3sy2_phase2_wgs1__plateau_2022-10-03N_013__W001,2,train,fixed_physics,reference,1,CO2_dry_vol_pct,9.1055828048,11.696459719752303,2.590876914952304,1.0,1,0.011091006224466864,0.11270668509153668,3598.529202193022,completed,poor,a2955d2a2f6e850b88d8b206f465d810e1ad86ab,11.696459719752303,0.0,0.0
R52-C-75,R52-C-75__P2__huayi_sy3sy2_phase2_wgs1__plateau_2022-10-03N_013__W001,2,train,fixed_physics,reference,1,H2_CO_ratio,0.4317570888809779,2.9815832787724635e-17,-0.43175708888097786,1.0,1,0.011091006224466864,0.11270668509153668,3598.529202193022,completed,poor,a2955d2a2f6e850b88d8b206f465d810e1ad86ab,2.9815832787724635e-17,0.0,0.0
R52-C-75,R52-C-75__P2__huayi_sy3sy2_phase2_wgs1__plateau_2022-10-03N_013__W001,2,train,fixed_physics,reference,1,dry_syngas_flow,136029.4191309032,60843.054717069535,-75186.36441383367,1.0,1,0.011091006224466864,0.11270668509153668,3598.529202193022,completed,poor,a2955d2a2f6e850b88d8b206f465d810e1ad86ab,60843.054717069535,0.0,0.0
R52-C-75,R52-C-75__P2__huayi_sy3sy2_phase2_wgs1__plateau_2022-10-03N_013__W002,2,train,fixed_physics,reference,1,CO_dry_vol_pct,63.008904,85.18878345234968,22.17987945234968,1.0,1,0.01094715172782839,0.11200088757829667,3575.3616605103016,completed,poor,a2955d2a2f6e850b88d8b206f465d810e1ad86ab,85.18878345234968,0.0,0.0
R52-C-75,R52-C-75__P2__huayi_sy3sy2_phase2_wgs1__plateau_2022-10-03N_013__W002,2,train,fixed_physics,reference,1,H2_dry_vol_pct,27.228341161333333,1.346618032737712e-16,-27.228341161333333,1.0,1,0.01094715172782839,0.11200088757829667,3575.3616605103016,completed,poor,a2955d2a2f6e850b88d8b206f465d810e1ad86ab,1.346618032737712e-16,0.0,0.0
R52-C-75,R52-C-75__P2__huayi_sy3sy2_phase2_wgs1__plateau_2022-10-03N_013__W002,2,train,fixed_physics,reference,1,CO2_dry_vol_pct,9.051514636933334,11.673983685732484,2.62246904879915,1.0,1,0.01094715172782839,0.11200088757829667,3575.3616605103016,completed,poor,a2955d2a2f6e850b88d8b206f465d810e1ad86ab,11.673983685732484,0.0,0.0
R52-C-75,R52-C-75__P2__huayi_sy3sy2_phase2_wgs1__plateau_2022-10-03N_013__W002,2,train,fixed_physics,reference,1,H2_CO_ratio,0.4321386985364575,1.580745701681422e-18,-0.4321386985364575,1.0,1,0.01094715172782839,0.11200088757829667,3575.3616605103016,completed,poor,a2955d2a2f6e850b88d8b206f465d810e1ad86ab,1.580745701681422e-18,0.0,0.0
R52-C-75,R52-C-75__P2__huayi_sy3sy2_phase2_wgs1__plateau_2022-10-03N_013__W002,2,train,fixed_physics,reference,1,dry_syngas_flow,135170.29904941274,61001.15660053011,-74169.14244888263,1.0,1,0.01094715172782839,0.11200088757829667,3575.3616605103016,completed,poor,a2955d2a2f6e850b88d8b206f465d810e1ad86ab,61001.15660053011,0.0,0.0
R52-C-75,R52-C-75__P2__huayi_sy3sy2_phase2_wgs1__plateau_2022-10-03N_013__W003,2,train,fixed_physics,reference,1,CO_dry_vol_pct,63.12293966399999,85.2514224739411,22.12848280994111,1.0,1,0.010748482704955665,0.11101863849891222,3537.249776273966,completed,poor,a2955d2a2f6e850b88d8b206f465d810e1ad86ab,85.2514224739411,0.0,0.0
R52-C-75,R52-C-75__P2__huayi_sy3sy2_phase2_wgs1__plateau_2022-10-03N_013__W003,2,train,fixed_physics,reference,1,H2_dry_vol_pct,27.336075078666667,1.5430857324622706e-16,-27.336075078666667,1.0,1,0.010748482704955665,0.11101863849891222,3537.249776273966,completed,poor,a2955d2a2f6e850b88d8b206f465d810e1ad86ab,1.5430857324622706e-16,0.0,0.0
R52-C-75,R52-C-75__P2__huayi_sy3sy2_phase2_wgs1__plateau_2022-10-03N_013__W003,2,train,fixed_physics,reference,1,CO2_dry_vol_pct,8.826287774533334,11.64285096447914,2.8165631899458052,1.0,1,0.010748482704955665,0.11101863849891222,3537.249776273966,completed,poor,a2955d2a2f6e850b88d8b206f465d810e1ad86ab,11.64285096447914,0.0,0.0
R52-C-75,R52-C-75__P2__huayi_sy3sy2_phase2_wgs1__plateau_2022-10-03N_013__W003,2,train,fixed_physics,reference,1,H2_CO_ratio,0.4330649605907108,1.8100410382406783e-18,-0.4330649605907108,1.0,1,0.010748482704955665,0.11101863849891222,3537.249776273966,completed,poor,a2955d2a2f6e850b88d8b206f465d810e1ad86ab,1.8100410382406783e-18,0.0,0.0
R52-C-75,R52-C-75__P2__huayi_sy3sy2_phase2_wgs1__plateau_2022-10-03N_013__W003,2,train,fixed_physics,reference,1,dry_syngas_flow,136707.28219045582,61119.04591250229,-75588.23627795353,1.0,1,0.010748482704955665,0.11101863849891222,3537.249776273966,completed,poor,a2955d2a2f6e850b88d8b206f465d810e1ad86ab,61119.04591250229,0.0,0.0
R52-C-75,R52-C-75__P2__huayi_sy3sy2_phase2_wgs1__plateau_2022-10-03N_013__W004,2,train,fixed_physics,reference,1,CO_dry_vol_pct,63.14882902133332,85.10703798377304,21.95820896243972,1.0,1,0.01120928280465454,0.11328296632668913,3599.833466440439,completed,poor,a2955d2a2f6e850b88d8b206f465d810e1ad86ab,85.10703798377304,0.0,0.0
R52-C-75,R52-C-75__P2__huayi_sy3sy2_phase2_wgs1__plateau_2022-10-03N_013__W004,2,train,fixed_physics,reference,1,H2_dry_vol_pct,27.332012548,1.6662383719788667e-16,-27.332012548,1.0,1,0.01120928280465454,0.11328296632668913,3599.833466440439,completed,poor,a2955d2a2f6e850b88d8b206f465d810e1ad86ab,1.6662383719788667e-16,0.0,0.0
R52-C-75,R52-C-75__P2__huayi_sy3sy2_phase2_wgs1__plateau_2022-10-03N_013__W004,2,train,fixed_physics,reference,1,CO2_dry_vol_pct,8.795977414133333,11.714424665198106,2.918447251064773,1.0,1,0.01120928280465454,0.11328296632668913,3599.833466440439,completed,poor,a2955d2a2f6e850b88d8b206f465d810e1ad86ab,11.714424665198106,0.0,0.0
R52-C-75,R52-C-75__P2__huayi_sy3sy2_phase2_wgs1__plateau_2022-10-03N_013__W004,2,train,fixed_physics,reference,1,H2_CO_ratio,0.4328215820368645,1.957815019125164e-18,-0.4328215820368645,1.0,1,0.01120928280465454,0.11328296632668913,3599.833466440439,completed,poor,a2955d2a2f6e850b88d8b206f465d810e1ad86ab,1.957815019125164e-18,0.0,0.0
R52-C-75,R52-C-75__P2__huayi_sy3sy2_phase2_wgs1__plateau_2022-10-03N_013__W004,2,train,fixed_physics,reference,1,dry_syngas_flow,136016.12465375254,60420.22012494004,-75595.9045288125,1.0,1,0.01120928280465454,0.11328296632668913,3599.833466440439,completed,poor,a2955d2a2f6e850b88d8b206f465d810e1ad86ab,60420.22012494004,0.0,0.0
R52-C-75,R52-C-75__P2__huayi_sy3sy2_phase2_wgs1__plateau_2022-10-03N_013__W005,2,train,fixed_physics,reference,1,CO_dry_vol_pct,62.82177378133335,85.05796914769817,22.236195366364825,1.0,1,0.01136761642807572,0.11405006306227052,3627.4203165471554,completed,poor,a2955d2a2f6e850b88d8b206f465d810e1ad86ab,85.05796914769817,0.0,0.0
R52-C-75,R52-C-75__P2__huayi_sy3sy2_phase2_wgs1__plateau_2022-10-03N_013__W005,2,train,fixed_physics,reference,1,H2_dry_vol_pct,27.13942334533333,3.5367566654899194e-15,-27.139423345333327,1.0,1,0.01136761642807572,0.11405006306227052,3627.4203165471554,completed,poor,a2955d2a2f6e850b88d8b206f465d810e1ad86ab,3.5367566654899194e-15,0.0,0.0
R52-C-75,R52-C-75__P2__huayi_sy3sy2_phase2_wgs1__plateau_2022-10-03N_013__W005,2,train,fixed_physics,reference,1,CO2_dry_vol_pct,9.337046864933336,11.738615283339895,2.4015684184065584,1.0,1,0.01136761642807572,0.11405006306227052,3627.4203165471554,completed,poor,a2955d2a2f6e850b88d8b206f465d810e1ad86ab,11.738615283339895,0.0,0.0
R52-C-75,R52-C-75__P2__huayi_sy3sy2_phase2_wgs1__plateau_2022-10-03N_013__W005,2,train,fixed_physics,reference,1,H2_CO_ratio,0.4320040656613811,4.1580544432568674e-17,-0.43200406566138105,1.0,1,0.01136761642807572,0.11405006306227052,3627.4203165471554,completed,poor,a2955d2a2f6e850b88d8b206f465d810e1ad86ab,4.1580544432568674e-17,0.0,0.0
R52-C-75,R52-C-75__P2__huayi_sy3sy2_phase2_wgs1__plateau_2022-10-03N_013__W005,2,train,fixed_physics,reference,1,dry_syngas_flow,134218.64402750865,60292.53176729771,-73926.11226021094,1.0,1,0.01136761642807572,0.11405006306227052,3627.4203165471554,completed,poor,a2955d2a2f6e850b88d8b206f465d810e1ad86ab,60292.53176729771,0.0,0.0
R52-C-75,R52-C-75__P2__huayi_sy3sy2_phase2_wgs1__plateau_2022-10-03N_013__W006,2,train,fixed_physics,reference,1,CO_dry_vol_pct,63.10815085999999,85.06355982561547,21.955408965615483,1.0,1,0.011349164963641712,0.11396108962849169,3626.873778015375,completed,poor,a2955d2a2f6e850b88d8b206f465d810e1ad86ab,85.06355982561547,0.0,0.0
R52-C-75,R52-C-75__P2__huayi_sy3sy2_phase2_wgs1__plateau_2022-10-03N_013__W006,2,train,fixed_physics,reference,1,H2_dry_vol_pct,27.24788771733333,2.2455348793167043e-17,-27.24788771733333,1.0,1,0.011349164963641712,0.11396108962849169,3626.873778015375,completed,poor,a2955d2a2f6e850b88d8b206f465d810e1ad86ab,2.2455348793167043e-17,0.0,0.0
R52-C-75,R52-C-75__P2__huayi_sy3sy2_phase2_wgs1__plateau_2022-10-03N_013__W006,2,train,fixed_physics,reference,1,CO2_dry_vol_pct,8.917560912,11.73589065595573,2.8183297439557293,1.0,1,0.011349164963641712,0.11396108962849169,3626.873778015375,completed,poor,a2955d2a2f6e850b88d8b206f465d810e1ad86ab,11.73589065595573,0.0,0.0
R52-C-75,R52-C-75__P2__huayi_sy3sy2_phase2_wgs1__plateau_2022-10-03N_013__W006,2,train,fixed_physics,reference,1,H2_CO_ratio,0.4317639693162345,2.63983177275929e-19,-0.4317639693162345,1.0,1,0.011349164963641712,0.11396108962849169,3626.873778015375,completed,poor,a2955d2a2f6e850b88d8b206f465d810e1ad86ab,2.63983177275929e-19,0.0,0.0
R52-C-75,R52-C-75__P2__huayi_sy3sy2_phase2_wgs1__plateau_2022-10-03N_013__W006,2,train,fixed_physics,reference,1,dry_syngas_flow,136090.93430383867,60351.25802732554,-75739.67627651314,1.0,1,0.011349164963641712,0.11396108962849169,3626.873778015375,completed,poor,a2955d2a2f6e850b88d8b206f465d810e1ad86ab,60351.25802732554,0.0,0.0
R52-C-75,R52-C-75__P2__huayi_sy3sy2_phase2_wgs1__plateau_2022-10-03N_013__W007,2,train,fixed_physics,reference,1,CO_dry_vol_pct,63.190672729333336,85.03097922874919,21.840306499415853,1.0,1,0.011455089576598942,0.11447154470527036,3641.049450188875,completed,poor,a2955d2a2f6e850b88d8b206f465d810e1ad86ab,85.03097922874919,0.0,0.0
R52-C-75,R52-C-75__P2__huayi_sy3sy2_phase2_wgs1__plateau_2022-10-03N_013__W007,2,train,fixed_physics,reference,1,H2_dry_vol_pct,27.235385948,6.2404064961421e-17,-27.235385948,1.0,1,0.011455089576598942,0.11447154470527036,3641.049450188875,completed,poor,a2955d2a2f6e850b88d8b206f465d810e1ad86ab,6.2404064961421e-17,0.0,0.0
R52-C-75,R52-C-75__P2__huayi_sy3sy2_phase2_wgs1__plateau_2022-10-03N_013__W007,2,train,fixed_physics,reference,1,CO2_dry_vol_pct,8.847575572266665,11.751898514232382,2.9043229419657166,1.0,1,0.011455089576598942,0.11447154470527036,3641.049450188875,completed,poor,a2955d2a2f6e850b88d8b206f465d810e1ad86ab,11.751898514232382,0.0,0.0
R52-C-75,R52-C-75__P2__huayi_sy3sy2_phase2_wgs1__plateau_2022-10-03N_013__W007,2,train,fixed_physics,reference,1,H2_CO_ratio,0.4310010443240804,7.338979925603636e-19,-0.4310010443240804,1.0,1,0.011455089576598942,0.11447154470527036,3641.049450188875,completed,poor,a2955d2a2f6e850b88d8b206f465d810e1ad86ab,7.338979925603636e-19,0.0,0.0
R52-C-75,R52-C-75__P2__huayi_sy3sy2_phase2_wgs1__plateau_2022-10-03N_013__W007,2,train,fixed_physics,reference,1,dry_syngas_flow,135889.37381407968,60196.84740894086,-75692.52640513881,1.0,1,0.011455089576598942,0.11447154470527036,3641.049450188875,completed,poor,a2955d2a2f6e850b88d8b206f465d810e1ad86ab,60196.84740894086,0.0,0.0
R52-C-75,R52-C-75__P2__huayi_sy3sy2_phase2_wgs1__shift_morning_handover_2022-10-04__W001,2,train,fixed_physics,reference,1,CO_dry_vol_pct,63.38372944666667,85.16147582424095,21.77774637757428,1.0,1,0.011033502104004778,0.11242526415417466,3588.416717618704,completed,poor,a2955d2a2f6e850b88d8b206f465d810e1ad86ab,85.16147582424095,0.0,0.0
R52-C-75,R52-C-75__P2__huayi_sy3sy2_phase2_wgs1__shift_morning_handover_2022-10-04__W001,2,train,fixed_physics,reference,1,H2_dry_vol_pct,27.279717384,4.191637585433254e-16,-27.279717384,1.0,1,0.011033502104004778,0.11242526415417466,3588.416717618704,completed,poor,a2955d2a2f6e850b88d8b206f465d810e1ad86ab,4.191637585433254e-16,0.0,0.0
R52-C-75,R52-C-75__P2__huayi_sy3sy2_phase2_wgs1__shift_morning_handover_2022-10-04__W001,2,train,fixed_physics,reference,1,CO2_dry_vol_pct,8.613835241600002,11.687595952869522,3.0737607112695198,1.0,1,0.011033502104004778,0.11242526415417466,3588.416717618704,completed,poor,a2955d2a2f6e850b88d8b206f465d810e1ad86ab,11.687595952869522,0.0,0.0
R52-C-75,R52-C-75__P2__huayi_sy3sy2_phase2_wgs1__shift_morning_handover_2022-10-04__W001,2,train,fixed_physics,reference,1,H2_CO_ratio,0.4303908768541757,4.921987958597727e-18,-0.4303908768541757,1.0,1,0.011033502104004778,0.11242526415417466,3588.416717618704,completed,poor,a2955d2a2f6e850b88d8b206f465d810e1ad86ab,4.921987958597727e-18,0.0,0.0
R52-C-75,R52-C-75__P2__huayi_sy3sy2_phase2_wgs1__shift_morning_handover_2022-10-04__W001,2,train,fixed_physics,reference,1,dry_syngas_flow,136489.59327454146,60890.805260177534,-75598.78801436393,1.0,1,0.011033502104004778,0.11242526415417466,3588.416717618704,completed,poor,a2955d2a2f6e850b88d8b206f465d810e1ad86ab,60890.805260177534,0.0,0.0
R52-C-75,R52-C-75__P2__huayi_sy3sy2_phase2_wgs1__plateau_2022-10-04D_014__W001,2,train,fixed_physics,reference,1,CO_dry_vol_pct,63.643372968000016,85.16923788386691,21.525864915866897,1.0,1,0.01100933320124922,0.11230649234493353,3586.876375347376,completed,poor,a2955d2a2f6e850b88d8b206f465d810e1ad86ab,85.16923788386691,0.0,0.0
R52-C-75,R52-C-75__P2__huayi_sy3sy2_phase2_wgs1__plateau_2022-10-04D_014__W001,2,train,fixed_physics,reference,1,H2_dry_vol_pct,27.06933896,1.7133930008080235e-16,-27.06933896,1.0,1,0.01100933320124922,0.11230649234493353,3586.876375347376,completed,poor,a2955d2a2f6e850b88d8b206f465d810e1ad86ab,1.7133930008080235e-16,0.0,0.0
R52-C-75,R52-C-75__P2__huayi_sy3sy2_phase2_wgs1__plateau_2022-10-04D_014__W001,2,train,fixed_physics,reference,1,CO2_dry_vol_pct,8.556233309333333,11.68368453504756,3.1274512257142266,1.0,1,0.01100933320124922,0.11230649234493353,3586.876375347376,completed,poor,a2955d2a2f6e850b88d8b206f465d810e1ad86ab,11.68368453504756,0.0,0.0
R52-C-75,R52-C-75__P2__huayi_sy3sy2_phase2_wgs1__plateau_2022-10-04D_014__W001,2,train,fixed_physics,reference,1,H2_CO_ratio,0.4253274242534922,2.011751007029477e-18,-0.4253274242534922,1.0,1,0.01100933320124922,0.11230649234493353,3586.876375347376,completed,poor,a2955d2a2f6e850b88d8b206f465d810e1ad86ab,2.011751007029477e-18,0.0,0.0
R52-C-75,R52-C-75__P2__huayi_sy3sy2_phase2_wgs1__plateau_2022-10-04D_014__W001,2,train,fixed_physics,reference,1,dry_syngas_flow,136325.26548896535,60958.06335877669,-75367.20213018866,1.0,1,0.01100933320124922,0.11230649234493353,3586.876375347376,completed,poor,a2955d2a2f6e850b88d8b206f465d810e1ad86ab,60958.06335877669,0.0,0.0
R52-C-75,R52-C-75__P2__huayi_sy3sy2_phase2_wgs1__plateau_2022-10-04D_014__W002,2,train,fixed_physics,reference,1,CO_dry_vol_pct,63.794287876000006,85.16595562689736,21.371667750897352,1.0,1,0.0110198961488358,0.11235833175317125,3588.180184364319,completed,poor,a2955d2a2f6e850b88d8b206f465d810e1ad86ab,85.16595562689736,0.0,0.0
R52-C-75,R52-C-75__P2__huayi_sy3sy2_phase2_wgs1__plateau_2022-10-04D_014__W002,2,train,fixed_physics,reference,1,H2_dry_vol_pct,26.874067744,1.0753364999746823e-20,-26.874067744,1.0,1,0.0110198961488358,0.11235833175317125,3588.180184364319,completed,poor,a2955d2a2f6e850b88d8b206f465d810e1ad86ab,1.0753364999746823e-20,0.0,0.0
R52-C-75,R52-C-75__P2__huayi_sy3sy2_phase2_wgs1__plateau_2022-10-04D_014__W002,2,train,fixed_physics,reference,1,CO2_dry_vol_pct,8.600262696933333,11.685315671105844,3.085052974172511,1.0,1,0.0110198961488358,0.11235833175317125,3588.180184364319,completed,poor,a2955d2a2f6e850b88d8b206f465d810e1ad86ab,11.685315671105844,0.0,0.0
R52-C-75,R52-C-75__P2__huayi_sy3sy2_phase2_wgs1__plateau_2022-10-04D_014__W002,2,train,fixed_physics,reference,1,H2_CO_ratio,0.4212602055292221,1.262636568872206e-22,-0.4212602055292221,1.0,1,0.0110198961488358,0.11235833175317125,3588.180184364319,completed,poor,a2955d2a2f6e850b88d8b206f465d810e1ad86ab,1.262636568872206e-22,0.0,0.0
R52-C-75,R52-C-75__P2__huayi_sy3sy2_phase2_wgs1__plateau_2022-10-04D_014__W002,2,train,fixed_physics,reference,1,dry_syngas_flow,135983.0146524056,60939.90701846231,-75043.10763394329,1.0,1,0.0110198961488358,0.11235833175317125,3588.180184364319,completed,poor,a2955d2a2f6e850b88d8b206f465d810e1ad86ab,60939.90701846231,0.0,0.0
R52-C-75,R52-C-75__P2__huayi_sy3sy2_phase2_wgs1__plateau_2022-10-04D_014__W003,2,train,fixed_physics,reference,1,CO_dry_vol_pct,64.062187652,85.10702134273264,21.04483369073263,1.0,1,0.01120902233319679,0.11328180933574153,3613.268185198307,completed,poor,a2955d2a2f6e850b88d8b206f465d810e1ad86ab,85.10702134273264,0.0,0.0
R52-C-75,R52-C-75__P2__huayi_sy3sy2_phase2_wgs1__plateau_2022-10-04D_014__W003,2,train,fixed_physics,reference,1,H2_dry_vol_pct,26.976046374666662,4.944945710420148e-16,-26.976046374666662,1.0,1,0.01120902233319679,0.11328180933574153,3613.268185198307,completed,poor,a2955d2a2f6e850b88d8b206f465d810e1ad86ab,4.944945710420148e-16,0.0,0.0
R52-C-75,R52-C-75__P2__huayi_sy3sy2_phase2_wgs1__plateau_2022-10-04D_014__W003,2,train,fixed_physics,reference,1,CO2_dry_vol_pct,8.204696985733333,11.71445949983912,3.5097625141057858,1.0,1,0.01120902233319679,0.11328180933574153,3613.268185198307,completed,poor,a2955d2a2f6e850b88d8b206f465d810e1ad86ab,11.71445949983912,0.0,0.0
R52-C-75,R52-C-75__P2__huayi_sy3sy2_phase2_wgs1__plateau_2022-10-04D_014__W003,2,train,fixed_physics,reference,1,H2_CO_ratio,0.4210941704188822,5.810267628221254e-18,-0.4210941704188822,1.0,1,0.01120902233319679,0.11328180933574153,3613.268185198307,completed,poor,a2955d2a2f6e850b88d8b206f465d810e1ad86ab,5.810267628221254e-18,0.0,0.0
R52-C-75,R52-C-75__P2__huayi_sy3sy2_phase2_wgs1__plateau_2022-10-04D_014__W003,2,train,fixed_physics,reference,1,dry_syngas_flow,137754.39881696113,60646.27946026083,-77108.1193567003,1.0,1,0.01120902233319679,0.11328180933574153,3613.268185198307,completed,poor,a2955d2a2f6e850b88d8b206f465d810e1ad86ab,60646.27946026083,0.0,0.0
R52-C-75,R52-C-75__P2__huayi_sy3sy2_phase2_wgs1__plateau_2022-10-04D_014__W004,2,train,fixed_physics,reference,1,CO_dry_vol_pct,64.24435198666664,84.82899096268714,20.5846389760205,1.0,1,0.0121226417472722,0.11763431372629231,3746.5025001466274,completed,poor,a2955d2a2f6e850b88d8b206f465d810e1ad86ab,84.82899096268714,0.0,0.0
R52-C-75,R52-C-75__P2__huayi_sy3sy2_phase2_wgs1__plateau_2022-10-04D_014__W004,2,train,fixed_physics,reference,1,H2_dry_vol_pct,26.962221206666666,7.729051911304263e-16,-26.962221206666666,1.0,1,0.0121226417472722,0.11763431372629231,3746.5025001466274,completed,poor,a2955d2a2f6e850b88d8b206f465d810e1ad86ab,7.729051911304263e-16,0.0,0.0
R52-C-75,R52-C-75__P2__huayi_sy3sy2_phase2_wgs1__plateau_2022-10-04D_014__W004,2,train,fixed_physics,reference,1,CO2_dry_vol_pct,8.048062440399999,11.850284463048496,3.802222022648497,1.0,1,0.0121226417472722,0.11763431372629231,3746.5025001466274,completed,poor,a2955d2a2f6e850b88d8b206f465d810e1ad86ab,11.850284463048496,0.0,0.0
R52-C-75,R52-C-75__P2__huayi_sy3sy2_phase2_wgs1__plateau_2022-10-04D_014__W004,2,train,fixed_physics,reference,1,H2_CO_ratio,0.4196815840240013,9.111333075627366e-18,-0.4196815840240013,1.0,1,0.0121226417472722,0.11763431372629231,3746.5025001466274,completed,poor,a2955d2a2f6e850b88d8b206f465d810e1ad86ab,9.111333075627366e-18,0.0,0.0
R52-C-75,R52-C-75__P2__huayi_sy3sy2_phase2_wgs1__plateau_2022-10-04D_014__W004,2,train,fixed_physics,reference,1,dry_syngas_flow,137107.62623260543,59537.078871454774,-77570.54736115065,1.0,1,0.0121226417472722,0.11763431372629231,3746.5025001466274,completed,poor,a2955d2a2f6e850b88d8b206f465d810e1ad86ab,59537.078871454774,0.0,0.0
R52-C-75,R52-C-75__P2__huayi_sy3sy2_phase2_wgs1__plateau_2022-10-04D_014__W005,2,train,fixed_physics,reference,1,CO_dry_vol_pct,64.20861252399999,84.5262786905439,20.317666166543916,1.0,1,0.013156609559749967,0.12236196793588437,3894.4842752218246,completed,poor,a2955d2a2f6e850b88d8b206f465d810e1ad86ab,84.5262786905439,0.0,0.0
R52-C-75,R52-C-75__P2__huayi_sy3sy2_phase2_wgs1__plateau_2022-10-04D_014__W005,2,train,fixed_physics,reference,1,H2_dry_vol_pct,26.869355896,2.1389058854580598e-14,-26.869355895999977,1.0,1,0.013156609559749967,0.12236196793588437,3894.4842752218246,completed,poor,a2955d2a2f6e850b88d8b206f465d810e1ad86ab,2.1389058854580598e-14,0.0,0.0
R52-C-75,R52-C-75__P2__huayi_sy3sy2_phase2_wgs1__plateau_2022-10-04D_014__W005,2,train,fixed_physics,reference,1,CO2_dry_vol_pct,8.1780794532,11.9951101654695,3.8170307122694993,1.0,1,0.013156609559749967,0.12236196793588437,3894.4842752218246,completed,poor,a2955d2a2f6e850b88d8b206f465d810e1ad86ab,11.9951101654695,0.0,0.0
R52-C-75,R52-C-75__P2__huayi_sy3sy2_phase2_wgs1__plateau_2022-10-04D_014__W005,2,train,fixed_physics,reference,1,H2_CO_ratio,0.4184699967434793,2.5304626189551425e-16,-0.418469996743479,1.0,1,0.013156609559749967,0.12236196793588437,3894.4842752218246,completed,poor,a2955d2a2f6e850b88d8b206f465d810e1ad86ab,2.5304626189551425e-16,0.0,0.0
R52-C-75,R52-C-75__P2__huayi_sy3sy2_phase2_wgs1__plateau_2022-10-04D_014__W005,2,train,fixed_physics,reference,1,dry_syngas_flow,136958.8266320915,58414.6298505053,-78544.19678158622,1.0,1,0.013156609559749967,0.12236196793588437,3894.4842752218246,completed,poor,a2955d2a2f6e850b88d8b206f465d810e1ad86ab,58414.6298505053,0.0,0.0
R52-C-75,R52-C-75__P2__huayi_sy3sy2_phase2_wgs1__plateau_2022-10-04D_014__W006,2,train,fixed_physics,reference,1,CO_dry_vol_pct,64.23889594032256,84.46574195275724,20.226846012434677,1.0,1,0.013367149561490368,0.12330140943422808,3933.16043356061,completed,poor,a2955d2a2f6e850b88d8b206f465d810e1ad86ab,84.46574195275724,0.0,0.0
R52-C-75,R52-C-75__P2__huayi_sy3sy2_phase2_wgs1__plateau_2022-10-04D_014__W006,2,train,fixed_physics,reference,1,H2_dry_vol_pct,26.971967490322577,1.2853139303988478e-16,-26.971967490322577,1.0,1,0.013367149561490368,0.12330140943422808,3933.16043356061,completed,poor,a2955d2a2f6e850b88d8b206f465d810e1ad86ab,1.2853139303988478e-16,0.0,0.0
R52-C-75,R52-C-75__P2__huayi_sy3sy2_phase2_wgs1__plateau_2022-10-04D_014__W006,2,train,fixed_physics,reference,1,CO2_dry_vol_pct,8.020960229677419,12.023772026315195,4.002811796637776,1.0,1,0.013367149561490368,0.12330140943422808,3933.16043356061,completed,poor,a2955d2a2f6e850b88d8b206f465d810e1ad86ab,12.023772026315195,0.0,0.0
R52-C-75,R52-C-75__P2__huayi_sy3sy2_phase2_wgs1__plateau_2022-10-04D_014__W006,2,train,fixed_physics,reference,1,H2_CO_ratio,0.4198714725523487,1.5216985024742223e-18,-0.4198714725523487,1.0,1,0.013367149561490368,0.12330140943422808,3933.16043356061,completed,poor,a2955d2a2f6e850b88d8b206f465d810e1ad86ab,1.5216985024742223e-18,0.0,0.0
R52-C-75,R52-C-75__P2__huayi_sy3sy2_phase2_wgs1__plateau_2022-10-04D_014__W006,2,train,fixed_physics,reference,1,dry_syngas_flow,138014.55801497906,58331.6194426875,-79682.93857229156,1.0,1,0.013367149561490368,0.12330140943422808,3933.16043356061,completed,poor,a2955d2a2f6e850b88d8b206f465d810e1ad86ab,58331.6194426875,0.0,0.0
R52-C-75,R52-C-75__P2__huayi_sy3sy2_phase2_wgs1__plateau_2022-10-04D_014__W007,2,train,fixed_physics,reference,1,CO_dry_vol_pct,64.28587483466667,84.38439140976304,20.09851657509637,1.0,1,0.013652841435866547,0.1245640333125795,3969.569889754057,completed,poor,a2955d2a2f6e850b88d8b206f465d810e1ad86ab,84.38439140976304,0.0,0.0
R52-C-75,R52-C-75__P2__huayi_sy3sy2_phase2_wgs1__plateau_2022-10-04D_014__W007,2,train,fixed_physics,reference,1,H2_dry_vol_pct,27.031189353333332,1.641872146847929e-16,-27.031189353333332,1.0,1,0.013652841435866547,0.1245640333125795,3969.569889754057,completed,poor,a2955d2a2f6e850b88d8b206f465d810e1ad86ab,1.641872146847929e-16,0.0,0.0
R52-C-75,R52-C-75__P2__huayi_sy3sy2_phase2_wgs1__plateau_2022-10-04D_014__W007,2,train,fixed_physics,reference,1,CO2_dry_vol_pct,7.922596908,12.062072851593543,4.139475943593543,1.0,1,0.013652841435866547,0.1245640333125795,3969.569889754057,completed,poor,a2955d2a2f6e850b88d8b206f465d810e1ad86ab,12.062072851593543,0.0,0.0
R52-C-75,R52-C-75__P2__huayi_sy3sy2_phase2_wgs1__plateau_2022-10-04D_014__W007,2,train,fixed_physics,reference,1,H2_CO_ratio,0.4204840030686265,1.9457059764466927e-18,-0.4204840030686265,1.0,1,0.013652841435866547,0.1245640333125795,3969.569889754057,completed,poor,a2955d2a2f6e850b88d8b206f465d810e1ad86ab,1.9457059764466927e-18,0.0,0.0
R52-C-75,R52-C-75__P2__huayi_sy3sy2_phase2_wgs1__plateau_2022-10-04D_014__W007,2,train,fixed_physics,reference,1,dry_syngas_flow,137962.2690458604,57989.349775468465,-79972.91927039193,1.0,1,0.013652841435866547,0.1245640333125795,3969.569889754057,completed,poor,a2955d2a2f6e850b88d8b206f465d810e1ad86ab,57989.349775468465,0.0,0.0
R52-C-75,R52-C-75__P2__huayi_sy3sy2_phase2_wgs1__shift_evening_handover_2022-10-04__W001,2,train,fixed_physics,reference,1,CO_dry_vol_pct,63.95533421600001,84.47176441523176,20.51643019923175,1.0,1,0.013345230969072893,0.12320423018060787,3935.900391459465,completed,poor,a2955d2a2f6e850b88d8b206f465d810e1ad86ab,84.47176441523176,0.0,0.0
R52-C-75,R52-C-75__P2__huayi_sy3sy2_phase2_wgs1__shift_evening_handover_2022-10-04__W001,2,train,fixed_physics,reference,1,H2_dry_vol_pct,27.022433552000003,3.331703905098125e-15,-27.022433552,1.0,1,0.013345230969072893,0.12320423018060787,3935.900391459465,completed,poor,a2955d2a2f6e850b88d8b206f465d810e1ad86ab,3.331703905098125e-15,0.0,0.0
R52-C-75,R52-C-75__P2__huayi_sy3sy2_phase2_wgs1__shift_evening_handover_2022-10-04__W001,2,train,fixed_physics,reference,1,CO2_dry_vol_pct,8.294790617066667,12.021005645013148,3.7262150279464805,1.0,1,0.013345230969072893,0.12320423018060787,3935.900391459465,completed,poor,a2955d2a2f6e850b88d8b206f465d810e1ad86ab,12.021005645013148,0.0,0.0
R52-C-75,R52-C-75__P2__huayi_sy3sy2_phase2_wgs1__shift_evening_handover_2022-10-04__W001,2,train,fixed_physics,reference,1,H2_CO_ratio,0.4225216469759647,3.944162795890836e-17,-0.42252164697596467,1.0,1,0.013345230969072893,0.12320423018060787,3935.900391459465,completed,poor,a2955d2a2f6e850b88d8b206f465d810e1ad86ab,3.944162795890836e-17,0.0,0.0
R52-C-75,R52-C-75__P2__huayi_sy3sy2_phase2_wgs1__shift_evening_handover_2022-10-04__W001,2,train,fixed_physics,reference,1,dry_syngas_flow,136985.22233328418,58439.470028514654,-78545.75230476953,1.0,1,0.013345230969072893,0.12320423018060787,3935.900391459465,completed,poor,a2955d2a2f6e850b88d8b206f465d810e1ad86ab,58439.470028514654,0.0,0.0
R52-C-75,R52-C-75__P2__huayi_sy3sy2_phase2_wgs1__plateau_2022-10-04N_015__W001,2,train,fixed_physics,reference,1,CO_dry_vol_pct,63.30438717599999,84.52309016998224,21.218702993982248,1.0,1,0.013165463185474431,0.12240229163520437,3910.454879462719,completed,poor,a2955d2a2f6e850b88d8b206f465d810e1ad86ab,84.52309016998224,0.0,0.0
R52-C-75,R52-C-75__P2__huayi_sy3sy2_phase2_wgs1__plateau_2022-10-04N_015__W001,2,train,fixed_physics,reference,1,H2_dry_vol_pct,27.119593054666662,2.0941474959323568e-16,-27.119593054666662,1.0,1,0.013165463185474431,0.12240229163520437,3910.454879462719,completed,poor,a2955d2a2f6e850b88d8b206f465d810e1ad86ab,2.0941474959323568e-16,0.0,0.0
R52-C-75,R52-C-75__P2__huayi_sy3sy2_phase2_wgs1__plateau_2022-10-04N_015__W001,2,train,fixed_physics,reference,1,CO2_dry_vol_pct,8.849474387199999,11.996772468337745,3.1472980811377465,1.0,1,0.013165463185474431,0.12240229163520437,3910.454879462719,completed,poor,a2955d2a2f6e850b88d8b206f465d810e1ad86ab,11.996772468337745,0.0,0.0
R52-C-75,R52-C-75__P2__huayi_sy3sy2_phase2_wgs1__plateau_2022-10-04N_015__W001,2,train,fixed_physics,reference,1,H2_CO_ratio,0.4284019008760417,2.4776040389920316e-18,-0.4284019008760417,1.0,1,0.013165463185474431,0.12240229163520437,3910.454879462719,completed,poor,a2955d2a2f6e850b88d8b206f465d810e1ad86ab,2.4776040389920316e-18,0.0,0.0
R52-C-75,R52-C-75__P2__huayi_sy3sy2_phase2_wgs1__plateau_2022-10-04N_015__W001,2,train,fixed_physics,reference,1,dry_syngas_flow,136438.9415913955,58623.99631049369,-77814.94528090181,1.0,1,0.013165463185474431,0.12240229163520437,3910.454879462719,completed,poor,a2955d2a2f6e850b88d8b206f465d810e1ad86ab,58623.99631049369,0.0,0.0
R52-C-75,R52-C-75__P2__huayi_sy3sy2_phase2_wgs1__plateau_2022-10-04N_015__W002,2,train,fixed_physics,reference,1,CO_dry_vol_pct,63.05726098,84.60836309995108,21.551102119951075,1.0,1,0.012871627260030006,0.1210787374894659,3861.6799040436745,completed,poor,a2955d2a2f6e850b88d8b206f465d810e1ad86ab,84.60836309995108,0.0,0.0
R52-C-75,R52-C-75__P2__huayi_sy3sy2_phase2_wgs1__plateau_2022-10-04N_015__W002,2,train,fixed_physics,reference,1,H2_dry_vol_pct,27.199118130666665,1.1031969155611239e-17,-27.199118130666665,1.0,1,0.012871627260030006,0.1210787374894659,3861.6799040436745,completed,poor,a2955d2a2f6e850b88d8b206f465d810e1ad86ab,1.1031969155611239e-17,0.0,0.0
R52-C-75,R52-C-75__P2__huayi_sy3sy2_phase2_wgs1__plateau_2022-10-04N_015__W002,2,train,fixed_physics,reference,1,CO2_dry_vol_pct,9.027923212,11.956202117123576,2.9282789051235767,1.0,1,0.012871627260030006,0.1210787374894659,3861.6799040436745,completed,poor,a2955d2a2f6e850b88d8b206f465d810e1ad86ab,11.956202117123576,0.0,0.0
R52-C-75,R52-C-75__P2__huayi_sy3sy2_phase2_wgs1__plateau_2022-10-04N_015__W002,2,train,fixed_physics,reference,1,H2_CO_ratio,0.4313427709575747,1.303886371442827e-19,-0.4313427709575747,1.0,1,0.012871627260030006,0.1210787374894659,3861.6799040436745,completed,poor,a2955d2a2f6e850b88d8b206f465d810e1ad86ab,1.303886371442827e-19,0.0,0.0
R52-C-75,R52-C-75__P2__huayi_sy3sy2_phase2_wgs1__plateau_2022-10-04N_015__W002,2,train,fixed_physics,reference,1,dry_syngas_flow,136165.5469457938,58828.306946122495,-77337.23999967129,1.0,1,0.012871627260030006,0.1210787374894659,3861.6799040436745,completed,poor,a2955d2a2f6e850b88d8b206f465d810e1ad86ab,58828.306946122495,0.0,0.0
R52-C-75,R52-C-75__P2__huayi_sy3sy2_phase2_wgs1__plateau_2022-10-04N_015__W003,2,train,fixed_physics,reference,1,CO_dry_vol_pct,63.00144242933334,84.53882949252186,21.53738706318852,1.0,1,0.013112880446486936,0.12216601310169228,3893.1000324189663,completed,poor,a2955d2a2f6e850b88d8b206f465d810e1ad86ab,84.53882949252186,0.0,0.0
R52-C-75,R52-C-75__P2__huayi_sy3sy2_phase2_wgs1__plateau_2022-10-04N_015__W003,2,train,fixed_physics,reference,1,H2_dry_vol_pct,27.057765898666663,2.0744044545877193e-14,-27.05776589866664,1.0,1,0.013112880446486936,0.12216601310169228,3893.1000324189663,completed,poor,a2955d2a2f6e850b88d8b206f465d810e1ad86ab,2.0744044545877193e-14,0.0,0.0
R52-C-75,R52-C-75__P2__huayi_sy3sy2_phase2_wgs1__plateau_2022-10-04N_015__W003,2,train,fixed_physics,reference,1,CO2_dry_vol_pct,9.223344497866664,11.98919172829883,2.765847230432165,1.0,1,0.013112880446486936,0.12216601310169228,3893.1000324189663,completed,poor,a2955d2a2f6e850b88d8b206f465d810e1ad86ab,11.98919172829883,0.0,0.0
R52-C-75,R52-C-75__P2__huayi_sy3sy2_phase2_wgs1__plateau_2022-10-04N_015__W003,2,train,fixed_physics,reference,1,H2_CO_ratio,0.4294829425397182,2.453788947682576e-16,-0.42948294253971797,1.0,1,0.013112880446486936,0.12216601310169228,3893.1000324189663,completed,poor,a2955d2a2f6e850b88d8b206f465d810e1ad86ab,2.453788947682576e-16,0.0,0.0
R52-C-75,R52-C-75__P2__huayi_sy3sy2_phase2_wgs1__plateau_2022-10-04N_015__W003,2,train,fixed_physics,reference,1,dry_syngas_flow,135379.51044617285,58531.8882238224,-76847.62222235044,1.0,1,0.013112880446486936,0.12216601310169228,3893.1000324189663,completed,poor,a2955d2a2f6e850b88d8b206f465d810e1ad86ab,58531.8882238224,0.0,0.0
R52-C-75,R52-C-75__P2__huayi_sy3sy2_phase2_wgs1__plateau_2022-10-04N_015__W004,2,train,fixed_physics,reference,1,CO_dry_vol_pct,63.32038515466667,84.47645434328118,21.15606918861451,1.0,1,0.013329862098095072,0.12313558009330397,3932.276454538107,completed,poor,a2955d2a2f6e850b88d8b206f465d810e1ad86ab,84.47645434328118,0.0,0.0
R52-C-75,R52-C-75__P2__huayi_sy3sy2_phase2_wgs1__plateau_2022-10-04N_015__W004,2,train,fixed_physics,reference,1,H2_dry_vol_pct,27.17390028133333,3.0232877287418815e-15,-27.173900281333328,1.0,1,0.013329862098095072,0.12313558009330397,3932.276454538107,completed,poor,a2955d2a2f6e850b88d8b206f465d810e1ad86ab,3.0232877287418815e-15,0.0,0.0
R52-C-75,R52-C-75__P2__huayi_sy3sy2_phase2_wgs1__plateau_2022-10-04N_015__W004,2,train,fixed_physics,reference,1,CO2_dry_vol_pct,8.780865,12.018717398047524,3.237852398047524,1.0,1,0.013329862098095072,0.12313558009330397,3932.276454538107,completed,poor,a2955d2a2f6e850b88d8b206f465d810e1ad86ab,12.018717398047524,0.0,0.0
R52-C-75,R52-C-75__P2__huayi_sy3sy2_phase2_wgs1__plateau_2022-10-04N_015__W004,2,train,fixed_physics,reference,1,H2_CO_ratio,0.4291482415177123,3.5788525361828685e-17,-0.42914824151771225,1.0,1,0.013329862098095072,0.12313558009330397,3932.276454538107,completed,poor,a2955d2a2f6e850b88d8b206f465d810e1ad86ab,3.5788525361828685e-17,0.0,0.0
R52-C-75,R52-C-75__P2__huayi_sy3sy2_phase2_wgs1__plateau_2022-10-04N_015__W004,2,train,fixed_physics,reference,1,dry_syngas_flow,136097.4296672341,58434.704257265555,-77662.72540996855,1.0,1,0.013329862098095072,0.12313558009330397,3932.276454538107,completed,poor,a2955d2a2f6e850b88d8b206f465d810e1ad86ab,58434.704257265555,0.0,0.0
R52-C-75,R52-C-75__P2__huayi_sy3sy2_phase2_wgs1__plateau_2022-10-04N_015__W005,2,train,fixed_physics,reference,1,CO_dry_vol_pct,63.543653376,84.48080198904428,20.93714861304428,1.0,1,0.013314651804498801,0.12306783685711865,3926.0685374736786,completed,poor,a2955d2a2f6e850b88d8b206f465d810e1ad86ab,84.48080198904428,0.0,0.0
R52-C-75,R52-C-75__P2__huayi_sy3sy2_phase2_wgs1__plateau_2022-10-04N_015__W005,2,train,fixed_physics,reference,1,H2_dry_vol_pct,27.304421864,2.5058341279045365e-16,-27.304421864,1.0,1,0.013314651804498801,0.12306783685711865,3926.0685374736786,completed,poor,a2955d2a2f6e850b88d8b206f465d810e1ad86ab,2.5058341279045365e-16,0.0,0.0
R52-C-75,R52-C-75__P2__huayi_sy3sy2_phase2_wgs1__plateau_2022-10-04N_015__W005,2,train,fixed_physics,reference,1,CO2_dry_vol_pct,8.419400267599999,12.016650514670742,3.5972502470707433,1.0,1,0.013314651804498801,0.12306783685711865,3926.0685374736786,completed,poor,a2955d2a2f6e850b88d8b206f465d810e1ad86ab,12.016650514670742,0.0,0.0
R52-C-75,R52-C-75__P2__huayi_sy3sy2_phase2_wgs1__plateau_2022-10-04N_015__W005,2,train,fixed_physics,reference,1,H2_CO_ratio,0.429698429843257,2.9661580724926126e-18,-0.429698429843257,1.0,1,0.013314651804498801,0.12306783685711865,3926.0685374736786,completed,poor,a2955d2a2f6e850b88d8b206f465d810e1ad86ab,2.9661580724926126e-18,0.0,0.0
R52-C-75,R52-C-75__P2__huayi_sy3sy2_phase2_wgs1__plateau_2022-10-04N_015__W005,2,train,fixed_physics,reference,1,dry_syngas_flow,136709.4465008859,58389.88679138156,-78319.55970950435,1.0,1,0.013314651804498801,0.12306783685711865,3926.0685374736786,completed,poor,a2955d2a2f6e850b88d8b206f465d810e1ad86ab,58389.88679138156,0.0,0.0
R52-C-75,R52-C-75__P2__huayi_sy3sy2_phase2_wgs1__plateau_2022-10-04N_015__W006,2,train,fixed_physics,reference,1,CO_dry_vol_pct,63.06391252933333,84.36096299249537,21.297050463162044,1.0,1,0.013737366052637551,0.12493447969644778,3979.94321718812,completed,poor,a2955d2a2f6e850b88d8b206f465d810e1ad86ab,84.36096299249537,0.0,0.0
R52-C-75,R52-C-75__P2__huayi_sy3sy2_phase2_wgs1__plateau_2022-10-04N_015__W006,2,train,fixed_physics,reference,1,H2_dry_vol_pct,27.09497532266667,2.6941168019212765e-15,-27.094975322666667,1.0,1,0.013737366052637551,0.12493447969644778,3979.94321718812,completed,poor,a2955d2a2f6e850b88d8b206f465d810e1ad86ab,2.6941168019212765e-15,0.0,0.0
R52-C-75,R52-C-75__P2__huayi_sy3sy2_phase2_wgs1__plateau_2022-10-04N_015__W006,2,train,fixed_physics,reference,1,CO2_dry_vol_pct,9.135209407066666,12.072925872714011,2.9377164656473447,1.0,1,0.013737366052637551,0.12493447969644778,3979.94321718812,completed,poor,a2955d2a2f6e850b88d8b206f465d810e1ad86ab,12.072925872714011,0.0,0.0
R52-C-75,R52-C-75__P2__huayi_sy3sy2_phase2_wgs1__plateau_2022-10-04N_015__W006,2,train,fixed_physics,reference,1,H2_CO_ratio,0.42964522021633,3.1935586156845333e-17,-0.42964522021632995,1.0,1,0.013737366052637551,0.12493447969644778,3979.94321718812,completed,poor,a2955d2a2f6e850b88d8b206f465d810e1ad86ab,3.1935586156845333e-17,0.0,0.0
R52-C-75,R52-C-75__P2__huayi_sy3sy2_phase2_wgs1__plateau_2022-10-04N_015__W006,2,train,fixed_physics,reference,1,dry_syngas_flow,135373.84053857613,57886.462883222826,-77487.37765535331,1.0,1,0.013737366052637551,0.12493447969644778,3979.94321718812,completed,poor,a2955d2a2f6e850b88d8b206f465d810e1ad86ab,57886.462883222826,0.0,0.0
R52-C-75,R52-C-75__P2__huayi_sy3sy2_phase2_wgs1__plateau_2022-10-04N_015__W007,2,train,fixed_physics,reference,1,CO_dry_vol_pct,63.40651193066666,84.46616879716139,21.059656866494727,1.0,1,0.013366836868312219,0.12329977946252123,3924.89005535841,completed,poor,a2955d2a2f6e850b88d8b206f465d810e1ad86ab,84.46616879716139,0.0,0.0
R52-C-75,R52-C-75__P2__huayi_sy3sy2_phase2_wgs1__plateau_2022-10-04N_015__W007,2,train,fixed_physics,reference,1,H2_dry_vol_pct,27.24397371866667,1.3872563554561593e-15,-27.24397371866667,1.0,1,0.013366836868312219,0.12329977946252123,3924.89005535841,completed,poor,a2955d2a2f6e850b88d8b206f465d810e1ad86ab,1.3872563554561593e-15,0.0,0.0
R52-C-75,R52-C-75__P2__huayi_sy3sy2_phase2_wgs1__plateau_2022-10-04N_015__W007,2,train,fixed_physics,reference,1,CO2_dry_vol_pct,8.618603513333335,12.023496691419485,3.4048931780861498,1.0,1,0.013366836868312219,0.12329977946252123,3924.89005535841,completed,poor,a2955d2a2f6e850b88d8b206f465d810e1ad86ab,12.023496691419485,0.0,0.0
R52-C-75,R52-C-75__P2__huayi_sy3sy2_phase2_wgs1__plateau_2022-10-04N_015__W007,2,train,fixed_physics,reference,1,H2_CO_ratio,0.4296749691764259,1.6423810564766376e-17,-0.4296749691764259,1.0,1,0.013366836868312219,0.12329977946252123,3924.89005535841,completed,poor,a2955d2a2f6e850b88d8b206f465d810e1ad86ab,1.6423810564766376e-17,0.0,0.0
R52-C-75,R52-C-75__P2__huayi_sy3sy2_phase2_wgs1__plateau_2022-10-04N_015__W007,2,train,fixed_physics,reference,1,dry_syngas_flow,136340.52017777457,58211.4044217101,-78129.11575606446,1.0,1,0.013366836868312219,0.12329977946252123,3924.89005535841,completed,poor,a2955d2a2f6e850b88d8b206f465d810e1ad86ab,58211.4044217101,0.0,0.0
R52-C-75,R52-C-75__P3__huayi_sy3sy2_phase3_wgs1__shift_morning_handover_2022-10-06__W001,3,validation,fixed_physics,reference,1,CO_dry_vol_pct,63.07712628266666,86.61033826646621,23.533211983799553,1.0,1,0.011928284336596045,0.11639514828943068,3608.651397868991,completed,poor,a2955d2a2f6e850b88d8b206f465d810e1ad86ab,86.61033826646621,0.0,0.0
R52-C-75,R52-C-75__P3__huayi_sy3sy2_phase3_wgs1__shift_morning_handover_2022-10-06__W001,3,validation,fixed_physics,reference,1,H2_dry_vol_pct,26.86354134933333,7.151243354394233e-16,-26.86354134933333,1.0,1,0.011928284336596045,0.11639514828943068,3608.651397868991,completed,poor,a2955d2a2f6e850b88d8b206f465d810e1ad86ab,7.151243354394233e-16,0.0,0.0
R52-C-75,R52-C-75__P3__huayi_sy3sy2_phase3_wgs1__shift_morning_handover_2022-10-06__W001,3,validation,fixed_physics,reference,1,CO2_dry_vol_pct,9.359796498800002,10.173720719410134,0.8139242206101329,1.0,1,0.011928284336596045,0.11639514828943068,3608.651397868991,completed,poor,a2955d2a2f6e850b88d8b206f465d810e1ad86ab,10.173720719410134,0.0,0.0
R52-C-75,R52-C-75__P3__huayi_sy3sy2_phase3_wgs1__shift_morning_handover_2022-10-06__W001,3,validation,fixed_physics,reference,1,H2_CO_ratio,0.4258841388279248,8.256801090410994e-18,-0.4258841388279248,1.0,1,0.011928284336596045,0.11639514828943068,3608.651397868991,completed,poor,a2955d2a2f6e850b88d8b206f465d810e1ad86ab,8.256801090410994e-18,0.0,0.0
R52-C-75,R52-C-75__P3__huayi_sy3sy2_phase3_wgs1__shift_morning_handover_2022-10-06__W001,3,validation,fixed_physics,reference,1,dry_syngas_flow,134337.62353142304,60290.06130589142,-74047.56222553163,1.0,1,0.011928284336596045,0.11639514828943068,3608.651397868991,completed,poor,a2955d2a2f6e850b88d8b206f465d810e1ad86ab,60290.06130589142,0.0,0.0
R52-C-75,R52-C-75__P3__huayi_sy3sy2_phase3_wgs1__plateau_2022-10-06D_007__W001,3,validation,fixed_physics,reference,1,CO_dry_vol_pct,62.91219163599999,86.57908103774047,23.666889401740477,1.0,1,0.01204273656215491,0.11693104800193017,3619.174903705716,completed,poor,a2955d2a2f6e850b88d8b206f465d810e1ad86ab,86.57908103774047,0.0,0.0
R52-C-75,R52-C-75__P3__huayi_sy3sy2_phase3_wgs1__plateau_2022-10-06D_007__W001,3,validation,fixed_physics,reference,1,H2_dry_vol_pct,26.434633410666667,8.563490150795661e-19,-26.434633410666667,1.0,1,0.01204273656215491,0.11693104800193017,3619.174903705716,completed,poor,a2955d2a2f6e850b88d8b206f465d810e1ad86ab,8.563490150795661e-19,0.0,0.0
R52-C-75,R52-C-75__P3__huayi_sy3sy2_phase3_wgs1__plateau_2022-10-06D_007__W001,3,validation,fixed_physics,reference,1,CO2_dry_vol_pct,9.9455628,10.187454483893923,0.24189168389392357,1.0,1,0.01204273656215491,0.11693104800193017,3619.174903705716,completed,poor,a2955d2a2f6e850b88d8b206f465d810e1ad86ab,10.187454483893923,0.0,0.0
R52-C-75,R52-C-75__P3__huayi_sy3sy2_phase3_wgs1__plateau_2022-10-06D_007__W001,3,validation,fixed_physics,reference,1,H2_CO_ratio,0.4201718522157012,9.890945997755246e-21,-0.4201718522157012,1.0,1,0.01204273656215491,0.11693104800193017,3619.174903705716,completed,poor,a2955d2a2f6e850b88d8b206f465d810e1ad86ab,9.890945997755246e-21,0.0,0.0
R52-C-75,R52-C-75__P3__huayi_sy3sy2_phase3_wgs1__plateau_2022-10-06D_007__W001,3,validation,fixed_physics,reference,1,dry_syngas_flow,131960.96298284738,60062.27584682054,-71898.68713602684,1.0,1,0.01204273656215491,0.11693104800193017,3619.174903705716,completed,poor,a2955d2a2f6e850b88d8b206f465d810e1ad86ab,60062.27584682054,0.0,0.0
R52-C-75,R52-C-75__P3__huayi_sy3sy2_phase3_wgs1__plateau_2022-10-06D_007__W002,3,validation,fixed_physics,reference,1,CO_dry_vol_pct,63.754372190666665,86.96260968669834,23.20823749603168,1.0,1,0.010675639246516164,0.11034924876328805,3412.817060649395,completed,poor,a2955d2a2f6e850b88d8b206f465d810e1ad86ab,86.96260968669834,0.0,0.0
R52-C-75,R52-C-75__P3__huayi_sy3sy2_phase3_wgs1__plateau_2022-10-06D_007__W002,3,validation,fixed_physics,reference,1,H2_dry_vol_pct,26.66782492533333,4.6391862513941115e-18,-26.66782492533333,1.0,1,0.010675639246516164,0.11034924876328805,3412.817060649395,completed,poor,a2955d2a2f6e850b88d8b206f465d810e1ad86ab,4.6391862513941115e-18,0.0,0.0
R52-C-75,R52-C-75__P3__huayi_sy3sy2_phase3_wgs1__plateau_2022-10-06D_007__W002,3,validation,fixed_physics,reference,1,CO2_dry_vol_pct,8.835336828266666,10.01583601267014,1.180499184403475,1.0,1,0.010675639246516164,0.11034924876328805,3412.817060649395,completed,poor,a2955d2a2f6e850b88d8b206f465d810e1ad86ab,10.01583601267014,0.0,0.0
R52-C-75,R52-C-75__P3__huayi_sy3sy2_phase3_wgs1__plateau_2022-10-06D_007__W002,3,validation,fixed_physics,reference,1,H2_CO_ratio,0.4182971566880049,5.3346906999545966e-20,-0.4182971566880049,1.0,1,0.010675639246516164,0.11034924876328805,3412.817060649395,completed,poor,a2955d2a2f6e850b88d8b206f465d810e1ad86ab,5.3346906999545966e-20,0.0,0.0
R52-C-75,R52-C-75__P3__huayi_sy3sy2_phase3_wgs1__plateau_2022-10-06D_007__W002,3,validation,fixed_physics,reference,1,dry_syngas_flow,135874.60175590846,61591.06088681066,-74283.54086909781,1.0,1,0.010675639246516164,0.11034924876328805,3412.817060649395,completed,poor,a2955d2a2f6e850b88d8b206f465d810e1ad86ab,61591.06088681066,0.0,0.0
R52-C-75,R52-C-75__P3__huayi_sy3sy2_phase3_wgs1__plateau_2022-10-06D_008__W001,3,validation,fixed_physics,reference,1,CO_dry_vol_pct,63.853599986666666,86.81646581755568,22.962865830889015,1.0,1,0.011188102928178512,0.11286385421020609,3478.996625736356,completed,poor,a2955d2a2f6e850b88d8b206f465d810e1ad86ab,86.81646581755568,0.0,0.0
R52-C-75,R52-C-75__P3__huayi_sy3sy2_phase3_wgs1__plateau_2022-10-06D_008__W001,3,validation,fixed_physics,reference,1,H2_dry_vol_pct,26.517612319999994,4.423592561648073e-18,-26.517612319999994,1.0,1,0.011188102928178512,0.11286385421020609,3478.996625736356,completed,poor,a2955d2a2f6e850b88d8b206f465d810e1ad86ab,4.423592561648073e-18,0.0,0.0
R52-C-75,R52-C-75__P3__huayi_sy3sy2_phase3_wgs1__plateau_2022-10-06D_008__W001,3,validation,fixed_physics,reference,1,CO2_dry_vol_pct,8.9145837584,10.081931611941574,1.1673478535415747,1.0,1,0.011188102928178512,0.11286385421020609,3478.996625736356,completed,poor,a2955d2a2f6e850b88d8b206f465d810e1ad86ab,10.081931611941574,0.0,0.0
R52-C-75,R52-C-75__P3__huayi_sy3sy2_phase3_wgs1__plateau_2022-10-06D_008__W001,3,validation,fixed_physics,reference,1,H2_CO_ratio,0.415288680405837,5.095338217227396e-20,-0.415288680405837,1.0,1,0.011188102928178512,0.11286385421020609,3478.996625736356,completed,poor,a2955d2a2f6e850b88d8b206f465d810e1ad86ab,5.095338217227396e-20,0.0,0.0
R52-C-75,R52-C-75__P3__huayi_sy3sy2_phase3_wgs1__plateau_2022-10-06D_008__W001,3,validation,fixed_physics,reference,1,dry_syngas_flow,134121.55277157546,60781.91252710952,-73339.64024446593,1.0,1,0.011188102928178512,0.11286385421020609,3478.996625736356,completed,poor,a2955d2a2f6e850b88d8b206f465d810e1ad86ab,60781.91252710952,0.0,0.0
R52-C-75,R52-C-75__P3__huayi_sy3sy2_phase3_wgs1__plateau_2022-10-06D_008__W002,3,validation,fixed_physics,reference,1,CO_dry_vol_pct,63.81669654769232,87.04344343467415,23.22674688698183,1.0,1,0.01039961749157911,0.10896849553959556,3354.9411541074514,completed,poor,a2955d2a2f6e850b88d8b206f465d810e1ad86ab,87.04344343467415,0.0,0.0
R52-C-75,R52-C-75__P3__huayi_sy3sy2_phase3_wgs1__plateau_2022-10-06D_008__W002,3,validation,fixed_physics,reference,1,H2_dry_vol_pct,26.535925223076926,7.077996774083836e-14,-26.535925223076855,1.0,1,0.01039961749157911,0.10896849553959556,3354.9411541074514,completed,poor,a2955d2a2f6e850b88d8b206f465d810e1ad86ab,7.077996774083836e-14,0.0,0.0
R52-C-75,R52-C-75__P3__huayi_sy3sy2_phase3_wgs1__plateau_2022-10-06D_008__W002,3,validation,fixed_physics,reference,1,CO2_dry_vol_pct,8.936552717999998,9.978710296383106,1.042157578383108,1.0,1,0.01039961749157911,0.10896849553959556,3354.9411541074514,completed,poor,a2955d2a2f6e850b88d8b206f465d810e1ad86ab,9.978710296383106,0.0,0.0
R52-C-75,R52-C-75__P3__huayi_sy3sy2_phase3_wgs1__plateau_2022-10-06D_008__W002,3,validation,fixed_physics,reference,1,H2_CO_ratio,0.4158141698900238,8.13156797892061e-16,-0.41581416989002296,1.0,1,0.01039961749157911,0.10896849553959556,3354.9411541074514,completed,poor,a2955d2a2f6e850b88d8b206f465d810e1ad86ab,8.13156797892061e-16,0.0,0.0
R52-C-75,R52-C-75__P3__huayi_sy3sy2_phase3_wgs1__plateau_2022-10-06D_008__W002,3,validation,fixed_physics,reference,1,dry_syngas_flow,133308.63133560153,61650.23297416316,-71658.39836143836,1.0,1,0.01039961749157911,0.10896849553959556,3354.9411541074514,completed,poor,a2955d2a2f6e850b88d8b206f465d810e1ad86ab,61650.23297416316,0.0,0.0
R52-C-75,R52-C-75__P3__huayi_sy3sy2_phase3_wgs1__plateau_2022-10-06D_008__W003,3,validation,fixed_physics,reference,1,CO_dry_vol_pct,63.5154361625,86.95010147558905,23.43466531308905,1.0,1,0.010718445654630225,0.11056179748884294,3415.0945448726416,completed,poor,a2955d2a2f6e850b88d8b206f465d810e1ad86ab,86.95010147558905,0.0,0.0
R52-C-75,R52-C-75__P3__huayi_sy3sy2_phase3_wgs1__plateau_2022-10-06D_008__W003,3,validation,fixed_physics,reference,1,H2_dry_vol_pct,26.49120874444445,4.850565278167127e-17,-26.49120874444445,1.0,1,0.010718445654630225,0.11056179748884294,3415.0945448726416,completed,poor,a2955d2a2f6e850b88d8b206f465d810e1ad86ab,4.850565278167127e-17,0.0,0.0
R52-C-75,R52-C-75__P3__huayi_sy3sy2_phase3_wgs1__plateau_2022-10-06D_008__W003,3,validation,fixed_physics,reference,1,CO2_dry_vol_pct,9.279453070833334,10.02158277168729,0.7421297008539565,1.0,1,0.010718445654630225,0.11056179748884294,3415.0945448726416,completed,poor,a2955d2a2f6e850b88d8b206f465d810e1ad86ab,10.02158277168729,0.0,0.0
R52-C-75,R52-C-75__P3__huayi_sy3sy2_phase3_wgs1__plateau_2022-10-06D_008__W003,3,validation,fixed_physics,reference,1,H2_CO_ratio,0.4170886921523589,5.578561952028207e-19,-0.4170886921523589,1.0,1,0.010718445654630225,0.11056179748884294,3415.0945448726416,completed,poor,a2955d2a2f6e850b88d8b206f465d810e1ad86ab,5.578561952028207e-19,0.0,0.0
R52-C-75,R52-C-75__P3__huayi_sy3sy2_phase3_wgs1__plateau_2022-10-06D_008__W003,3,validation,fixed_physics,reference,1,dry_syngas_flow,133376.4278806256,61461.43238065794,-71914.99549996766,1.0,1,0.010718445654630225,0.11056179748884294,3415.0945448726416,completed,poor,a2955d2a2f6e850b88d8b206f465d810e1ad86ab,61461.43238065794,0.0,0.0
R52-C-75,R52-C-75__P3__huayi_sy3sy2_phase3_wgs1__plateau_2022-10-06D_008__W004,3,validation,fixed_physics,reference,1,CO_dry_vol_pct,63.57969426533334,86.99656381941033,23.41686955407699,1.0,1,0.010557981052759591,0.10976336295576877,3397.1493782252073,completed,poor,a2955d2a2f6e850b88d8b206f465d810e1ad86ab,86.99656381941033,0.0,0.0
R52-C-75,R52-C-75__P3__huayi_sy3sy2_phase3_wgs1__plateau_2022-10-06D_008__W004,3,validation,fixed_physics,reference,1,H2_dry_vol_pct,26.74104287066667,5.61755632140839e-16,-26.74104287066667,1.0,1,0.010557981052759591,0.10976336295576877,3397.1493782252073,completed,poor,a2955d2a2f6e850b88d8b206f465d810e1ad86ab,5.61755632140839e-16,0.0,0.0
R52-C-75,R52-C-75__P3__huayi_sy3sy2_phase3_wgs1__plateau_2022-10-06D_008__W004,3,validation,fixed_physics,reference,1,CO2_dry_vol_pct,8.956267522666668,10.000374193943157,1.0441066712764897,1.0,1,0.010557981052759591,0.10976336295576877,3397.1493782252073,completed,poor,a2955d2a2f6e850b88d8b206f465d810e1ad86ab,10.000374193943157,0.0,0.0
R52-C-75,R52-C-75__P3__huayi_sy3sy2_phase3_wgs1__plateau_2022-10-06D_008__W004,3,validation,fixed_physics,reference,1,H2_CO_ratio,0.4205863022749198,6.457216325313096e-18,-0.4205863022749198,1.0,1,0.010557981052759591,0.10976336295576877,3397.1493782252073,completed,poor,a2955d2a2f6e850b88d8b206f465d810e1ad86ab,6.457216325313096e-18,0.0,0.0
R52-C-75,R52-C-75__P3__huayi_sy3sy2_phase3_wgs1__plateau_2022-10-06D_008__W004,3,validation,fixed_physics,reference,1,dry_syngas_flow,135419.98943085957,61777.5837334147,-73642.40569744486,1.0,1,0.010557981052759591,0.10976336295576877,3397.1493782252073,completed,poor,a2955d2a2f6e850b88d8b206f465d810e1ad86ab,61777.5837334147,0.0,0.0
R52-C-75,R52-C-75__P3__huayi_sy3sy2_phase3_wgs1__shift_evening_handover_2022-10-06__W001,3,validation,fixed_physics,reference,1,CO_dry_vol_pct,63.44894384799999,86.36609893387224,22.917155085872245,1.0,1,0.012838880404974176,0.12058856602732755,3732.5566368103027,completed,poor,a2955d2a2f6e850b88d8b206f465d810e1ad86ab,86.36609893387224,0.0,0.0
R52-C-75,R52-C-75__P3__huayi_sy3sy2_phase3_wgs1__shift_evening_handover_2022-10-06__W001,3,validation,fixed_physics,reference,1,H2_dry_vol_pct,26.788322192000003,2.175937119251933e-14,-26.78832219199998,1.0,1,0.012838880404974176,0.12058856602732755,3732.5566368103027,completed,poor,a2955d2a2f6e850b88d8b206f465d810e1ad86ab,2.175937119251933e-14,0.0,0.0
R52-C-75,R52-C-75__P3__huayi_sy3sy2_phase3_wgs1__shift_evening_handover_2022-10-06__W001,3,validation,fixed_physics,reference,1,CO2_dry_vol_pct,9.0302085228,10.279717266983614,1.249508744183613,1.0,1,0.012838880404974176,0.12058856602732755,3732.5566368103027,completed,poor,a2955d2a2f6e850b88d8b206f465d810e1ad86ab,10.279717266983614,0.0,0.0
R52-C-75,R52-C-75__P3__huayi_sy3sy2_phase3_wgs1__shift_evening_handover_2022-10-06__W001,3,validation,fixed_physics,reference,1,H2_CO_ratio,0.4222046685309872,2.5194342990042636e-16,-0.4222046685309869,1.0,1,0.012838880404974176,0.12058856602732755,3732.5566368103027,completed,poor,a2955d2a2f6e850b88d8b206f465d810e1ad86ab,2.5194342990042636e-16,0.0,0.0
R52-C-75,R52-C-75__P3__huayi_sy3sy2_phase3_wgs1__shift_evening_handover_2022-10-06__W001,3,validation,fixed_physics,reference,1,dry_syngas_flow,135140.453213659,59211.05838549447,-75929.39482816453,1.0,1,0.012838880404974176,0.12058856602732755,3732.5566368103027,completed,poor,a2955d2a2f6e850b88d8b206f465d810e1ad86ab,59211.05838549447,0.0,0.0
R52-C-75,R52-C-75__P3__huayi_sy3sy2_phase3_wgs1__plateau_2022-10-06N_009__W001,3,validation,fixed_physics,reference,1,CO_dry_vol_pct,63.505468836,85.85324265031221,22.347773814312212,1.0,1,0.014857542142234758,0.129375340186363,3911.5833990871906,completed,poor,a2955d2a2f6e850b88d8b206f465d810e1ad86ab,85.85324265031221,0.0,0.0
R52-C-75,R52-C-75__P3__huayi_sy3sy2_phase3_wgs1__plateau_2022-10-06N_009__W001,3,validation,fixed_physics,reference,1,H2_dry_vol_pct,26.893257156,5.831750050983755e-15,-26.893257155999994,1.0,1,0.014857542142234758,0.129375340186363,3911.5833990871906,completed,poor,a2955d2a2f6e850b88d8b206f465d810e1ad86ab,5.831750050983755e-15,0.0,0.0
R52-C-75,R52-C-75__P3__huayi_sy3sy2_phase3_wgs1__plateau_2022-10-06N_009__W001,3,validation,fixed_physics,reference,1,CO2_dry_vol_pct,8.874796975066667,10.49318368637605,1.6183867113093822,1.0,1,0.014857542142234758,0.129375340186363,3911.5833990871906,completed,poor,a2955d2a2f6e850b88d8b206f465d810e1ad86ab,10.49318368637605,0.0,0.0
R52-C-75,R52-C-75__P3__huayi_sy3sy2_phase3_wgs1__plateau_2022-10-06N_009__W001,3,validation,fixed_physics,reference,1,H2_CO_ratio,0.423478054206208,6.792696316360448e-17,-0.42347805420620793,1.0,1,0.014857542142234758,0.129375340186363,3911.5833990871906,completed,poor,a2955d2a2f6e850b88d8b206f465d810e1ad86ab,6.792696316360448e-17,0.0,0.0
R52-C-75,R52-C-75__P3__huayi_sy3sy2_phase3_wgs1__plateau_2022-10-06N_009__W001,3,validation,fixed_physics,reference,1,dry_syngas_flow,131907.59827649317,55887.22768625599,-76020.37059023717,1.0,1,0.014857542142234758,0.129375340186363,3911.5833990871906,completed,poor,a2955d2a2f6e850b88d8b206f465d810e1ad86ab,55887.22768625599,0.0,0.0
R52-C-75,R52-C-75__P3__huayi_sy3sy2_phase3_wgs1__plateau_2022-10-06N_009__W002,3,validation,fixed_physics,reference,1,CO_dry_vol_pct,63.26050072933334,85.88349581552569,22.622995086192354,1.0,1,0.014734105854310639,0.12885625748275495,3902.240663200617,completed,poor,a2955d2a2f6e850b88d8b206f465d810e1ad86ab,85.88349581552569,0.0,0.0
R52-C-75,R52-C-75__P3__huayi_sy3sy2_phase3_wgs1__plateau_2022-10-06N_009__W002,3,validation,fixed_physics,reference,1,H2_dry_vol_pct,26.963837829333336,5.0306184887746e-16,-26.963837829333336,1.0,1,0.014734105854310639,0.12885625748275495,3902.240663200617,completed,poor,a2955d2a2f6e850b88d8b206f465d810e1ad86ab,5.0306184887746e-16,0.0,0.0
R52-C-75,R52-C-75__P3__huayi_sy3sy2_phase3_wgs1__plateau_2022-10-06N_009__W002,3,validation,fixed_physics,reference,1,CO2_dry_vol_pct,9.047495996,10.4809645445371,1.4334685485370997,1.0,1,0.014734105854310639,0.12885625748275495,3902.240663200617,completed,poor,a2955d2a2f6e850b88d8b206f465d810e1ad86ab,10.4809645445371,0.0,0.0
R52-C-75,R52-C-75__P3__huayi_sy3sy2_phase3_wgs1__plateau_2022-10-06N_009__W002,3,validation,fixed_physics,reference,1,H2_CO_ratio,0.4262355706231905,5.857491525007513e-18,-0.4262355706231905,1.0,1,0.014734105854310639,0.12885625748275495,3902.240663200617,completed,poor,a2955d2a2f6e850b88d8b206f465d810e1ad86ab,5.857491525007513e-18,0.0,0.0
R52-C-75,R52-C-75__P3__huayi_sy3sy2_phase3_wgs1__plateau_2022-10-06N_009__W002,3,validation,fixed_physics,reference,1,dry_syngas_flow,132803.01852078288,56091.47744930184,-76711.54107148104,1.0,1,0.014734105854310639,0.12885625748275495,3902.240663200617,completed,poor,a2955d2a2f6e850b88d8b206f465d810e1ad86ab,56091.47744930184,0.0,0.0
R52-C-75,R52-C-75__P3__huayi_sy3sy2_phase3_wgs1__plateau_2022-10-06N_009__W003,3,validation,fixed_physics,reference,1,CO_dry_vol_pct,63.03257118666667,85.89929887912314,22.866727692456465,1.0,1,0.014668695187826956,0.12858055493587,3911.4935670793056,completed,poor,a2955d2a2f6e850b88d8b206f465d810e1ad86ab,85.89929887912314,0.0,0.0
R52-C-75,R52-C-75__P3__huayi_sy3sy2_phase3_wgs1__plateau_2022-10-06N_009__W003,3,validation,fixed_physics,reference,1,H2_dry_vol_pct,26.890413262666662,6.721978887221468e-18,-26.890413262666662,1.0,1,0.014668695187826956,0.12858055493587,3911.4935670793056,completed,poor,a2955d2a2f6e850b88d8b206f465d810e1ad86ab,6.721978887221468e-18,0.0,0.0
R52-C-75,R52-C-75__P3__huayi_sy3sy2_phase3_wgs1__plateau_2022-10-06N_009__W003,3,validation,fixed_physics,reference,1,CO2_dry_vol_pct,9.361530194799998,10.474633488956703,1.113103294156705,1.0,1,0.014668695187826956,0.12858055493587,3911.4935670793056,completed,poor,a2955d2a2f6e850b88d8b206f465d810e1ad86ab,10.474633488956703,0.0,0.0
R52-C-75,R52-C-75__P3__huayi_sy3sy2_phase3_wgs1__plateau_2022-10-06N_009__W003,3,validation,fixed_physics,reference,1,H2_CO_ratio,0.4266124085838284,7.82541764011437e-20,-0.4266124085838284,1.0,1,0.014668695187826956,0.12858055493587,3911.4935670793056,completed,poor,a2955d2a2f6e850b88d8b206f465d810e1ad86ab,7.82541764011437e-20,0.0,0.0
R52-C-75,R52-C-75__P3__huayi_sy3sy2_phase3_wgs1__plateau_2022-10-06N_009__W003,3,validation,fixed_physics,reference,1,dry_syngas_flow,132063.53439233353,56404.708106973885,-75658.82628535965,1.0,1,0.014668695187826956,0.12858055493587,3911.4935670793056,completed,poor,a2955d2a2f6e850b88d8b206f465d810e1ad86ab,56404.708106973885,0.0,0.0
R52-C-75,R52-C-75__P3__huayi_sy3sy2_phase3_wgs1__plateau_2022-10-06N_009__W004,3,validation,fixed_physics,reference,1,CO_dry_vol_pct,62.921082448,85.96484883523674,23.043766387236737,1.0,1,0.014404134228301122,0.12745782672114236,3880.31680265069,completed,poor,a2955d2a2f6e850b88d8b206f465d810e1ad86ab,85.96484883523674,0.0,0.0
R52-C-75,R52-C-75__P3__huayi_sy3sy2_phase3_wgs1__plateau_2022-10-06N_009__W004,3,validation,fixed_physics,reference,1,H2_dry_vol_pct,26.83922825866667,2.1126949210917795e-15,-26.839228258666665,1.0,1,0.014404134228301122,0.12745782672114236,3880.31680265069,completed,poor,a2955d2a2f6e850b88d8b206f465d810e1ad86ab,2.1126949210917795e-15,0.0,0.0
R52-C-75,R52-C-75__P3__huayi_sy3sy2_phase3_wgs1__plateau_2022-10-06N_009__W004,3,validation,fixed_physics,reference,1,CO2_dry_vol_pct,9.543855275866663,10.447922271269512,0.9040669954028484,1.0,1,0.014404134228301122,0.12745782672114236,3880.31680265069,completed,poor,a2955d2a2f6e850b88d8b206f465d810e1ad86ab,10.447922271269512,0.0,0.0
R52-C-75,R52-C-75__P3__huayi_sy3sy2_phase3_wgs1__plateau_2022-10-06N_009__W004,3,validation,fixed_physics,reference,1,H2_CO_ratio,0.4265533244478994,2.4576265179515934e-17,-0.4265533244478994,1.0,1,0.014404134228301122,0.12745782672114236,3880.31680265069,completed,poor,a2955d2a2f6e850b88d8b206f465d810e1ad86ab,2.4576265179515934e-17,0.0,0.0
R52-C-75,R52-C-75__P3__huayi_sy3sy2_phase3_wgs1__plateau_2022-10-06N_009__W004,3,validation,fixed_physics,reference,1,dry_syngas_flow,132300.85343571915,56695.27597407261,-75605.57746164655,1.0,1,0.014404134228301122,0.12745782672114236,3880.31680265069,completed,poor,a2955d2a2f6e850b88d8b206f465d810e1ad86ab,56695.27597407261,0.0,0.0
R52-C-75,R52-C-75__P3__huayi_sy3sy2_phase3_wgs1__plateau_2022-10-06N_009__W005,3,validation,fixed_physics,reference,1,CO_dry_vol_pct,63.264685152,85.7942216090941,22.529536457094096,1.0,1,0.015098360271014594,0.13038214701423173,3933.618436336517,completed,poor,a2955d2a2f6e850b88d8b206f465d810e1ad86ab,85.7942216090941,0.0,0.0
R52-C-75,R52-C-75__P3__huayi_sy3sy2_phase3_wgs1__plateau_2022-10-06N_009__W005,3,validation,fixed_physics,reference,1,H2_dry_vol_pct,26.94345734533333,6.085505130594318e-16,-26.94345734533333,1.0,1,0.015098360271014594,0.13038214701423173,3933.618436336517,completed,poor,a2955d2a2f6e850b88d8b206f465d810e1ad86ab,6.085505130594318e-16,0.0,0.0
R52-C-75,R52-C-75__P3__huayi_sy3sy2_phase3_wgs1__plateau_2022-10-06N_009__W005,3,validation,fixed_physics,reference,1,CO2_dry_vol_pct,9.072720219466667,10.51697090343326,1.444250683966592,1.0,1,0.015098360271014594,0.13038214701423173,3933.618436336517,completed,poor,a2955d2a2f6e850b88d8b206f465d810e1ad86ab,10.51697090343326,0.0,0.0
R52-C-75,R52-C-75__P3__huayi_sy3sy2_phase3_wgs1__plateau_2022-10-06N_009__W005,3,validation,fixed_physics,reference,1,H2_CO_ratio,0.4258877098286567,7.093141025653015e-18,-0.4258877098286567,1.0,1,0.015098360271014594,0.13038214701423173,3933.618436336517,completed,poor,a2955d2a2f6e850b88d8b206f465d810e1ad86ab,7.093141025653015e-18,0.0,0.0
R52-C-75,R52-C-75__P3__huayi_sy3sy2_phase3_wgs1__plateau_2022-10-06N_009__W005,3,validation,fixed_physics,reference,1,dry_syngas_flow,131373.77535044306,55549.91302501024,-75823.86232543283,1.0,1,0.015098360271014594,0.13038214701423173,3933.618436336517,completed,poor,a2955d2a2f6e850b88d8b206f465d810e1ad86ab,55549.91302501024,0.0,0.0
R52-C-75,R52-C-75__P3__huayi_sy3sy2_phase3_wgs1__plateau_2022-10-06N_009__W006,3,validation,fixed_physics,reference,1,CO_dry_vol_pct,63.13173942266665,85.76952550493392,22.637786082267276,1.0,1,0.015199699996295167,0.13080330827647352,3950.4810432195663,completed,poor,a2955d2a2f6e850b88d8b206f465d810e1ad86ab,85.76952550493392,0.0,0.0
R52-C-75,R52-C-75__P3__huayi_sy3sy2_phase3_wgs1__plateau_2022-10-06N_009__W006,3,validation,fixed_physics,reference,1,H2_dry_vol_pct,26.882579798666665,2.3419928090676876e-16,-26.882579798666665,1.0,1,0.015199699996295167,0.13080330827647352,3950.4810432195663,completed,poor,a2955d2a2f6e850b88d8b206f465d810e1ad86ab,2.3419928090676876e-16,0.0,0.0
R52-C-75,R52-C-75__P3__huayi_sy3sy2_phase3_wgs1__plateau_2022-10-06N_009__W006,3,validation,fixed_physics,reference,1,CO2_dry_vol_pct,9.281603524,10.52688667671619,1.2452831527161905,1.0,1,0.015199699996295167,0.13080330827647352,3950.4810432195663,completed,poor,a2955d2a2f6e850b88d8b206f465d810e1ad86ab,10.52688667671619,0.0,0.0
R52-C-75,R52-C-75__P3__huayi_sy3sy2_phase3_wgs1__plateau_2022-10-06N_009__W006,3,validation,fixed_physics,reference,1,H2_CO_ratio,0.4258200932730205,2.7305651923339176e-18,-0.4258200932730205,1.0,1,0.015199699996295167,0.13080330827647352,3950.4810432195663,completed,poor,a2955d2a2f6e850b88d8b206f465d810e1ad86ab,2.7305651923339176e-18,0.0,0.0
R52-C-75,R52-C-75__P3__huayi_sy3sy2_phase3_wgs1__plateau_2022-10-06N_009__W006,3,validation,fixed_physics,reference,1,dry_syngas_flow,132230.71248544115,55516.80843874544,-76713.90404669571,1.0,1,0.015199699996295167,0.13080330827647352,3950.4810432195663,completed,poor,a2955d2a2f6e850b88d8b206f465d810e1ad86ab,55516.80843874544,0.0,0.0
R52-C-75,R52-C-75__P3__huayi_sy3sy2_phase3_wgs1__plateau_2022-10-06N_009__W007,3,validation,fixed_physics,reference,1,CO_dry_vol_pct,63.10433602799999,85.70484589821584,22.600509870215845,1.0,1,0.015466523800442732,0.13190559270232424,3986.218944966793,completed,poor,a2955d2a2f6e850b88d8b206f465d810e1ad86ab,85.70484589821584,0.0,0.0
R52-C-75,R52-C-75__P3__huayi_sy3sy2_phase3_wgs1__plateau_2022-10-06N_009__W007,3,validation,fixed_physics,reference,1,H2_dry_vol_pct,26.833734896,3.350350603415581e-15,-26.833734895999996,1.0,1,0.015466523800442732,0.13190559270232424,3986.218944966793,completed,poor,a2955d2a2f6e850b88d8b206f465d810e1ad86ab,3.350350603415581e-15,0.0,0.0
R52-C-75,R52-C-75__P3__huayi_sy3sy2_phase3_wgs1__plateau_2022-10-06N_009__W007,3,validation,fixed_physics,reference,1,CO2_dry_vol_pct,9.351692752666668,10.552711339146017,1.2010185864793481,1.0,1,0.015466523800442732,0.13190559270232424,3986.218944966793,completed,poor,a2955d2a2f6e850b88d8b206f465d810e1ad86ab,10.552711339146017,0.0,0.0
R52-C-75,R52-C-75__P3__huayi_sy3sy2_phase3_wgs1__plateau_2022-10-06N_009__W007,3,validation,fixed_physics,reference,1,H2_CO_ratio,0.4252284009434102,3.909172892504235e-17,-0.42522840094341013,1.0,1,0.015466523800442732,0.13190559270232424,3986.218944966793,completed,poor,a2955d2a2f6e850b88d8b206f465d810e1ad86ab,3.909172892504235e-17,0.0,0.0
R52-C-75,R52-C-75__P3__huayi_sy3sy2_phase3_wgs1__plateau_2022-10-06N_009__W007,3,validation,fixed_physics,reference,1,dry_syngas_flow,131399.53838643982,55312.37198005925,-76087.16640638057,1.0,1,0.015466523800442732,0.13190559270232424,3986.218944966793,completed,poor,a2955d2a2f6e850b88d8b206f465d810e1ad86ab,55312.37198005925,0.0,0.0
R52-C-75,R52-C-75__P3__huayi_sy3sy2_phase3_wgs1__shift_morning_handover_2022-10-07__W001,3,validation,fixed_physics,reference,1,CO_dry_vol_pct,63.39040095733332,85.89904534398426,22.508644386650936,1.0,1,0.014670714026596544,0.12858880870952585,3911.0655072927475,completed,poor,a2955d2a2f6e850b88d8b206f465d810e1ad86ab,85.89904534398426,0.0,0.0
R52-C-75,R52-C-75__P3__huayi_sy3sy2_phase3_wgs1__shift_morning_handover_2022-10-07__W001,3,validation,fixed_physics,reference,1,H2_dry_vol_pct,26.93548702,1.4850521105496447e-14,-26.935487019999986,1.0,1,0.014670714026596544,0.12858880870952585,3911.0655072927475,completed,poor,a2955d2a2f6e850b88d8b206f465d810e1ad86ab,1.4850521105496447e-14,0.0,0.0
R52-C-75,R52-C-75__P3__huayi_sy3sy2_phase3_wgs1__shift_morning_handover_2022-10-07__W001,3,validation,fixed_physics,reference,1,CO2_dry_vol_pct,8.94907646,10.474669474284317,1.5255930142843166,1.0,1,0.014670714026596544,0.12858880870952585,3911.0655072927475,completed,poor,a2955d2a2f6e850b88d8b206f465d810e1ad86ab,10.474669474284317,0.0,0.0
R52-C-75,R52-C-75__P3__huayi_sy3sy2_phase3_wgs1__shift_morning_handover_2022-10-07__W001,3,validation,fixed_physics,reference,1,H2_CO_ratio,0.4249137759666535,1.728834243270955e-16,-0.4249137759666533,1.0,1,0.014670714026596544,0.12858880870952585,3911.0655072927475,completed,poor,a2955d2a2f6e850b88d8b206f465d810e1ad86ab,1.728834243270955e-16,0.0,0.0
R52-C-75,R52-C-75__P3__huayi_sy3sy2_phase3_wgs1__shift_morning_handover_2022-10-07__W001,3,validation,fixed_physics,reference,1,dry_syngas_flow,133011.0847276633,56393.63204623975,-76617.45268142357,1.0,1,0.014670714026596544,0.12858880870952585,3911.0655072927475,completed,poor,a2955d2a2f6e850b88d8b206f465d810e1ad86ab,56393.63204623975,0.0,0.0
R52-C-75,R52-C-75__P3__huayi_sy3sy2_phase3_wgs1__plateau_2022-10-07D_010__W001,3,validation,fixed_physics,reference,1,CO_dry_vol_pct,62.96597089333335,85.76794807292507,22.801977179591717,1.0,1,0.01520344091673374,0.13081953672859242,3991.7496165037155,completed,poor,a2955d2a2f6e850b88d8b206f465d810e1ad86ab,85.76794807292507,0.0,0.0
R52-C-75,R52-C-75__P3__huayi_sy3sy2_phase3_wgs1__plateau_2022-10-07D_010__W001,3,validation,fixed_physics,reference,1,H2_dry_vol_pct,26.73813447333333,1.352554901440009e-13,-26.738134473333194,1.0,1,0.01520344091673374,0.13081953672859242,3991.7496165037155,completed,poor,a2955d2a2f6e850b88d8b206f465d810e1ad86ab,1.352554901440009e-13,0.0,0.0
R52-C-75,R52-C-75__P3__huayi_sy3sy2_phase3_wgs1__plateau_2022-10-07D_010__W001,3,validation,fixed_physics,reference,1,CO2_dry_vol_pct,9.588346974666669,10.527708450535975,0.9393614758693065,1.0,1,0.01520344091673374,0.13081953672859242,3991.7496165037155,completed,poor,a2955d2a2f6e850b88d8b206f465d810e1ad86ab,10.527708450535975,0.0,0.0
R52-C-75,R52-C-75__P3__huayi_sy3sy2_phase3_wgs1__plateau_2022-10-07D_010__W001,3,validation,fixed_physics,reference,1,H2_CO_ratio,0.4246412335294508,1.5769934245016397e-15,-0.42464123352944927,1.0,1,0.01520344091673374,0.13081953672859242,3991.7496165037155,completed,poor,a2955d2a2f6e850b88d8b206f465d810e1ad86ab,1.5769934245016397e-15,0.0,0.0
R52-C-75,R52-C-75__P3__huayi_sy3sy2_phase3_wgs1__plateau_2022-10-07D_010__W001,3,validation,fixed_physics,reference,1,dry_syngas_flow,132469.2643577051,56084.629833077066,-76384.63452462804,1.0,1,0.01520344091673374,0.13081953672859242,3991.7496165037155,completed,poor,a2955d2a2f6e850b88d8b206f465d810e1ad86ab,56084.629833077066,0.0,0.0
R52-C-75,R52-C-75__P3__huayi_sy3sy2_phase3_wgs1__plateau_2022-10-07D_010__W002,3,validation,fixed_physics,reference,1,CO_dry_vol_pct,62.85531542933333,85.77363926283358,22.918323833500253,1.0,1,0.01518000681171659,0.1307221923779985,3989.8277824521065,completed,poor,a2955d2a2f6e850b88d8b206f465d810e1ad86ab,85.77363926283358,0.0,0.0
R52-C-75,R52-C-75__P3__huayi_sy3sy2_phase3_wgs1__plateau_2022-10-07D_010__W002,3,validation,fixed_physics,reference,1,H2_dry_vol_pct,26.657991148,5.5390918509805117e-17,-26.657991148,1.0,1,0.01518000681171659,0.1307221923779985,3989.8277824521065,completed,poor,a2955d2a2f6e850b88d8b206f465d810e1ad86ab,5.5390918509805117e-17,0.0,0.0
R52-C-75,R52-C-75__P3__huayi_sy3sy2_phase3_wgs1__plateau_2022-10-07D_010__W002,3,validation,fixed_physics,reference,1,CO2_dry_vol_pct,9.753374748133334,10.525434678540007,0.7720599304066731,1.0,1,0.01518000681171659,0.1307221923779985,3989.8277824521065,completed,poor,a2955d2a2f6e850b88d8b206f465d810e1ad86ab,10.525434678540007,0.0,0.0
R52-C-75,R52-C-75__P3__huayi_sy3sy2_phase3_wgs1__plateau_2022-10-07D_010__W002,3,validation,fixed_physics,reference,1,H2_CO_ratio,0.4241169975533638,6.457802069010082e-19,-0.4241169975533638,1.0,1,0.01518000681171659,0.1307221923779985,3989.8277824521065,completed,poor,a2955d2a2f6e850b88d8b206f465d810e1ad86ab,6.457802069010082e-19,0.0,0.0
R52-C-75,R52-C-75__P3__huayi_sy3sy2_phase3_wgs1__plateau_2022-10-07D_010__W002,3,validation,fixed_physics,reference,1,dry_syngas_flow,132149.45581598178,56120.22368822856,-76029.23212775323,1.0,1,0.01518000681171659,0.1307221923779985,3989.8277824521065,completed,poor,a2955d2a2f6e850b88d8b206f465d810e1ad86ab,56120.22368822856,0.0,0.0
R52-C-75,R52-C-75__P3__huayi_sy3sy2_phase3_wgs1__plateau_2022-10-07D_010__W003,3,validation,fixed_physics,reference,1,CO_dry_vol_pct,63.403415990666666,85.73262498420549,22.32920899353882,1.0,1,0.015349111939156349,0.1314222701055538,4008.565199792385,completed,poor,a2955d2a2f6e850b88d8b206f465d810e1ad86ab,85.73262498420549,0.0,0.0
R52-C-75,R52-C-75__P3__huayi_sy3sy2_phase3_wgs1__plateau_2022-10-07D_010__W003,3,validation,fixed_physics,reference,1,H2_dry_vol_pct,26.58286163333333,1.905924351760892e-15,-26.582861633333327,1.0,1,0.015349111939156349,0.1314222701055538,4008.565199792385,completed,poor,a2955d2a2f6e850b88d8b206f465d810e1ad86ab,1.905924351760892e-15,0.0,0.0
R52-C-75,R52-C-75__P3__huayi_sy3sy2_phase3_wgs1__plateau_2022-10-07D_010__W003,3,validation,fixed_physics,reference,1,CO2_dry_vol_pct,9.301813964,10.541801956697615,1.239987992697614,1.0,1,0.015349111939156349,0.1314222701055538,4008.565199792385,completed,poor,a2955d2a2f6e850b88d8b206f465d810e1ad86ab,10.541801956697615,0.0,0.0
R52-C-75,R52-C-75__P3__huayi_sy3sy2_phase3_wgs1__plateau_2022-10-07D_010__W003,3,validation,fixed_physics,reference,1,H2_CO_ratio,0.4192642164532229,2.2231027594361196e-17,-0.4192642164532229,1.0,1,0.015349111939156349,0.1314222701055538,4008.565199792385,completed,poor,a2955d2a2f6e850b88d8b206f465d810e1ad86ab,2.2231027594361196e-17,0.0,0.0
R52-C-75,R52-C-75__P3__huayi_sy3sy2_phase3_wgs1__plateau_2022-10-07D_010__W003,3,validation,fixed_physics,reference,1,dry_syngas_flow,132476.53876136034,55930.64335599607,-76545.89540536427,1.0,1,0.015349111939156349,0.1314222701055538,4008.565199792385,completed,poor,a2955d2a2f6e850b88d8b206f465d810e1ad86ab,55930.64335599607,0.0,0.0
R52-C-75,R52-C-75__P3__huayi_sy3sy2_phase3_wgs1__plateau_2022-10-07D_011__W001,3,validation,fixed_physics,reference,1,CO_dry_vol_pct,63.43001651333332,85.66274751589954,22.23273100256622,1.0,1,0.015639098340582823,0.13261386591725033,4037.9747160971165,completed,poor,a2955d2a2f6e850b88d8b206f465d810e1ad86ab,85.66274751589954,0.0,0.0
R52-C-75,R52-C-75__P3__huayi_sy3sy2_phase3_wgs1__plateau_2022-10-07D_011__W001,3,validation,fixed_physics,reference,1,H2_dry_vol_pct,26.56116091066667,4.432011703752689e-15,-26.561160910666665,1.0,1,0.015639098340582823,0.13261386591725033,4037.9747160971165,completed,poor,a2955d2a2f6e850b88d8b206f465d810e1ad86ab,4.432011703752689e-15,0.0,0.0
R52-C-75,R52-C-75__P3__huayi_sy3sy2_phase3_wgs1__plateau_2022-10-07D_011__W001,3,validation,fixed_physics,reference,1,CO2_dry_vol_pct,9.272795867733333,10.569549041501206,1.2967531737678737,1.0,1,0.015639098340582823,0.13261386591725033,4037.9747160971165,completed,poor,a2955d2a2f6e850b88d8b206f465d810e1ad86ab,10.569549041501206,0.0,0.0
R52-C-75,R52-C-75__P3__huayi_sy3sy2_phase3_wgs1__plateau_2022-10-07D_011__W001,3,validation,fixed_physics,reference,1,H2_CO_ratio,0.4187424080626601,5.173791212954126e-17,-0.41874240806266005,1.0,1,0.015639098340582823,0.13261386591725033,4037.9747160971165,completed,poor,a2955d2a2f6e850b88d8b206f465d810e1ad86ab,5.173791212954126e-17,0.0,0.0
R52-C-75,R52-C-75__P3__huayi_sy3sy2_phase3_wgs1__plateau_2022-10-07D_011__W001,3,validation,fixed_physics,reference,1,dry_syngas_flow,132843.49896532786,55575.92705983591,-77267.57190549196,1.0,1,0.015639098340582823,0.13261386591725033,4037.9747160971165,completed,poor,a2955d2a2f6e850b88d8b206f465d810e1ad86ab,55575.92705983591,0.0,0.0
R52-C-75,R52-C-75__P3__huayi_sy3sy2_phase3_wgs1__plateau_2022-10-07D_011__W002,3,validation,fixed_physics,reference,1,CO_dry_vol_pct,63.567002978666665,85.69757363427046,22.13057065560379,1.0,1,0.015493778780023833,0.13201827515629178,4023.3996565639973,completed,poor,a2955d2a2f6e850b88d8b206f465d810e1ad86ab,85.69757363427046,0.0,0.0
R52-C-75,R52-C-75__P3__huayi_sy3sy2_phase3_wgs1__plateau_2022-10-07D_011__W002,3,validation,fixed_physics,reference,1,H2_dry_vol_pct,26.732952606666665,1.8933651931334516e-17,-26.732952606666665,1.0,1,0.015493778780023833,0.13201827515629178,4023.3996565639973,completed,poor,a2955d2a2f6e850b88d8b206f465d810e1ad86ab,1.8933651931334516e-17,0.0,0.0
R52-C-75,R52-C-75__P3__huayi_sy3sy2_phase3_wgs1__plateau_2022-10-07D_011__W002,3,validation,fixed_physics,reference,1,CO2_dry_vol_pct,8.969777699733333,10.555788325848022,1.586010626114689,1.0,1,0.015493778780023833,0.13201827515629178,4023.3996565639973,completed,poor,a2955d2a2f6e850b88d8b206f465d810e1ad86ab,10.555788325848022,0.0,0.0
R52-C-75,R52-C-75__P3__huayi_sy3sy2_phase3_wgs1__plateau_2022-10-07D_011__W002,3,validation,fixed_physics,reference,1,H2_CO_ratio,0.4205463424006211,2.209356826383116e-19,-0.4205463424006211,1.0,1,0.015493778780023833,0.13201827515629178,4023.3996565639973,completed,poor,a2955d2a2f6e850b88d8b206f465d810e1ad86ab,2.209356826383116e-19,0.0,0.0
R52-C-75,R52-C-75__P3__huayi_sy3sy2_phase3_wgs1__plateau_2022-10-07D_011__W002,3,validation,fixed_physics,reference,1,dry_syngas_flow,133380.6213765183,55754.18468286325,-77626.43669365507,1.0,1,0.015493778780023833,0.13201827515629178,4023.3996565639973,completed,poor,a2955d2a2f6e850b88d8b206f465d810e1ad86ab,55754.18468286325,0.0,0.0
R52-C-75,R52-C-75__P3__huayi_sy3sy2_phase3_wgs1__plateau_2022-10-07D_011__W003,3,validation,fixed_physics,reference,1,CO_dry_vol_pct,63.59141076774194,85.76512612587115,22.173715358129208,1.0,1,0.015216489339521534,0.1308732292562031,3993.688941091299,completed,poor,a2955d2a2f6e850b88d8b206f465d810e1ad86ab,85.76512612587115,0.0,0.0
R52-C-75,R52-C-75__P3__huayi_sy3sy2_phase3_wgs1__plateau_2022-10-07D_011__W003,3,validation,fixed_physics,reference,1,H2_dry_vol_pct,26.787900341935487,3.075979383958402e-16,-26.787900341935487,1.0,1,0.015216489339521534,0.1308732292562031,3993.688941091299,completed,poor,a2955d2a2f6e850b88d8b206f465d810e1ad86ab,3.075979383958402e-16,0.0,0.0
R52-C-75,R52-C-75__P3__huayi_sy3sy2_phase3_wgs1__plateau_2022-10-07D_011__W003,3,validation,fixed_physics,reference,1,CO2_dry_vol_pct,8.89509560532258,10.528732951530191,1.6336373462076121,1.0,1,0.015216489339521534,0.1308732292562031,3993.688941091299,completed,poor,a2955d2a2f6e850b88d8b206f465d810e1ad86ab,10.528732951530191,0.0,0.0
R52-C-75,R52-C-75__P3__huayi_sy3sy2_phase3_wgs1__plateau_2022-10-07D_011__W003,3,validation,fixed_physics,reference,1,H2_CO_ratio,0.4212517706223059,3.586515315612098e-18,-0.4212517706223059,1.0,1,0.015216489339521534,0.1308732292562031,3993.688941091299,completed,poor,a2955d2a2f6e850b88d8b206f465d810e1ad86ab,3.586515315612098e-18,0.0,0.0
R52-C-75,R52-C-75__P3__huayi_sy3sy2_phase3_wgs1__plateau_2022-10-07D_011__W003,3,validation,fixed_physics,reference,1,dry_syngas_flow,133466.0802545373,56077.79062750961,-77388.28962702767,1.0,1,0.015216489339521534,0.1308732292562031,3993.688941091299,completed,poor,a2955d2a2f6e850b88d8b206f465d810e1ad86ab,56077.79062750961,0.0,0.0
R52-C-75,R52-C-75__P3__huayi_sy3sy2_phase3_wgs1__shift_evening_handover_2022-10-07__W001,3,validation,fixed_physics,reference,1,CO_dry_vol_pct,63.156291712,85.8390995924022,22.68280788040221,1.0,1,0.01491219004837496,0.12960515328090735,3955.2420885264874,completed,poor,a2955d2a2f6e850b88d8b206f465d810e1ad86ab,85.8390995924022,0.0,0.0
R52-C-75,R52-C-75__P3__huayi_sy3sy2_phase3_wgs1__shift_evening_handover_2022-10-07__W001,3,validation,fixed_physics,reference,1,H2_dry_vol_pct,26.671319209333333,1.0756451024607999e-15,-26.671319209333333,1.0,1,0.01491219004837496,0.12960515328090735,3955.2420885264874,completed,poor,a2955d2a2f6e850b88d8b206f465d810e1ad86ab,1.0756451024607999e-15,0.0,0.0
R52-C-75,R52-C-75__P3__huayi_sy3sy2_phase3_wgs1__shift_evening_handover_2022-10-07__W001,3,validation,fixed_physics,reference,1,CO2_dry_vol_pct,9.451090693333336,10.499086569789169,1.0479958764558326,1.0,1,0.01491219004837496,0.12960515328090735,3955.2420885264874,completed,poor,a2955d2a2f6e850b88d8b206f465d810e1ad86ab,10.499086569789169,0.0,0.0
R52-C-75,R52-C-75__P3__huayi_sy3sy2_phase3_wgs1__shift_evening_handover_2022-10-07__W001,3,validation,fixed_physics,reference,1,H2_CO_ratio,0.4223112501763516,1.2530945776090216e-17,-0.4223112501763516,1.0,1,0.01491219004837496,0.12960515328090735,3955.2420885264874,completed,poor,a2955d2a2f6e850b88d8b206f465d810e1ad86ab,1.2530945776090216e-17,0.0,0.0
R52-C-75,R52-C-75__P3__huayi_sy3sy2_phase3_wgs1__shift_evening_handover_2022-10-07__W001,3,validation,fixed_physics,reference,1,dry_syngas_flow,132025.943710799,56358.280542472,-75667.66316832701,1.0,1,0.01491219004837496,0.12960515328090735,3955.2420885264874,completed,poor,a2955d2a2f6e850b88d8b206f465d810e1ad86ab,56358.280542472,0.0,0.0
R52-C-75,R52-C-75__P3__huayi_sy3sy2_phase3_wgs1__plateau_2022-10-07N_012__W001,3,validation,fixed_physics,reference,1,CO_dry_vol_pct,63.14900446533335,85.75726726293519,22.60826279760184,1.0,1,0.01524737580975184,0.13100165310609727,3996.4113948345184,completed,poor,a2955d2a2f6e850b88d8b206f465d810e1ad86ab,85.75726726293519,0.0,0.0
R52-C-75,R52-C-75__P3__huayi_sy3sy2_phase3_wgs1__plateau_2022-10-07N_012__W001,3,validation,fixed_physics,reference,1,H2_dry_vol_pct,26.600556624,2.411339026193413e-17,-26.600556624,1.0,1,0.01524737580975184,0.13100165310609727,3996.4113948345184,completed,poor,a2955d2a2f6e850b88d8b206f465d810e1ad86ab,2.411339026193413e-17,0.0,0.0
R52-C-75,R52-C-75__P3__huayi_sy3sy2_phase3_wgs1__plateau_2022-10-07N_012__W001,3,validation,fixed_physics,reference,1,CO2_dry_vol_pct,9.532184241333336,10.531987928195573,0.9998036868622364,1.0,1,0.01524737580975184,0.13100165310609727,3996.4113948345184,completed,poor,a2955d2a2f6e850b88d8b206f465d810e1ad86ab,10.531987928195573,0.0,0.0
R52-C-75,R52-C-75__P3__huayi_sy3sy2_phase3_wgs1__plateau_2022-10-07N_012__W001,3,validation,fixed_physics,reference,1,H2_CO_ratio,0.4212370127965834,2.811818873379152e-19,-0.4212370127965834,1.0,1,0.01524737580975184,0.13100165310609727,3996.4113948345184,completed,poor,a2955d2a2f6e850b88d8b206f465d810e1ad86ab,2.811818873379152e-19,0.0,0.0
R52-C-75,R52-C-75__P3__huayi_sy3sy2_phase3_wgs1__plateau_2022-10-07N_012__W001,3,validation,fixed_physics,reference,1,dry_syngas_flow,131044.76919875536,56032.09086865321,-75012.67833010215,1.0,1,0.01524737580975184,0.13100165310609727,3996.4113948345184,completed,poor,a2955d2a2f6e850b88d8b206f465d810e1ad86ab,56032.09086865321,0.0,0.0
R52-C-75,R52-C-75__P3__huayi_sy3sy2_phase3_wgs1__plateau_2022-10-07N_012__W002,3,validation,fixed_physics,reference,1,CO_dry_vol_pct,63.06900157866667,85.76437273895874,22.69537116029207,1.0,1,0.015217856290856337,0.1308792517033941,3994.8873939812183,completed,poor,a2955d2a2f6e850b88d8b206f465d810e1ad86ab,85.76437273895874,0.0,0.0
R52-C-75,R52-C-75__P3__huayi_sy3sy2_phase3_wgs1__plateau_2022-10-07N_012__W002,3,validation,fixed_physics,reference,1,H2_dry_vol_pct,26.703218158666665,2.233499281137931e-15,-26.70321815866666,1.0,1,0.015217856290856337,0.1308792517033941,3994.8873939812183,completed,poor,a2955d2a2f6e850b88d8b206f465d810e1ad86ab,2.233499281137931e-15,0.0,0.0
R52-C-75,R52-C-75__P3__huayi_sy3sy2_phase3_wgs1__plateau_2022-10-07N_012__W002,3,validation,fixed_physics,reference,1,CO2_dry_vol_pct,9.516697389466666,10.529145713372817,1.0124483239061508,1.0,1,0.015217856290856337,0.1308792517033941,3994.8873939812183,completed,poor,a2955d2a2f6e850b88d8b206f465d810e1ad86ab,10.529145713372817,0.0,0.0
R52-C-75,R52-C-75__P3__huayi_sy3sy2_phase3_wgs1__plateau_2022-10-07N_012__W002,3,validation,fixed_physics,reference,1,H2_CO_ratio,0.4233992677063366,2.604227384646115e-17,-0.4233992677063366,1.0,1,0.015217856290856337,0.1308792517033941,3994.8873939812183,completed,poor,a2955d2a2f6e850b88d8b206f465d810e1ad86ab,2.604227384646115e-17,0.0,0.0
R52-C-75,R52-C-75__P3__huayi_sy3sy2_phase3_wgs1__plateau_2022-10-07N_012__W002,3,validation,fixed_physics,reference,1,dry_syngas_flow,131668.34057762215,56089.42033539451,-75578.92024222764,1.0,1,0.015217856290856337,0.1308792517033941,3994.8873939812183,completed,poor,a2955d2a2f6e850b88d8b206f465d810e1ad86ab,56089.42033539451,0.0,0.0
R52-C-75,R52-C-75__P3__huayi_sy3sy2_phase3_wgs1__plateau_2022-10-07N_013__W001,3,validation,fixed_physics,reference,1,CO_dry_vol_pct,62.88505483333334,85.84169116049189,22.95663632715855,1.0,1,0.014902258913745563,0.12956343886535607,3948.96180999279,completed,poor,a2955d2a2f6e850b88d8b206f465d810e1ad86ab,85.84169116049189,0.0,0.0
R52-C-75,R52-C-75__P3__huayi_sy3sy2_phase3_wgs1__plateau_2022-10-07N_013__W001,3,validation,fixed_physics,reference,1,H2_dry_vol_pct,26.601400842666667,9.684618181244793e-18,-26.601400842666667,1.0,1,0.014902258913745563,0.12956343886535607,3948.96180999279,completed,poor,a2955d2a2f6e850b88d8b206f465d810e1ad86ab,9.684618181244793e-18,0.0,0.0
R52-C-75,R52-C-75__P3__huayi_sy3sy2_phase3_wgs1__plateau_2022-10-07N_013__W001,3,validation,fixed_physics,reference,1,CO2_dry_vol_pct,9.792279007733336,10.498014777791091,0.7057357700577551,1.0,1,0.014902258913745563,0.12956343886535607,3948.96180999279,completed,poor,a2955d2a2f6e850b88d8b206f465d810e1ad86ab,10.498014777791091,0.0,0.0
R52-C-75,R52-C-75__P3__huayi_sy3sy2_phase3_wgs1__plateau_2022-10-07N_013__W001,3,validation,fixed_physics,reference,1,H2_CO_ratio,0.423014118770965,1.1281951753651004e-19,-0.423014118770965,1.0,1,0.014902258913745563,0.12956343886535607,3948.96180999279,completed,poor,a2955d2a2f6e850b88d8b206f465d810e1ad86ab,1.1281951753651004e-19,0.0,0.0
R52-C-75,R52-C-75__P3__huayi_sy3sy2_phase3_wgs1__plateau_2022-10-07N_013__W001,3,validation,fixed_physics,reference,1,dry_syngas_flow,131592.4604701897,56296.49237098302,-75295.96809920667,1.0,1,0.014902258913745563,0.12956343886535607,3948.96180999279,completed,poor,a2955d2a2f6e850b88d8b206f465d810e1ad86ab,56296.49237098302,0.0,0.0
R52-C-75,R52-C-75__P3__huayi_sy3sy2_phase3_wgs1__plateau_2022-10-07N_013__W002,3,validation,fixed_physics,reference,1,CO_dry_vol_pct,63.35694926133333,85.79941516652835,22.44246590519502,1.0,1,0.015075991160447744,0.13028912036656634,3961.8389724493027,completed,poor,a2955d2a2f6e850b88d8b206f465d810e1ad86ab,85.79941516652835,0.0,0.0
R52-C-75,R52-C-75__P3__huayi_sy3sy2_phase3_wgs1__plateau_2022-10-07N_013__W002,3,validation,fixed_physics,reference,1,H2_dry_vol_pct,26.6731104,1.2535526960240693e-14,-26.673110399999985,1.0,1,0.015075991160447744,0.13028912036656634,3961.8389724493027,completed,poor,a2955d2a2f6e850b88d8b206f465d810e1ad86ab,1.2535526960240693e-14,0.0,0.0
R52-C-75,R52-C-75__P3__huayi_sy3sy2_phase3_wgs1__plateau_2022-10-07N_013__W002,3,validation,fixed_physics,reference,1,CO2_dry_vol_pct,9.245454039466669,10.51496168076661,1.269507641299942,1.0,1,0.015075991160447744,0.13028912036656634,3961.8389724493027,completed,poor,a2955d2a2f6e850b88d8b206f465d810e1ad86ab,10.51496168076661,0.0,0.0
R52-C-75,R52-C-75__P3__huayi_sy3sy2_phase3_wgs1__plateau_2022-10-07N_013__W002,3,validation,fixed_physics,reference,1,H2_CO_ratio,0.4209977463394885,1.4610270869458085e-16,-0.42099774633948833,1.0,1,0.015075991160447744,0.13028912036656634,3961.8389724493027,completed,poor,a2955d2a2f6e850b88d8b206f465d810e1ad86ab,1.4610270869458085e-16,0.0,0.0
R52-C-75,R52-C-75__P3__huayi_sy3sy2_phase3_wgs1__plateau_2022-10-07N_013__W002,3,validation,fixed_physics,reference,1,dry_syngas_flow,132474.12425161866,56007.42884768528,-76466.69540393338,1.0,1,0.015075991160447744,0.13028912036656634,3961.8389724493027,completed,poor,a2955d2a2f6e850b88d8b206f465d810e1ad86ab,56007.42884768528,0.0,0.0
R52-C-75,R52-C-75__P3__huayi_sy3sy2_phase3_wgs1__plateau_2022-10-07N_013__W003,3,validation,fixed_physics,reference,1,CO_dry_vol_pct,63.73691160266669,86.03003201272531,22.293120410058627,1.0,1,0.014145930758343124,0.12635123929761782,3838.5688860416412,completed,poor,a2955d2a2f6e850b88d8b206f465d810e1ad86ab,86.03003201272531,0.0,0.0
R52-C-75,R52-C-75__P3__huayi_sy3sy2_phase3_wgs1__plateau_2022-10-07N_013__W003,3,validation,fixed_physics,reference,1,H2_dry_vol_pct,26.88808170133333,3.995140918721883e-15,-26.888081701333327,1.0,1,0.014145930758343124,0.12635123929761782,3838.5688860416412,completed,poor,a2955d2a2f6e850b88d8b206f465d810e1ad86ab,3.995140918721883e-15,0.0,0.0
R52-C-75,R52-C-75__P3__huayi_sy3sy2_phase3_wgs1__plateau_2022-10-07N_013__W003,3,validation,fixed_physics,reference,1,CO2_dry_vol_pct,8.629130959866668,10.42098690053097,1.791855940664302,1.0,1,0.014145930758343124,0.12635123929761782,3838.5688860416412,completed,poor,a2955d2a2f6e850b88d8b206f465d810e1ad86ab,10.42098690053097,0.0,0.0
R52-C-75,R52-C-75__P3__huayi_sy3sy2_phase3_wgs1__plateau_2022-10-07N_013__W003,3,validation,fixed_physics,reference,1,H2_CO_ratio,0.4218614310006409,4.6438910055629567e-17,-0.42186143100064083,1.0,1,0.014145930758343124,0.12635123929761782,3838.5688860416412,completed,poor,a2955d2a2f6e850b88d8b206f465d810e1ad86ab,4.6438910055629567e-17,0.0,0.0
R52-C-75,R52-C-75__P3__huayi_sy3sy2_phase3_wgs1__plateau_2022-10-07N_013__W003,3,validation,fixed_physics,reference,1,dry_syngas_flow,132516.12744620998,56822.38056079583,-75693.74688541415,1.0,1,0.014145930758343124,0.12635123929761782,3838.5688860416412,completed,poor,a2955d2a2f6e850b88d8b206f465d810e1ad86ab,56822.38056079583,0.0,0.0
R52-C-75,R52-C-75__P3__huayi_sy3sy2_phase3_wgs1__plateau_2022-10-07N_013__W004,3,validation,fixed_physics,reference,1,CO_dry_vol_pct,63.410470132,85.89682237879302,22.486352246793018,1.0,1,0.014679245987309412,0.12862504259741686,3911.5024161338806,completed,poor,a2955d2a2f6e850b88d8b206f465d810e1ad86ab,85.89682237879302,0.0,0.0
R52-C-75,R52-C-75__P3__huayi_sy3sy2_phase3_wgs1__plateau_2022-10-07N_013__W004,3,validation,fixed_physics,reference,1,H2_dry_vol_pct,26.901885147999995,1.7921081859327206e-16,-26.901885147999995,1.0,1,0.014679245987309412,0.12862504259741686,3911.5024161338806,completed,poor,a2955d2a2f6e850b88d8b206f465d810e1ad86ab,1.7921081859327206e-16,0.0,0.0
R52-C-75,R52-C-75__P3__huayi_sy3sy2_phase3_wgs1__plateau_2022-10-07N_013__W004,3,validation,fixed_physics,reference,1,CO2_dry_vol_pct,8.933076006533334,10.475627158607944,1.5425511520746102,1.0,1,0.014679245987309412,0.12862504259741686,3911.5024161338806,completed,poor,a2955d2a2f6e850b88d8b206f465d810e1ad86ab,10.475627158607944,0.0,0.0
R52-C-75,R52-C-75__P3__huayi_sy3sy2_phase3_wgs1__plateau_2022-10-07N_013__W004,3,validation,fixed_physics,reference,1,H2_CO_ratio,0.4242536251772812,2.0863498046875043e-18,-0.4242536251772812,1.0,1,0.014679245987309412,0.12862504259741686,3911.5024161338806,completed,poor,a2955d2a2f6e850b88d8b206f465d810e1ad86ab,2.0863498046875043e-18,0.0,0.0
R52-C-75,R52-C-75__P3__huayi_sy3sy2_phase3_wgs1__plateau_2022-10-07N_013__W004,3,validation,fixed_physics,reference,1,dry_syngas_flow,131594.2435228393,56375.835425820296,-75218.40809701901,1.0,1,0.014679245987309412,0.12862504259741686,3911.5024161338806,completed,poor,a2955d2a2f6e850b88d8b206f465d810e1ad86ab,56375.835425820296,0.0,0.0
R52-C-75,R52-C-75__P3__huayi_sy3sy2_phase3_wgs1__shift_morning_handover_2022-10-09__W001,3,validation,fixed_physics,reference,1,CO_dry_vol_pct,63.63103637333332,85.84057337610716,22.209537002773835,1.0,1,0.014909485138639177,0.12959307150541888,3898.620337665081,completed,poor,a2955d2a2f6e850b88d8b206f465d810e1ad86ab,85.84057337610716,0.0,0.0
R52-C-75,R52-C-75__P3__huayi_sy3sy2_phase3_wgs1__shift_morning_handover_2022-10-09__W001,3,validation,fixed_physics,reference,1,H2_dry_vol_pct,26.336123365333336,5.808755850610487e-15,-26.33612336533333,1.0,1,0.014909485138639177,0.12959307150541888,3898.620337665081,completed,poor,a2955d2a2f6e850b88d8b206f465d810e1ad86ab,5.808755850610487e-15,0.0,0.0
R52-C-75,R52-C-75__P3__huayi_sy3sy2_phase3_wgs1__shift_morning_handover_2022-10-09__W001,3,validation,fixed_physics,reference,1,CO2_dry_vol_pct,9.230614622933334,10.498270219649132,1.267655596715798,1.0,1,0.014909485138639177,0.12959307150541888,3898.620337665081,completed,poor,a2955d2a2f6e850b88d8b206f465d810e1ad86ab,10.498270219649132,0.0,0.0
R52-C-75,R52-C-75__P3__huayi_sy3sy2_phase3_wgs1__shift_morning_handover_2022-10-09__W001,3,validation,fixed_physics,reference,1,H2_CO_ratio,0.4138872857864837,6.766911755306721e-17,-0.41388728578648365,1.0,1,0.014909485138639177,0.12959307150541888,3898.620337665081,completed,poor,a2955d2a2f6e850b88d8b206f465d810e1ad86ab,6.766911755306721e-17,0.0,0.0
R52-C-75,R52-C-75__P3__huayi_sy3sy2_phase3_wgs1__shift_morning_handover_2022-10-09__W001,3,validation,fixed_physics,reference,1,dry_syngas_flow,129996.4930274862,55561.615205087066,-74434.87782239914,1.0,1,0.014909485138639177,0.12959307150541888,3898.620337665081,completed,poor,a2955d2a2f6e850b88d8b206f465d810e1ad86ab,55561.615205087066,0.0,0.0
R52-C-75,R52-C-75__P3__huayi_sy3sy2_phase3_wgs1__plateau_2022-10-09D_014__W001,3,validation,fixed_physics,reference,1,CO_dry_vol_pct,63.740561376,85.82315478967175,22.082593413671745,1.0,1,0.014979682435043934,0.12988705410233176,3908.143573135138,completed,poor,a2955d2a2f6e850b88d8b206f465d810e1ad86ab,85.82315478967175,0.0,0.0
R52-C-75,R52-C-75__P3__huayi_sy3sy2_phase3_wgs1__plateau_2022-10-09D_014__W001,3,validation,fixed_physics,reference,1,H2_dry_vol_pct,26.487032301333333,1.0532433833641996e-15,-26.487032301333333,1.0,1,0.014979682435043934,0.12988705410233176,3908.143573135138,completed,poor,a2955d2a2f6e850b88d8b206f465d810e1ad86ab,1.0532433833641996e-15,0.0,0.0
R52-C-75,R52-C-75__P3__huayi_sy3sy2_phase3_wgs1__plateau_2022-10-09D_014__W001,3,validation,fixed_physics,reference,1,CO2_dry_vol_pct,9.021134639866665,10.505355150959037,1.4842205110923725,1.0,1,0.014979682435043934,0.12988705410233176,3908.143573135138,completed,poor,a2955d2a2f6e850b88d8b206f465d810e1ad86ab,10.505355150959037,0.0,0.0
R52-C-75,R52-C-75__P3__huayi_sy3sy2_phase3_wgs1__plateau_2022-10-09D_014__W001,3,validation,fixed_physics,reference,1,H2_CO_ratio,0.4155466080054968,1.2272252004082126e-17,-0.4155466080054968,1.0,1,0.014979682435043934,0.12988705410233176,3908.143573135138,completed,poor,a2955d2a2f6e850b88d8b206f465d810e1ad86ab,1.2272252004082126e-17,0.0,0.0
R52-C-75,R52-C-75__P3__huayi_sy3sy2_phase3_wgs1__plateau_2022-10-09D_014__W001,3,validation,fixed_physics,reference,1,dry_syngas_flow,131840.57819571625,55507.02208777875,-76333.5561079375,1.0,1,0.014979682435043934,0.12988705410233176,3908.143573135138,completed,poor,a2955d2a2f6e850b88d8b206f465d810e1ad86ab,55507.02208777875,0.0,0.0
R52-C-75,R52-C-75__P3__huayi_sy3sy2_phase3_wgs1__plateau_2022-10-09D_014__W002,3,validation,fixed_physics,reference,1,CO_dry_vol_pct,63.625034205405406,85.96507803542158,22.340043830016178,1.0,1,0.014405000502536836,0.12746113047034707,3842.053121507168,completed,poor,a2955d2a2f6e850b88d8b206f465d810e1ad86ab,85.96507803542158,0.0,0.0
R52-C-75,R52-C-75__P3__huayi_sy3sy2_phase3_wgs1__plateau_2022-10-09D_014__W002,3,validation,fixed_physics,reference,1,H2_dry_vol_pct,26.53407218513513,1.0289383890367224e-16,-26.53407218513513,1.0,1,0.014405000502536836,0.12746113047034707,3842.053121507168,completed,poor,a2955d2a2f6e850b88d8b206f465d810e1ad86ab,1.0289383890367224e-16,0.0,0.0
R52-C-75,R52-C-75__P3__huayi_sy3sy2_phase3_wgs1__plateau_2022-10-09D_014__W002,3,validation,fixed_physics,reference,1,CO2_dry_vol_pct,9.090208024324324,10.447711886487431,1.3575038621631066,1.0,1,0.014405000502536836,0.12746113047034707,3842.053121507168,completed,poor,a2955d2a2f6e850b88d8b206f465d810e1ad86ab,10.447711886487431,0.0,0.0
R52-C-75,R52-C-75__P3__huayi_sy3sy2_phase3_wgs1__plateau_2022-10-09D_014__W002,3,validation,fixed_physics,reference,1,H2_CO_ratio,0.4170350224565832,1.1969260222305065e-18,-0.4170350224565832,1.0,1,0.014405000502536836,0.12746113047034707,3842.053121507168,completed,poor,a2955d2a2f6e850b88d8b206f465d810e1ad86ab,1.1969260222305065e-18,0.0,0.0
R52-C-75,R52-C-75__P3__huayi_sy3sy2_phase3_wgs1__plateau_2022-10-09D_014__W002,3,validation,fixed_physics,reference,1,dry_syngas_flow,132246.15910471155,56135.414345937854,-76110.7447587737,1.0,1,0.014405000502536836,0.12746113047034707,3842.053121507168,completed,poor,a2955d2a2f6e850b88d8b206f465d810e1ad86ab,56135.414345937854,0.0,0.0
R52-C-75,R52-C-75__P3__huayi_sy3sy2_phase3_wgs1__plateau_2022-10-09D_014__W003,3,validation,fixed_physics,reference,1,CO_dry_vol_pct,63.596988644,86.06115094272123,22.464162298721227,1.0,1,0.014022094598317632,0.1258173455333933,3796.852834433317,completed,poor,a2955d2a2f6e850b88d8b206f465d810e1ad86ab,86.06115094272123,0.0,0.0
R52-C-75,R52-C-75__P3__huayi_sy3sy2_phase3_wgs1__plateau_2022-10-09D_014__W003,3,validation,fixed_physics,reference,1,H2_dry_vol_pct,26.524921236,1.2440312964607345e-16,-26.524921236,1.0,1,0.014022094598317632,0.1258173455333933,3796.852834433317,completed,poor,a2955d2a2f6e850b88d8b206f465d810e1ad86ab,1.2440312964607345e-16,0.0,0.0
R52-C-75,R52-C-75__P3__huayi_sy3sy2_phase3_wgs1__plateau_2022-10-09D_014__W003,3,validation,fixed_physics,reference,1,CO2_dry_vol_pct,9.133404927733332,10.408129626718686,1.274724698985354,1.0,1,0.014022094598317632,0.1258173455333933,3796.852834433317,completed,poor,a2955d2a2f6e850b88d8b206f465d810e1ad86ab,10.408129626718686,0.0,0.0
R52-C-75,R52-C-75__P3__huayi_sy3sy2_phase3_wgs1__plateau_2022-10-09D_014__W003,3,validation,fixed_physics,reference,1,H2_CO_ratio,0.4170757519446523,1.4455201712195445e-18,-0.4170757519446523,1.0,1,0.014022094598317632,0.1258173455333933,3796.852834433317,completed,poor,a2955d2a2f6e850b88d8b206f465d810e1ad86ab,1.4455201712195445e-18,0.0,0.0
R52-C-75,R52-C-75__P3__huayi_sy3sy2_phase3_wgs1__plateau_2022-10-09D_014__W003,3,validation,fixed_physics,reference,1,dry_syngas_flow,133928.5809733848,56561.419088076145,-77367.16188530864,1.0,1,0.014022094598317632,0.1258173455333933,3796.852834433317,completed,poor,a2955d2a2f6e850b88d8b206f465d810e1ad86ab,56561.419088076145,0.0,0.0
R52-C-75,R52-C-75__P3__huayi_sy3sy2_phase3_wgs1__plateau_2022-10-09D_014__W004,3,validation,fixed_physics,reference,1,CO_dry_vol_pct,63.387516137333336,85.87624014082486,22.488724003491527,1.0,1,0.014764256779412599,0.12898311672182464,3882.0382869541645,completed,poor,a2955d2a2f6e850b88d8b206f465d810e1ad86ab,85.87624014082486,0.0,0.0
R52-C-75,R52-C-75__P3__huayi_sy3sy2_phase3_wgs1__plateau_2022-10-09D_014__W004,3,validation,fixed_physics,reference,1,H2_dry_vol_pct,26.5980029,2.6664937549522354e-15,-26.598002899999997,1.0,1,0.014764256779412599,0.12898311672182464,3882.0382869541645,completed,poor,a2955d2a2f6e850b88d8b206f465d810e1ad86ab,2.6664937549522354e-15,0.0,0.0
R52-C-75,R52-C-75__P3__huayi_sy3sy2_phase3_wgs1__plateau_2022-10-09D_014__W004,3,validation,fixed_physics,reference,1,CO2_dry_vol_pct,9.270947878666666,10.483860771076662,1.212912892409996,1.0,1,0.014764256779412599,0.12898311672182464,3882.0382869541645,completed,poor,a2955d2a2f6e850b88d8b206f465d810e1ad86ab,10.483860771076662,0.0,0.0
R52-C-75,R52-C-75__P3__huayi_sy3sy2_phase3_wgs1__plateau_2022-10-09D_014__W004,3,validation,fixed_physics,reference,1,H2_CO_ratio,0.4196343334224648,3.1050425013712336e-17,-0.41963433342246476,1.0,1,0.014764256779412599,0.12898311672182464,3882.0382869541645,completed,poor,a2955d2a2f6e850b88d8b206f465d810e1ad86ab,3.1050425013712336e-17,0.0,0.0
R52-C-75,R52-C-75__P3__huayi_sy3sy2_phase3_wgs1__plateau_2022-10-09D_014__W004,3,validation,fixed_physics,reference,1,dry_syngas_flow,133375.62190245293,55719.118563903874,-77656.50333854905,1.0,1,0.014764256779412599,0.12898311672182464,3882.0382869541645,completed,poor,a2955d2a2f6e850b88d8b206f465d810e1ad86ab,55719.118563903874,0.0,0.0
R52-C-75,R52-C-75__P3__huayi_sy3sy2_phase3_wgs1__plateau_2022-10-09D_014__W005,3,validation,fixed_physics,reference,1,CO_dry_vol_pct,62.61618982799999,85.8883860400681,23.27219621206811,1.0,1,0.014714422311068686,0.12877322141423178,3882.7852696478367,completed,poor,a2955d2a2f6e850b88d8b206f465d810e1ad86ab,85.8883860400681,0.0,0.0
R52-C-75,R52-C-75__P3__huayi_sy3sy2_phase3_wgs1__plateau_2022-10-09D_014__W005,3,validation,fixed_physics,reference,1,H2_dry_vol_pct,26.59501441733333,7.186283126197094e-16,-26.59501441733333,1.0,1,0.014714422311068686,0.12877322141423178,3882.7852696478367,completed,poor,a2955d2a2f6e850b88d8b206f465d810e1ad86ab,7.186283126197094e-16,0.0,0.0
R52-C-75,R52-C-75__P3__huayi_sy3sy2_phase3_wgs1__plateau_2022-10-09D_014__W005,3,validation,fixed_physics,reference,1,CO2_dry_vol_pct,10.0661192648,10.478961422870233,0.4128421580702337,1.0,1,0.014714422311068686,0.12877322141423178,3882.7852696478367,completed,poor,a2955d2a2f6e850b88d8b206f465d810e1ad86ab,10.478961422870233,0.0,0.0
R52-C-75,R52-C-75__P3__huayi_sy3sy2_phase3_wgs1__plateau_2022-10-09D_014__W005,3,validation,fixed_physics,reference,1,H2_CO_ratio,0.4247432691418862,8.367002172848602e-18,-0.4247432691418862,1.0,1,0.014714422311068686,0.12877322141423178,3882.7852696478367,completed,poor,a2955d2a2f6e850b88d8b206f465d810e1ad86ab,8.367002172848602e-18,0.0,0.0
R52-C-75,R52-C-75__P3__huayi_sy3sy2_phase3_wgs1__plateau_2022-10-09D_014__W005,3,validation,fixed_physics,reference,1,dry_syngas_flow,132247.16922585663,55866.0719397019,-76381.09728615473,1.0,1,0.014714422311068686,0.12877322141423178,3882.7852696478367,completed,poor,a2955d2a2f6e850b88d8b206f465d810e1ad86ab,55866.0719397019,0.0,0.0
R52-C-75,R52-C-75__P3__huayi_sy3sy2_phase3_wgs1__plateau_2022-10-09D_014__W006,3,validation,fixed_physics,reference,1,CO_dry_vol_pct,62.90352648870969,85.94866646592122,23.045139977211534,1.0,1,0.014470051687069654,0.12773824004850884,3850.6802990734577,completed,poor,a2955d2a2f6e850b88d8b206f465d810e1ad86ab,85.94866646592122,0.0,0.0
R52-C-75,R52-C-75__P3__huayi_sy3sy2_phase3_wgs1__plateau_2022-10-09D_014__W006,3,validation,fixed_physics,reference,1,H2_dry_vol_pct,26.54743136129032,2.495286053794174e-13,-26.547431361290073,1.0,1,0.014470051687069654,0.12773824004850884,3850.6802990734577,completed,poor,a2955d2a2f6e850b88d8b206f465d810e1ad86ab,2.495286053794174e-13,0.0,0.0
R52-C-75,R52-C-75__P3__huayi_sy3sy2_phase3_wgs1__plateau_2022-10-09D_014__W006,3,validation,fixed_physics,reference,1,CO2_dry_vol_pct,9.81636658032258,10.45447354600705,0.6381069656844698,1.0,1,0.014470051687069654,0.12773824004850884,3850.6802990734577,completed,poor,a2955d2a2f6e850b88d8b206f465d810e1ad86ab,10.45447354600705,0.0,0.0
R52-C-75,R52-C-75__P3__huayi_sy3sy2_phase3_wgs1__plateau_2022-10-09D_014__W006,3,validation,fixed_physics,reference,1,H2_CO_ratio,0.4220389768208398,2.9032283529187257e-15,-0.4220389768208369,1.0,1,0.014470051687069654,0.12773824004850884,3850.6802990734577,completed,poor,a2955d2a2f6e850b88d8b206f465d810e1ad86ab,2.9032283529187257e-15,0.0,0.0
R52-C-75,R52-C-75__P3__huayi_sy3sy2_phase3_wgs1__plateau_2022-10-09D_014__W006,3,validation,fixed_physics,reference,1,dry_syngas_flow,132736.94815261435,56077.74804553584,-76659.2001070785,1.0,1,0.014470051687069654,0.12773824004850884,3850.6802990734577,completed,poor,a2955d2a2f6e850b88d8b206f465d810e1ad86ab,56077.74804553584,0.0,0.0
R52-C-75,R52-C-75__P3__huayi_sy3sy2_phase3_wgs1__plateau_2022-10-09D_015__W001,3,validation,fixed_physics,reference,1,CO_dry_vol_pct,63.271916524000005,87.52746639291158,24.255549868911572,1.0,1,0.008819891962968986,0.10067906726045392,3037.870881944895,completed,poor,a2955d2a2f6e850b88d8b206f465d810e1ad86ab,87.52746639291158,0.0,0.0
R52-C-75,R52-C-75__P3__huayi_sy3sy2_phase3_wgs1__plateau_2022-10-09D_015__W001,3,validation,fixed_physics,reference,1,H2_dry_vol_pct,26.64901363466667,1.4117603974329144e-14,-26.649013634666655,1.0,1,0.008819891962968986,0.10067906726045392,3037.870881944895,completed,poor,a2955d2a2f6e850b88d8b206f465d810e1ad86ab,1.4117603974329144e-14,0.0,0.0
R52-C-75,R52-C-75__P3__huayi_sy3sy2_phase3_wgs1__plateau_2022-10-09D_015__W001,3,validation,fixed_physics,reference,1,CO2_dry_vol_pct,9.323292692,9.750516114014166,0.4272234220141655,1.0,1,0.008819891962968986,0.10067906726045392,3037.870881944895,completed,poor,a2955d2a2f6e850b88d8b206f465d810e1ad86ab,9.750516114014166,0.0,0.0
R52-C-75,R52-C-75__P3__huayi_sy3sy2_phase3_wgs1__plateau_2022-10-09D_015__W001,3,validation,fixed_physics,reference,1,H2_CO_ratio,0.4211808130725526,1.6129341515445098e-16,-0.42118081307255245,1.0,1,0.008819891962968986,0.10067906726045392,3037.870881944895,completed,poor,a2955d2a2f6e850b88d8b206f465d810e1ad86ab,1.6129341515445098e-16,0.0,0.0
R52-C-75,R52-C-75__P3__huayi_sy3sy2_phase3_wgs1__plateau_2022-10-09D_015__W001,3,validation,fixed_physics,reference,1,dry_syngas_flow,134447.88973925493,62448.42131968523,-71999.46841956969,1.0,1,0.008819891962968986,0.10067906726045392,3037.870881944895,completed,poor,a2955d2a2f6e850b88d8b206f465d810e1ad86ab,62448.42131968523,0.0,0.0
R52-C-75,R52-C-75__P3__huayi_sy3sy2_phase3_wgs1__shift_evening_handover_2022-10-09__W001,3,validation,fixed_physics,reference,1,CO_dry_vol_pct,63.61560398533333,87.53757680276271,23.921972817429385,1.0,1,0.008787908346819015,0.10050376301058794,3036.8270672112703,completed,poor,a2955d2a2f6e850b88d8b206f465d810e1ad86ab,87.53757680276271,0.0,0.0
R52-C-75,R52-C-75__P3__huayi_sy3sy2_phase3_wgs1__shift_evening_handover_2022-10-09__W001,3,validation,fixed_physics,reference,1,H2_dry_vol_pct,26.73415048933333,7.209500557339129e-13,-26.73415048933261,1.0,1,0.008787908346819015,0.10050376301058794,3036.8270672112703,completed,poor,a2955d2a2f6e850b88d8b206f465d810e1ad86ab,7.209500557339129e-13,0.0,0.0
R52-C-75,R52-C-75__P3__huayi_sy3sy2_phase3_wgs1__shift_evening_handover_2022-10-09__W001,3,validation,fixed_physics,reference,1,CO2_dry_vol_pct,8.884175634133333,9.745672509354746,0.8614968752214125,1.0,1,0.008787908346819015,0.10050376301058794,3036.8270672112703,completed,poor,a2955d2a2f6e850b88d8b206f465d810e1ad86ab,9.745672509354746,0.0,0.0
R52-C-75,R52-C-75__P3__huayi_sy3sy2_phase3_wgs1__shift_evening_handover_2022-10-09__W001,3,validation,fixed_physics,reference,1,H2_CO_ratio,0.4202428252415836,8.235892311233814e-15,-0.42024282524157536,1.0,1,0.008787908346819015,0.10050376301058794,3036.8270672112703,completed,poor,a2955d2a2f6e850b88d8b206f465d810e1ad86ab,8.235892311233814e-15,0.0,0.0
R52-C-75,R52-C-75__P3__huayi_sy3sy2_phase3_wgs1__shift_evening_handover_2022-10-09__W001,3,validation,fixed_physics,reference,1,dry_syngas_flow,135611.25904985415,62578.90028103948,-73032.35876881468,1.0,1,0.008787908346819015,0.10050376301058794,3036.8270672112703,completed,poor,a2955d2a2f6e850b88d8b206f465d810e1ad86ab,62578.90028103948,0.0,0.0
R52-C-75,R52-C-75__P3__huayi_sy3sy2_phase3_wgs1__plateau_2022-10-09N_016__W001,3,validation,fixed_physics,reference,1,CO_dry_vol_pct,63.57898174133332,87.49769246496784,23.91871072363452,1.0,1,0.008912359416229747,0.1011846328552384,3058.661572545767,completed,poor,a2955d2a2f6e850b88d8b206f465d810e1ad86ab,87.49769246496784,0.0,0.0
R52-C-75,R52-C-75__P3__huayi_sy3sy2_phase3_wgs1__plateau_2022-10-09N_016__W001,3,validation,fixed_physics,reference,1,H2_dry_vol_pct,26.63288796133333,7.432114099176255e-16,-26.63288796133333,1.0,1,0.008912359416229747,0.1011846328552384,3058.661572545767,completed,poor,a2955d2a2f6e850b88d8b206f465d810e1ad86ab,7.432114099176255e-16,0.0,0.0
R52-C-75,R52-C-75__P3__huayi_sy3sy2_phase3_wgs1__plateau_2022-10-09N_016__W001,3,validation,fixed_physics,reference,1,CO2_dry_vol_pct,9.042767862133331,9.764928577700234,0.7221607155669023,1.0,1,0.008912359416229747,0.1011846328552384,3058.661572545767,completed,poor,a2955d2a2f6e850b88d8b206f465d810e1ad86ab,9.764928577700234,0.0,0.0
R52-C-75,R52-C-75__P3__huayi_sy3sy2_phase3_wgs1__plateau_2022-10-09N_016__W001,3,validation,fixed_physics,reference,1,H2_CO_ratio,0.4188932190971368,8.494068688899322e-18,-0.4188932190971368,1.0,1,0.008912359416229747,0.1011846328552384,3058.661572545767,completed,poor,a2955d2a2f6e850b88d8b206f465d810e1ad86ab,8.494068688899322e-18,0.0,0.0
R52-C-75,R52-C-75__P3__huayi_sy3sy2_phase3_wgs1__plateau_2022-10-09N_016__W001,3,validation,fixed_physics,reference,1,dry_syngas_flow,134664.33131861346,62434.33297176395,-72229.99834684952,1.0,1,0.008912359416229747,0.1011846328552384,3058.661572545767,completed,poor,a2955d2a2f6e850b88d8b206f465d810e1ad86ab,62434.33297176395,0.0,0.0
R52-C-75,R52-C-75__P3__huayi_sy3sy2_phase3_wgs1__plateau_2022-10-09N_016__W002,3,validation,fixed_physics,reference,1,CO_dry_vol_pct,63.81169583733334,87.33853781802917,23.526841980695828,1.0,1,0.00941853102124744,0.10390416069974813,3144.6526239514355,completed,poor,a2955d2a2f6e850b88d8b206f465d810e1ad86ab,87.33853781802917,0.0,0.0
R52-C-75,R52-C-75__P3__huayi_sy3sy2_phase3_wgs1__plateau_2022-10-09N_016__W002,3,validation,fixed_physics,reference,1,H2_dry_vol_pct,26.68631851066667,2.1084494091931274e-14,-26.68631851066665,1.0,1,0.00941853102124744,0.10390416069974813,3144.6526239514355,completed,poor,a2955d2a2f6e850b88d8b206f465d810e1ad86ab,2.1084494091931274e-14,0.0,0.0
R52-C-75,R52-C-75__P3__huayi_sy3sy2_phase3_wgs1__plateau_2022-10-09N_016__W002,3,validation,fixed_physics,reference,1,CO2_dry_vol_pct,8.74295436293333,9.840989984849251,1.0980356219159209,1.0,1,0.00941853102124744,0.10390416069974813,3144.6526239514355,completed,poor,a2955d2a2f6e850b88d8b206f465d810e1ad86ab,9.840989984849251,0.0,0.0
R52-C-75,R52-C-75__P3__huayi_sy3sy2_phase3_wgs1__plateau_2022-10-09N_016__W002,3,validation,fixed_physics,reference,1,H2_CO_ratio,0.4182040930376027,2.4141111837549944e-16,-0.4182040930376025,1.0,1,0.00941853102124744,0.10390416069974813,3144.6526239514355,completed,poor,a2955d2a2f6e850b88d8b206f465d810e1ad86ab,2.4141111837549944e-16,0.0,0.0
R52-C-75,R52-C-75__P3__huayi_sy3sy2_phase3_wgs1__plateau_2022-10-09N_016__W002,3,validation,fixed_physics,reference,1,dry_syngas_flow,134817.42750773233,61832.78254602915,-72984.64496170318,1.0,1,0.00941853102124744,0.10390416069974813,3144.6526239514355,completed,poor,a2955d2a2f6e850b88d8b206f465d810e1ad86ab,61832.78254602915,0.0,0.0
R52-C-75,R52-C-75__P3__huayi_sy3sy2_phase3_wgs1__plateau_2022-10-09N_016__W003,3,validation,fixed_physics,reference,1,CO_dry_vol_pct,63.38696185199999,87.18311277115657,23.79615091915658,1.0,1,0.009927978222554514,0.1065663278979416,3221.491504445672,completed,poor,a2955d2a2f6e850b88d8b206f465d810e1ad86ab,87.18311277115657,0.0,0.0
R52-C-75,R52-C-75__P3__huayi_sy3sy2_phase3_wgs1__plateau_2022-10-09N_016__W003,3,validation,fixed_physics,reference,1,H2_dry_vol_pct,26.529362196,2.1483945973071342e-19,-26.529362196,1.0,1,0.009927978222554514,0.1065663278979416,3221.491504445672,completed,poor,a2955d2a2f6e850b88d8b206f465d810e1ad86ab,2.1483945973071342e-19,0.0,0.0
R52-C-75,R52-C-75__P3__huayi_sy3sy2_phase3_wgs1__plateau_2022-10-09N_016__W003,3,validation,fixed_physics,reference,1,CO2_dry_vol_pct,9.348603313333337,9.914091074537023,0.5654877612036859,1.0,1,0.009927978222554514,0.1065663278979416,3221.491504445672,completed,poor,a2955d2a2f6e850b88d8b206f465d810e1ad86ab,9.914091074537023,0.0,0.0
R52-C-75,R52-C-75__P3__huayi_sy3sy2_phase3_wgs1__plateau_2022-10-09N_016__W003,3,validation,fixed_physics,reference,1,H2_CO_ratio,0.4185289784033095,2.4642324975782505e-21,-0.4185289784033095,1.0,1,0.009927978222554514,0.1065663278979416,3221.491504445672,completed,poor,a2955d2a2f6e850b88d8b206f465d810e1ad86ab,2.4642324975782505e-21,0.0,0.0
R52-C-75,R52-C-75__P3__huayi_sy3sy2_phase3_wgs1__plateau_2022-10-09N_016__W003,3,validation,fixed_physics,reference,1,dry_syngas_flow,134161.68516554768,61110.50874966662,-73051.17641588105,1.0,1,0.009927978222554514,0.1065663278979416,3221.491504445672,completed,poor,a2955d2a2f6e850b88d8b206f465d810e1ad86ab,61110.50874966662,0.0,0.0
R52-C-75,R52-C-75__P3__huayi_sy3sy2_phase3_wgs1__plateau_2022-10-09N_017__W001,3,validation,fixed_physics,reference,1,CO_dry_vol_pct,63.03101568400001,86.87364538955326,23.84262970555325,1.0,1,0.010984322831459899,0.11187171472524918,3385.3968265354633,completed,poor,a2955d2a2f6e850b88d8b206f465d810e1ad86ab,86.87364538955326,0.0,0.0
R52-C-75,R52-C-75__P3__huayi_sy3sy2_phase3_wgs1__plateau_2022-10-09N_017__W001,3,validation,fixed_physics,reference,1,H2_dry_vol_pct,26.57533979866667,1.5266120670917293e-17,-26.57533979866667,1.0,1,0.010984322831459899,0.11187171472524918,3385.3968265354633,completed,poor,a2955d2a2f6e850b88d8b206f465d810e1ad86ab,1.5266120670917293e-17,0.0,0.0
R52-C-75,R52-C-75__P3__huayi_sy3sy2_phase3_wgs1__plateau_2022-10-09N_017__W001,3,validation,fixed_physics,reference,1,CO2_dry_vol_pct,9.648434968,10.056327578478266,0.40789261047826564,1.0,1,0.010984322831459899,0.11187171472524918,3385.3968265354633,completed,poor,a2955d2a2f6e850b88d8b206f465d810e1ad86ab,10.056327578478266,0.0,0.0
R52-C-75,R52-C-75__P3__huayi_sy3sy2_phase3_wgs1__plateau_2022-10-09N_017__W001,3,validation,fixed_physics,reference,1,H2_CO_ratio,0.4216253343188261,1.7572787008605347e-19,-0.4216253343188261,1.0,1,0.010984322831459899,0.11187171472524918,3385.3968265354633,completed,poor,a2955d2a2f6e850b88d8b206f465d810e1ad86ab,1.7572787008605347e-19,0.0,0.0
R52-C-75,R52-C-75__P3__huayi_sy3sy2_phase3_wgs1__plateau_2022-10-09N_017__W001,3,validation,fixed_physics,reference,1,dry_syngas_flow,135171.3384146401,59902.89465911692,-75268.44375552319,1.0,1,0.010984322831459899,0.11187171472524918,3385.3968265354633,completed,poor,a2955d2a2f6e850b88d8b206f465d810e1ad86ab,59902.89465911692,0.0,0.0
R52-C-75,R52-C-75__P3__huayi_sy3sy2_phase3_wgs1__plateau_2022-10-09N_017__W002,3,validation,fixed_physics,reference,1,CO_dry_vol_pct,63.31748898000001,86.5902270004911,23.27273802049109,1.0,1,0.012001117345018065,0.11673665082781302,3536.688934698701,completed,poor,a2955d2a2f6e850b88d8b206f465d810e1ad86ab,86.5902270004911,0.0,0.0
R52-C-75,R52-C-75__P3__huayi_sy3sy2_phase3_wgs1__plateau_2022-10-09N_017__W002,3,validation,fixed_physics,reference,1,H2_dry_vol_pct,26.751666024,1.1811408719984263e-14,-26.751666023999988,1.0,1,0.012001117345018065,0.11673665082781302,3536.688934698701,completed,poor,a2955d2a2f6e850b88d8b206f465d810e1ad86ab,1.1811408719984263e-14,0.0,0.0
R52-C-75,R52-C-75__P3__huayi_sy3sy2_phase3_wgs1__plateau_2022-10-09N_017__W002,3,validation,fixed_physics,reference,1,CO2_dry_vol_pct,9.180358248266668,10.182612932460327,1.0022546841936588,1.0,1,0.012001117345018065,0.11673665082781302,3536.688934698701,completed,poor,a2955d2a2f6e850b88d8b206f465d810e1ad86ab,10.182612932460327,0.0,0.0
R52-C-75,R52-C-75__P3__huayi_sy3sy2_phase3_wgs1__plateau_2022-10-09N_017__W002,3,validation,fixed_physics,reference,1,H2_CO_ratio,0.4225033692933648,1.3640579461602836e-16,-0.4225033692933647,1.0,1,0.012001117345018065,0.11673665082781302,3536.688934698701,completed,poor,a2955d2a2f6e850b88d8b206f465d810e1ad86ab,1.3640579461602836e-16,0.0,0.0
R52-C-75,R52-C-75__P3__huayi_sy3sy2_phase3_wgs1__plateau_2022-10-09N_017__W002,3,validation,fixed_physics,reference,1,dry_syngas_flow,135246.86720652872,58835.22034081052,-76411.64686571821,1.0,1,0.012001117345018065,0.11673665082781302,3536.688934698701,completed,poor,a2955d2a2f6e850b88d8b206f465d810e1ad86ab,58835.22034081052,0.0,0.0
R52-C-75,R52-C-75__P3__huayi_sy3sy2_phase3_wgs1__plateau_2022-10-09N_017__W003,3,validation,fixed_physics,reference,1,CO_dry_vol_pct,63.19876112666668,86.42022707288973,23.22146594622305,1.0,1,0.012633359049996394,0.11965594629114008,3620.848632350564,completed,poor,a2955d2a2f6e850b88d8b206f465d810e1ad86ab,86.42022707288973,0.0,0.0
R52-C-75,R52-C-75__P3__huayi_sy3sy2_phase3_wgs1__plateau_2022-10-09N_017__W003,3,validation,fixed_physics,reference,1,H2_dry_vol_pct,26.675932976,7.538354431236263e-15,-26.67593297599999,1.0,1,0.012633359049996394,0.11965594629114008,3620.848632350564,completed,poor,a2955d2a2f6e850b88d8b206f465d810e1ad86ab,7.538354431236263e-15,0.0,0.0
R52-C-75,R52-C-75__P3__huayi_sy3sy2_phase3_wgs1__plateau_2022-10-09N_017__W003,3,validation,fixed_physics,reference,1,CO2_dry_vol_pct,9.38341130573333,10.256526764180105,0.8731154584467742,1.0,1,0.012633359049996394,0.11965594629114008,3620.848632350564,completed,poor,a2955d2a2f6e850b88d8b206f465d810e1ad86ab,10.256526764180105,0.0,0.0
R52-C-75,R52-C-75__P3__huayi_sy3sy2_phase3_wgs1__plateau_2022-10-09N_017__W003,3,validation,fixed_physics,reference,1,H2_CO_ratio,0.4220973062465988,8.722905142193344e-17,-0.4220973062465987,1.0,1,0.012633359049996394,0.11965594629114008,3620.848632350564,completed,poor,a2955d2a2f6e850b88d8b206f465d810e1ad86ab,8.722905142193344e-17,0.0,0.0
R52-C-75,R52-C-75__P3__huayi_sy3sy2_phase3_wgs1__plateau_2022-10-09N_017__W003,3,validation,fixed_physics,reference,1,dry_syngas_flow,135172.51831524185,58097.61364725058,-77074.90466799127,1.0,1,0.012633359049996394,0.11965594629114008,3620.848632350564,completed,poor,a2955d2a2f6e850b88d8b206f465d810e1ad86ab,58097.61364725058,0.0,0.0
R52-C-75,R52-C-75__P4__huayi_sy3sy2_phase4_wgs1__shift_evening_handover_2022-10-10__W001,4,test,fixed_physics,reference,1,CO_dry_vol_pct,64.01460700533333,83.07939122144148,19.06478421610815,1.0,1,0.013729189518145297,0.12462528175789053,4011.6551397442818,completed,poor,a2955d2a2f6e850b88d8b206f465d810e1ad86ab,83.07939122144148,0.0,0.0
R52-C-75,R52-C-75__P4__huayi_sy3sy2_phase4_wgs1__shift_evening_handover_2022-10-10__W001,4,test,fixed_physics,reference,1,H2_dry_vol_pct,26.57001626,5.148656368989856e-15,-26.570016259999996,1.0,1,0.013729189518145297,0.12462528175789053,4011.6551397442818,completed,poor,a2955d2a2f6e850b88d8b206f465d810e1ad86ab,5.148656368989856e-15,0.0,0.0
R52-C-75,R52-C-75__P4__huayi_sy3sy2_phase4_wgs1__shift_evening_handover_2022-10-10__W001,4,test,fixed_physics,reference,1,CO2_dry_vol_pct,8.649984683066664,13.167521537598123,4.517536854531459,1.0,1,0.013729189518145297,0.12462528175789053,4011.6551397442818,completed,poor,a2955d2a2f6e850b88d8b206f465d810e1ad86ab,13.167521537598123,0.0,0.0
R52-C-75,R52-C-75__P4__huayi_sy3sy2_phase4_wgs1__shift_evening_handover_2022-10-10__W001,4,test,fixed_physics,reference,1,H2_CO_ratio,0.4150645684105619,6.197272624767464e-17,-0.41506456841056183,1.0,1,0.013729189518145297,0.12462528175789053,4011.6551397442818,completed,poor,a2955d2a2f6e850b88d8b206f465d810e1ad86ab,6.197272624767464e-17,0.0,0.0
R52-C-75,R52-C-75__P4__huayi_sy3sy2_phase4_wgs1__shift_evening_handover_2022-10-10__W001,4,test,fixed_physics,reference,1,dry_syngas_flow,135760.67350561445,54158.980333272746,-81601.69317234171,1.0,1,0.013729189518145297,0.12462528175789053,4011.6551397442818,completed,poor,a2955d2a2f6e850b88d8b206f465d810e1ad86ab,54158.980333272746,0.0,0.0
R52-C-75,R52-C-75__P4__huayi_sy3sy2_phase4_wgs1__plateau_2022-10-10N_005__W001,4,test,fixed_physics,reference,1,CO_dry_vol_pct,63.82818893200001,83.10022341949006,19.272034487490053,1.0,1,0.013651920799923977,0.12428522216515207,4010.484082877636,completed,poor,a2955d2a2f6e850b88d8b206f465d810e1ad86ab,83.10022341949006,0.0,0.0
R52-C-75,R52-C-75__P4__huayi_sy3sy2_phase4_wgs1__plateau_2022-10-10N_005__W001,4,test,fixed_physics,reference,1,H2_dry_vol_pct,26.570929213333336,1.7782971128128054e-17,-26.570929213333336,1.0,1,0.013651920799923977,0.12428522216515207,4010.484082877636,completed,poor,a2955d2a2f6e850b88d8b206f465d810e1ad86ab,1.7782971128128054e-17,0.0,0.0
R52-C-75,R52-C-75__P4__huayi_sy3sy2_phase4_wgs1__plateau_2022-10-10N_005__W001,4,test,fixed_physics,reference,1,CO2_dry_vol_pct,8.839892853199999,13.158757962817813,4.318865109617814,1.0,1,0.013651920799923977,0.12428522216515207,4010.484082877636,completed,poor,a2955d2a2f6e850b88d8b206f465d810e1ad86ab,13.158757962817813,0.0,0.0
R52-C-75,R52-C-75__P4__huayi_sy3sy2_phase4_wgs1__plateau_2022-10-10N_005__W001,4,test,fixed_physics,reference,1,H2_CO_ratio,0.4162924484200933,2.139942637501657e-19,-0.4162924484200933,1.0,1,0.013651920799923977,0.12428522216515207,4010.484082877636,completed,poor,a2955d2a2f6e850b88d8b206f465d810e1ad86ab,2.139942637501657e-19,0.0,0.0
R52-C-75,R52-C-75__P4__huayi_sy3sy2_phase4_wgs1__plateau_2022-10-10N_005__W001,4,test,fixed_physics,reference,1,dry_syngas_flow,135005.1046139279,54358.83584132297,-80646.26877260492,1.0,1,0.013651920799923977,0.12428522216515207,4010.484082877636,completed,poor,a2955d2a2f6e850b88d8b206f465d810e1ad86ab,54358.83584132297,0.0,0.0
R52-C-75,R52-C-75__P4__huayi_sy3sy2_phase4_wgs1__plateau_2022-10-10N_005__W002,4,test,fixed_physics,reference,1,CO_dry_vol_pct,64.31116436800001,83.17700556634318,18.865841198343176,1.0,1,0.013373107994780283,0.1230488047361697,3960.496853798628,completed,poor,a2955d2a2f6e850b88d8b206f465d810e1ad86ab,83.17700556634318,0.0,0.0
R52-C-75,R52-C-75__P4__huayi_sy3sy2_phase4_wgs1__plateau_2022-10-10N_005__W002,4,test,fixed_physics,reference,1,H2_dry_vol_pct,26.508811098666666,3.7933009808205197e-16,-26.508811098666666,1.0,1,0.013373107994780283,0.1230488047361697,3960.496853798628,completed,poor,a2955d2a2f6e850b88d8b206f465d810e1ad86ab,3.7933009808205197e-16,0.0,0.0
R52-C-75,R52-C-75__P4__huayi_sy3sy2_phase4_wgs1__plateau_2022-10-10N_005__W002,4,test,fixed_physics,reference,1,CO2_dry_vol_pct,8.3981092376,13.125961942419984,4.727852704819984,1.0,1,0.013373107994780283,0.1230488047361697,3960.496853798628,completed,poor,a2955d2a2f6e850b88d8b206f465d810e1ad86ab,13.125961942419984,0.0,0.0
R52-C-75,R52-C-75__P4__huayi_sy3sy2_phase4_wgs1__plateau_2022-10-10N_005__W002,4,test,fixed_physics,reference,1,H2_CO_ratio,0.4121971485284492,4.560516401128348e-18,-0.4121971485284492,1.0,1,0.013373107994780283,0.1230488047361697,3960.496853798628,completed,poor,a2955d2a2f6e850b88d8b206f465d810e1ad86ab,4.560516401128348e-18,0.0,0.0
R52-C-75,R52-C-75__P4__huayi_sy3sy2_phase4_wgs1__plateau_2022-10-10N_005__W002,4,test,fixed_physics,reference,1,dry_syngas_flow,135495.13680565485,54469.08585808664,-81026.0509475682,1.0,1,0.013373107994780283,0.1230488047361697,3960.496853798628,completed,poor,a2955d2a2f6e850b88d8b206f465d810e1ad86ab,54469.08585808664,0.0,0.0
R52-C-75,R52-C-75__P4__huayi_sy3sy2_phase4_wgs1__plateau_2022-10-10N_005__W003,4,test,fixed_physics,reference,1,CO_dry_vol_pct,64.49385571333333,83.24946731015652,18.755611596823186,1.0,1,0.013111332274738737,0.1218761997401948,3924.2893052995205,completed,poor,a2955d2a2f6e850b88d8b206f465d810e1ad86ab,83.24946731015652,0.0,0.0
R52-C-75,R52-C-75__P4__huayi_sy3sy2_phase4_wgs1__plateau_2022-10-10N_005__W003,4,test,fixed_physics,reference,1,H2_dry_vol_pct,26.58790125466667,1.0704776988676119e-14,-26.587901254666658,1.0,1,0.013111332274738737,0.1218761997401948,3924.2893052995205,completed,poor,a2955d2a2f6e850b88d8b206f465d810e1ad86ab,1.0704776988676119e-14,0.0,0.0
R52-C-75,R52-C-75__P4__huayi_sy3sy2_phase4_wgs1__plateau_2022-10-10N_005__W003,4,test,fixed_physics,reference,1,CO2_dry_vol_pct,8.124114556799997,13.094861656936285,4.970747100136288,1.0,1,0.013111332274738737,0.1218761997401948,3924.2893052995205,completed,poor,a2955d2a2f6e850b88d8b206f465d810e1ad86ab,13.094861656936285,0.0,0.0
R52-C-75,R52-C-75__P4__huayi_sy3sy2_phase4_wgs1__plateau_2022-10-10N_005__W003,4,test,fixed_physics,reference,1,H2_CO_ratio,0.4122555915079969,1.2858673255882953e-16,-0.4122555915079968,1.0,1,0.013111332274738737,0.1218761997401948,3924.2893052995205,completed,poor,a2955d2a2f6e850b88d8b206f465d810e1ad86ab,1.2858673255882953e-16,0.0,0.0
R52-C-75,R52-C-75__P4__huayi_sy3sy2_phase4_wgs1__plateau_2022-10-10N_005__W003,4,test,fixed_physics,reference,1,dry_syngas_flow,135364.9627240593,54726.16781224125,-80638.79491181805,1.0,1,0.013111332274738737,0.1218761997401948,3924.2893052995205,completed,poor,a2955d2a2f6e850b88d8b206f465d810e1ad86ab,54726.16781224125,0.0,0.0
R52-C-75,R52-C-75__P4__huayi_sy3sy2_phase4_wgs1__plateau_2022-10-10N_006__W001,4,test,fixed_physics,reference,1,CO_dry_vol_pct,63.77916357866667,83.02640173168263,19.247238153015957,1.0,1,0.013925062936284666,0.12548348179884522,4032.3273104429245,completed,poor,a2955d2a2f6e850b88d8b206f465d810e1ad86ab,83.02640173168263,0.0,0.0
R52-C-75,R52-C-75__P4__huayi_sy3sy2_phase4_wgs1__plateau_2022-10-10N_006__W001,4,test,fixed_physics,reference,1,H2_dry_vol_pct,26.443332844,6.858849093852924e-16,-26.443332844,1.0,1,0.013925062936284666,0.12548348179884522,4032.3273104429245,completed,poor,a2955d2a2f6e850b88d8b206f465d810e1ad86ab,6.858849093852924e-16,0.0,0.0
R52-C-75,R52-C-75__P4__huayi_sy3sy2_phase4_wgs1__plateau_2022-10-10N_006__W001,4,test,fixed_physics,reference,1,CO2_dry_vol_pct,9.051822255066666,13.189864516422045,4.138042261355379,1.0,1,0.013925062936284666,0.12548348179884522,4032.3273104429245,completed,poor,a2955d2a2f6e850b88d8b206f465d810e1ad86ab,13.189864516422045,0.0,0.0
R52-C-75,R52-C-75__P4__huayi_sy3sy2_phase4_wgs1__plateau_2022-10-10N_006__W001,4,test,fixed_physics,reference,1,H2_CO_ratio,0.4146093339609317,8.261045824939812e-18,-0.4146093339609317,1.0,1,0.013925062936284666,0.12548348179884522,4032.3273104429245,completed,poor,a2955d2a2f6e850b88d8b206f465d810e1ad86ab,8.261045824939812e-18,0.0,0.0
R52-C-75,R52-C-75__P4__huayi_sy3sy2_phase4_wgs1__plateau_2022-10-10N_006__W001,4,test,fixed_physics,reference,1,dry_syngas_flow,133351.22348692224,53895.523444243234,-79455.700042679,1.0,1,0.013925062936284666,0.12548348179884522,4032.3273104429245,completed,poor,a2955d2a2f6e850b88d8b206f465d810e1ad86ab,53895.523444243234,0.0,0.0
R52-C-75,R52-C-75__P4__huayi_sy3sy2_phase4_wgs1__plateau_2022-10-11D_007__W001,4,test,fixed_physics,reference,1,CO_dry_vol_pct,63.626893033333324,83.2138957317649,19.58700269843157,1.0,1,0.013237486262687012,0.12244331871860284,4000.085391074419,completed,poor,a2955d2a2f6e850b88d8b206f465d810e1ad86ab,83.2138957317649,0.0,0.0
R52-C-75,R52-C-75__P4__huayi_sy3sy2_phase4_wgs1__plateau_2022-10-11D_007__W001,4,test,fixed_physics,reference,1,H2_dry_vol_pct,26.43668682133333,1.1246456049790277e-16,-26.43668682133333,1.0,1,0.013237486262687012,0.12244331871860284,4000.085391074419,completed,poor,a2955d2a2f6e850b88d8b206f465d810e1ad86ab,1.1246456049790277e-16,0.0,0.0
R52-C-75,R52-C-75__P4__huayi_sy3sy2_phase4_wgs1__plateau_2022-10-11D_007__W001,4,test,fixed_physics,reference,1,CO2_dry_vol_pct,9.1923174696,13.110315682746213,3.9179982131462125,1.0,1,0.013237486262687012,0.12244331871860284,4000.085391074419,completed,poor,a2955d2a2f6e850b88d8b206f465d810e1ad86ab,13.110315682746213,0.0,0.0
R52-C-75,R52-C-75__P4__huayi_sy3sy2_phase4_wgs1__plateau_2022-10-11D_007__W001,4,test,fixed_physics,reference,1,H2_CO_ratio,0.4154965959629,1.3515117818834691e-18,-0.4154965959629,1.0,1,0.013237486262687012,0.12244331871860284,4000.085391074419,completed,poor,a2955d2a2f6e850b88d8b206f465d810e1ad86ab,1.3515117818834691e-18,0.0,0.0
R52-C-75,R52-C-75__P4__huayi_sy3sy2_phase4_wgs1__plateau_2022-10-11D_007__W001,4,test,fixed_physics,reference,1,dry_syngas_flow,136035.22563336554,55407.49731611876,-80627.72831724677,1.0,1,0.013237486262687012,0.12244331871860284,4000.085391074419,completed,poor,a2955d2a2f6e850b88d8b206f465d810e1ad86ab,55407.49731611876,0.0,0.0
R52-C-75,R52-C-75__P4__huayi_sy3sy2_phase4_wgs1__plateau_2022-10-11D_007__W002,4,test,fixed_physics,reference,1,CO_dry_vol_pct,64.09863798533333,83.03631040935619,18.937672424022864,1.0,1,0.013887292586891305,0.12531882548127904,4079.7374680042267,completed,poor,a2955d2a2f6e850b88d8b206f465d810e1ad86ab,83.03631040935619,0.0,0.0
R52-C-75,R52-C-75__P4__huayi_sy3sy2_phase4_wgs1__plateau_2022-10-11D_007__W002,4,test,fixed_physics,reference,1,H2_dry_vol_pct,26.54015314933333,5.0302947293545065e-19,-26.54015314933333,1.0,1,0.013887292586891305,0.12531882548127904,4079.7374680042267,completed,poor,a2955d2a2f6e850b88d8b206f465d810e1ad86ab,5.0302947293545065e-19,0.0,0.0
R52-C-75,R52-C-75__P4__huayi_sy3sy2_phase4_wgs1__plateau_2022-10-11D_007__W002,4,test,fixed_physics,reference,1,CO2_dry_vol_pct,8.621761675599998,13.185783083165992,4.564021407565994,1.0,1,0.013887292586891305,0.12531882548127904,4079.7374680042267,completed,poor,a2955d2a2f6e850b88d8b206f465d810e1ad86ab,13.185783083165992,0.0,0.0
R52-C-75,R52-C-75__P4__huayi_sy3sy2_phase4_wgs1__plateau_2022-10-11D_007__W002,4,test,fixed_physics,reference,1,H2_CO_ratio,0.4140545108796176,6.0579458607396334e-21,-0.4140545108796176,1.0,1,0.013887292586891305,0.12531882548127904,4079.7374680042267,completed,poor,a2955d2a2f6e850b88d8b206f465d810e1ad86ab,6.0579458607396334e-21,0.0,0.0
R52-C-75,R52-C-75__P4__huayi_sy3sy2_phase4_wgs1__plateau_2022-10-11D_007__W002,4,test,fixed_physics,reference,1,dry_syngas_flow,137970.48403627425,54633.435763540525,-83337.04827273372,1.0,1,0.013887292586891305,0.12531882548127904,4079.7374680042267,completed,poor,a2955d2a2f6e850b88d8b206f465d810e1ad86ab,54633.435763540525,0.0,0.0
R52-C-75,R52-C-75__P4__huayi_sy3sy2_phase4_wgs1__plateau_2022-10-11D_007__W003,4,test,fixed_physics,reference,1,CO_dry_vol_pct,64.07335221866667,83.19444027782924,19.121088059162574,1.0,1,0.013309002377149682,0.12276292705345104,4001.619542181492,completed,poor,a2955d2a2f6e850b88d8b206f465d810e1ad86ab,83.19444027782924,0.0,0.0
R52-C-75,R52-C-75__P4__huayi_sy3sy2_phase4_wgs1__plateau_2022-10-11D_007__W003,4,test,fixed_physics,reference,1,H2_dry_vol_pct,26.416445604,2.1149798688165956e-17,-26.416445604,1.0,1,0.013309002377149682,0.12276292705345104,4001.619542181492,completed,poor,a2955d2a2f6e850b88d8b206f465d810e1ad86ab,2.1149798688165956e-17,0.0,0.0
R52-C-75,R52-C-75__P4__huayi_sy3sy2_phase4_wgs1__plateau_2022-10-11D_007__W003,4,test,fixed_physics,reference,1,CO2_dry_vol_pct,8.779726567466666,13.118546525301793,4.338819957835128,1.0,1,0.013309002377149682,0.12276292705345104,4001.619542181492,completed,poor,a2955d2a2f6e850b88d8b206f465d810e1ad86ab,13.118546525301793,0.0,0.0
R52-C-75,R52-C-75__P4__huayi_sy3sy2_phase4_wgs1__plateau_2022-10-11D_007__W003,4,test,fixed_physics,reference,1,H2_CO_ratio,0.4122867225679864,2.5422129913412294e-19,-0.4122867225679864,1.0,1,0.013309002377149682,0.12276292705345104,4001.619542181492,completed,poor,a2955d2a2f6e850b88d8b206f465d810e1ad86ab,2.5422129913412294e-19,0.0,0.0
R52-C-75,R52-C-75__P4__huayi_sy3sy2_phase4_wgs1__plateau_2022-10-11D_007__W003,4,test,fixed_physics,reference,1,dry_syngas_flow,136825.0943745475,55220.314898154415,-81604.7794763931,1.0,1,0.013309002377149682,0.12276292705345104,4001.619542181492,completed,poor,a2955d2a2f6e850b88d8b206f465d810e1ad86ab,55220.314898154415,0.0,0.0
R52-C-75,R52-C-75__P4__huayi_sy3sy2_phase4_wgs1__plateau_2022-10-11D_008__W001,4,test,fixed_physics,reference,1,CO_dry_vol_pct,64.444292672,82.84726897567137,18.402976303671366,1.0,1,0.014593132745004442,0.12836628774900832,4176.728268116713,completed,poor,a2955d2a2f6e850b88d8b206f465d810e1ad86ab,82.84726897567137,0.0,0.0
R52-C-75,R52-C-75__P4__huayi_sy3sy2_phase4_wgs1__plateau_2022-10-11D_008__W001,4,test,fixed_physics,reference,1,H2_dry_vol_pct,26.184946909333338,6.070298863978478e-17,-26.184946909333338,1.0,1,0.014593132745004442,0.12836628774900832,4176.728268116713,completed,poor,a2955d2a2f6e850b88d8b206f465d810e1ad86ab,6.070298863978478e-17,0.0,0.0
R52-C-75,R52-C-75__P4__huayi_sy3sy2_phase4_wgs1__plateau_2022-10-11D_008__W001,4,test,fixed_physics,reference,1,CO2_dry_vol_pct,8.629577009866667,13.264825547386822,4.635248537520155,1.0,1,0.014593132745004442,0.12836628774900832,4176.728268116713,completed,poor,a2955d2a2f6e850b88d8b206f465d810e1ad86ab,13.264825547386822,0.0,0.0
R52-C-75,R52-C-75__P4__huayi_sy3sy2_phase4_wgs1__plateau_2022-10-11D_008__W001,4,test,fixed_physics,reference,1,H2_CO_ratio,0.406323052860725,7.327095918829937e-19,-0.406323052860725,1.0,1,0.014593132745004442,0.12836628774900832,4176.728268116713,completed,poor,a2955d2a2f6e850b88d8b206f465d810e1ad86ab,7.327095918829937e-19,0.0,0.0
R52-C-75,R52-C-75__P4__huayi_sy3sy2_phase4_wgs1__plateau_2022-10-11D_008__W001,4,test,fixed_physics,reference,1,dry_syngas_flow,137156.36284060925,53993.89877367545,-83162.4640669338,1.0,1,0.014593132745004442,0.12836628774900832,4176.728268116713,completed,poor,a2955d2a2f6e850b88d8b206f465d810e1ad86ab,53993.89877367545,0.0,0.0
R52-C-75,R52-C-75__P4__huayi_sy3sy2_phase4_wgs1__plateau_2022-10-11D_008__W002,4,test,fixed_physics,reference,1,CO_dry_vol_pct,64.04580293866667,82.69777404924864,18.651971110581968,1.0,1,0.015163739054330345,0.13077539924477202,4241.807869017124,completed,poor,a2955d2a2f6e850b88d8b206f465d810e1ad86ab,82.69777404924864,0.0,0.0
R52-C-75,R52-C-75__P4__huayi_sy3sy2_phase4_wgs1__plateau_2022-10-11D_008__W002,4,test,fixed_physics,reference,1,H2_dry_vol_pct,26.15345603733333,2.1888344972536944e-13,-26.15345603733311,1.0,1,0.015163739054330345,0.13077539924477202,4241.807869017124,completed,poor,a2955d2a2f6e850b88d8b206f465d810e1ad86ab,2.1888344972536944e-13,0.0,0.0
R52-C-75,R52-C-75__P4__huayi_sy3sy2_phase4_wgs1__plateau_2022-10-11D_008__W002,4,test,fixed_physics,reference,1,CO2_dry_vol_pct,9.0779215036,13.326243081542824,4.248321577942823,1.0,1,0.015163739054330345,0.13077539924477202,4241.807869017124,completed,poor,a2955d2a2f6e850b88d8b206f465d810e1ad86ab,13.326243081542824,0.0,0.0
R52-C-75,R52-C-75__P4__huayi_sy3sy2_phase4_wgs1__plateau_2022-10-11D_008__W002,4,test,fixed_physics,reference,1,H2_CO_ratio,0.4083561392281232,2.646787682519952e-15,-0.40835613922812053,1.0,1,0.015163739054330345,0.13077539924477202,4241.807869017124,completed,poor,a2955d2a2f6e850b88d8b206f465d810e1ad86ab,2.646787682519952e-15,0.0,0.0
R52-C-75,R52-C-75__P4__huayi_sy3sy2_phase4_wgs1__plateau_2022-10-11D_008__W002,4,test,fixed_physics,reference,1,dry_syngas_flow,135991.79501952455,53348.67724502425,-82643.11777450031,1.0,1,0.015163739054330345,0.13077539924477202,4241.807869017124,completed,poor,a2955d2a2f6e850b88d8b206f465d810e1ad86ab,53348.67724502425,0.0,0.0
R52-C-75,R52-C-75__P4__huayi_sy3sy2_phase4_wgs1__plateau_2022-10-11D_008__W003,4,test,fixed_physics,reference,1,CO_dry_vol_pct,64.256238388,82.5678652035833,18.311626815583296,1.0,1,0.01566667948046265,0.13286151114929287,4305.948561549187,completed,poor,a2955d2a2f6e850b88d8b206f465d810e1ad86ab,82.5678652035833,0.0,0.0
R52-C-75,R52-C-75__P4__huayi_sy3sy2_phase4_wgs1__plateau_2022-10-11D_008__W003,4,test,fixed_physics,reference,1,H2_dry_vol_pct,26.36602994,3.620563280026493e-18,-26.36602994,1.0,1,0.01566667948046265,0.13286151114929287,4305.948561549187,completed,poor,a2955d2a2f6e850b88d8b206f465d810e1ad86ab,3.620563280026493e-18,0.0,0.0
R52-C-75,R52-C-75__P4__huayi_sy3sy2_phase4_wgs1__plateau_2022-10-11D_008__W003,4,test,fixed_physics,reference,1,CO2_dry_vol_pct,8.608786961733331,13.37890534228346,4.770118380550128,1.0,1,0.01566667948046265,0.13286151114929287,4305.948561549187,completed,poor,a2955d2a2f6e850b88d8b206f465d810e1ad86ab,13.37890534228346,0.0,0.0
R52-C-75,R52-C-75__P4__huayi_sy3sy2_phase4_wgs1__plateau_2022-10-11D_008__W003,4,test,fixed_physics,reference,1,H2_CO_ratio,0.4103342401837222,4.384954450620055e-20,-0.4103342401837222,1.0,1,0.01566667948046265,0.13286151114929287,4305.948561549187,completed,poor,a2955d2a2f6e850b88d8b206f465d810e1ad86ab,4.384954450620055e-20,0.0,0.0
R52-C-75,R52-C-75__P4__huayi_sy3sy2_phase4_wgs1__plateau_2022-10-11D_008__W003,4,test,fixed_physics,reference,1,dry_syngas_flow,136978.1755701889,52896.43619335379,-84081.73937683512,1.0,1,0.01566667948046265,0.13286151114929287,4305.948561549187,completed,poor,a2955d2a2f6e850b88d8b206f465d810e1ad86ab,52896.43619335379,0.0,0.0
R52-C-75,R52-C-75__P4__huayi_sy3sy2_phase4_wgs1__shift_evening_handover_2022-10-11__W001,4,test,fixed_physics,reference,1,CO_dry_vol_pct,64.19336817733334,82.52309753298853,18.32972935565519,1.0,1,0.015841905685236544,0.133580226463013,4331.434801310301,completed,poor,a2955d2a2f6e850b88d8b206f465d810e1ad86ab,82.52309753298853,0.0,0.0
R52-C-75,R52-C-75__P4__huayi_sy3sy2_phase4_wgs1__shift_evening_handover_2022-10-11__W001,4,test,fixed_physics,reference,1,H2_dry_vol_pct,26.30245188,4.846632592135323e-16,-26.30245188,1.0,1,0.015841905685236544,0.133580226463013,4331.434801310301,completed,poor,a2955d2a2f6e850b88d8b206f465d810e1ad86ab,4.846632592135323e-16,0.0,0.0
R52-C-75,R52-C-75__P4__huayi_sy3sy2_phase4_wgs1__shift_evening_handover_2022-10-11__W001,4,test,fixed_physics,reference,1,CO2_dry_vol_pct,8.784614966399998,13.396878929666833,4.612263963266836,1.0,1,0.015841905685236544,0.133580226463013,4331.434801310301,completed,poor,a2955d2a2f6e850b88d8b206f465d810e1ad86ab,13.396878929666833,0.0,0.0
R52-C-75,R52-C-75__P4__huayi_sy3sy2_phase4_wgs1__shift_evening_handover_2022-10-11__W001,4,test,fixed_physics,reference,1,H2_CO_ratio,0.409741372657507,5.873061890579042e-18,-0.409741372657507,1.0,1,0.015841905685236544,0.133580226463013,4331.434801310301,completed,poor,a2955d2a2f6e850b88d8b206f465d810e1ad86ab,5.873061890579042e-18,0.0,0.0
R52-C-75,R52-C-75__P4__huayi_sy3sy2_phase4_wgs1__shift_evening_handover_2022-10-11__W001,4,test,fixed_physics,reference,1,dry_syngas_flow,136616.59951076444,52782.87087163781,-83833.72863912664,1.0,1,0.015841905685236544,0.133580226463013,4331.434801310301,completed,poor,a2955d2a2f6e850b88d8b206f465d810e1ad86ab,52782.87087163781,0.0,0.0
R52-C-75,R52-C-75__P4__huayi_sy3sy2_phase4_wgs1__plateau_2022-10-11N_009__W001,4,test,fixed_physics,reference,1,CO_dry_vol_pct,63.91786433733334,82.54475145439623,18.626887117062893,1.0,1,0.01575710460526767,0.13323286362662246,4320.327953994274,completed,poor,a2955d2a2f6e850b88d8b206f465d810e1ad86ab,82.54475145439623,0.0,0.0
R52-C-75,R52-C-75__P4__huayi_sy3sy2_phase4_wgs1__plateau_2022-10-11N_009__W001,4,test,fixed_physics,reference,1,H2_dry_vol_pct,26.21391532,1.571508717145849e-16,-26.21391532,1.0,1,0.01575710460526767,0.13323286362662246,4320.327953994274,completed,poor,a2955d2a2f6e850b88d8b206f465d810e1ad86ab,1.571508717145849e-16,0.0,0.0
R52-C-75,R52-C-75__P4__huayi_sy3sy2_phase4_wgs1__plateau_2022-10-11N_009__W001,4,test,fixed_physics,reference,1,CO2_dry_vol_pct,9.138149151733332,13.388187144478383,4.250037992745051,1.0,1,0.01575710460526767,0.13323286362662246,4320.327953994274,completed,poor,a2955d2a2f6e850b88d8b206f465d810e1ad86ab,13.388187144478383,0.0,0.0
R52-C-75,R52-C-75__P4__huayi_sy3sy2_phase4_wgs1__plateau_2022-10-11N_009__W001,4,test,fixed_physics,reference,1,H2_CO_ratio,0.410123458800239,1.9038263359652437e-18,-0.410123458800239,1.0,1,0.01575710460526767,0.13323286362662246,4320.327953994274,completed,poor,a2955d2a2f6e850b88d8b206f465d810e1ad86ab,1.9038263359652437e-18,0.0,0.0
R52-C-75,R52-C-75__P4__huayi_sy3sy2_phase4_wgs1__plateau_2022-10-11N_009__W001,4,test,fixed_physics,reference,1,dry_syngas_flow,135307.58787081367,52852.561573709936,-82455.02629710373,1.0,1,0.01575710460526767,0.13323286362662246,4320.327953994274,completed,poor,a2955d2a2f6e850b88d8b206f465d810e1ad86ab,52852.561573709936,0.0,0.0
R52-C-75,R52-C-75__P4__huayi_sy3sy2_phase4_wgs1__plateau_2022-10-11N_009__W002,4,test,fixed_physics,reference,1,CO_dry_vol_pct,63.931436388,82.79983435913931,18.86839797113931,1.0,1,0.014773703756125562,0.12913358717751858,4199.707809597254,completed,poor,a2955d2a2f6e850b88d8b206f465d810e1ad86ab,82.79983435913931,0.0,0.0
R52-C-75,R52-C-75__P4__huayi_sy3sy2_phase4_wgs1__plateau_2022-10-11N_009__W002,4,test,fixed_physics,reference,1,H2_dry_vol_pct,26.263043389333337,7.569567778497084e-15,-26.26304338933333,1.0,1,0.014773703756125562,0.12913358717751858,4199.707809597254,completed,poor,a2955d2a2f6e850b88d8b206f465d810e1ad86ab,7.569567778497084e-15,0.0,0.0
R52-C-75,R52-C-75__P4__huayi_sy3sy2_phase4_wgs1__plateau_2022-10-11N_009__W002,4,test,fixed_physics,reference,1,CO2_dry_vol_pct,9.063825851066666,13.284362326293556,4.22053647522689,1.0,1,0.014773703756125562,0.12913358717751858,4199.707809597254,completed,poor,a2955d2a2f6e850b88d8b206f465d810e1ad86ab,13.284362326293556,0.0,0.0
R52-C-75,R52-C-75__P4__huayi_sy3sy2_phase4_wgs1__plateau_2022-10-11N_009__W002,4,test,fixed_physics,reference,1,H2_CO_ratio,0.4108069567492254,9.14200835917683e-17,-0.4108069567492253,1.0,1,0.014773703756125562,0.12913358717751858,4199.707809597254,completed,poor,a2955d2a2f6e850b88d8b206f465d810e1ad86ab,9.14200835917683e-17,0.0,0.0
R52-C-75,R52-C-75__P4__huayi_sy3sy2_phase4_wgs1__plateau_2022-10-11N_009__W002,4,test,fixed_physics,reference,1,dry_syngas_flow,136523.3210220265,53816.23519202521,-82707.08583000129,1.0,1,0.014773703756125562,0.12913358717751858,4199.707809597254,completed,poor,a2955d2a2f6e850b88d8b206f465d810e1ad86ab,53816.23519202521,0.0,0.0
R52-C-75,R52-C-75__P4__huayi_sy3sy2_phase4_wgs1__plateau_2022-10-11N_009__W003,4,test,fixed_physics,reference,1,CO_dry_vol_pct,64.51372475733334,82.71772342853852,18.203998671205184,1.0,1,0.0150879909332263,0.1304581499098633,4241.192584574223,completed,poor,a2955d2a2f6e850b88d8b206f465d810e1ad86ab,82.71772342853852,0.0,0.0
R52-C-75,R52-C-75__P4__huayi_sy3sy2_phase4_wgs1__plateau_2022-10-11N_009__W003,4,test,fixed_physics,reference,1,H2_dry_vol_pct,26.241503150666663,5.798733669770872e-19,-26.241503150666663,1.0,1,0.0150879909332263,0.1304581499098633,4241.192584574223,completed,poor,a2955d2a2f6e850b88d8b206f465d810e1ad86ab,5.798733669770872e-19,0.0,0.0
R52-C-75,R52-C-75__P4__huayi_sy3sy2_phase4_wgs1__plateau_2022-10-11N_009__W003,4,test,fixed_physics,reference,1,CO2_dry_vol_pct,8.492468518533332,13.31801787457277,4.8255493560394385,1.0,1,0.0150879909332263,0.1304581499098633,4241.192584574223,completed,poor,a2955d2a2f6e850b88d8b206f465d810e1ad86ab,13.31801787457277,0.0,0.0
R52-C-75,R52-C-75__P4__huayi_sy3sy2_phase4_wgs1__plateau_2022-10-11N_009__W003,4,test,fixed_physics,reference,1,H2_CO_ratio,0.4067595263541621,7.010267484912726e-21,-0.4067595263541621,1.0,1,0.0150879909332263,0.1304581499098633,4241.192584574223,completed,poor,a2955d2a2f6e850b88d8b206f465d810e1ad86ab,7.010267484912726e-21,0.0,0.0
R52-C-75,R52-C-75__P4__huayi_sy3sy2_phase4_wgs1__plateau_2022-10-11N_009__W003,4,test,fixed_physics,reference,1,dry_syngas_flow,138279.71452432888,53534.43149526929,-84745.28302905959,1.0,1,0.0150879909332263,0.1304581499098633,4241.192584574223,completed,poor,a2955d2a2f6e850b88d8b206f465d810e1ad86ab,53534.43149526929,0.0,0.0
R52-C-75,R52-C-75__P4__huayi_sy3sy2_phase4_wgs1__plateau_2022-10-11N_009__W004,4,test,fixed_physics,reference,1,CO_dry_vol_pct,64.815687,82.71996539964181,17.90427839964181,1.0,1,0.01507867660428748,0.13041925367226959,4239.106301754713,completed,poor,a2955d2a2f6e850b88d8b206f465d810e1ad86ab,82.71996539964181,0.0,0.0
R52-C-75,R52-C-75__P4__huayi_sy3sy2_phase4_wgs1__plateau_2022-10-11N_009__W004,4,test,fixed_physics,reference,1,H2_dry_vol_pct,26.31384755466667,3.061316817096197e-16,-26.31384755466667,1.0,1,0.01507867660428748,0.13041925367226959,4239.106301754713,completed,poor,a2955d2a2f6e850b88d8b206f465d810e1ad86ab,3.061316817096197e-16,0.0,0.0
R52-C-75,R52-C-75__P4__huayi_sy3sy2_phase4_wgs1__plateau_2022-10-11N_009__W004,4,test,fixed_physics,reference,1,CO2_dry_vol_pct,8.0893161844,13.317160881583428,5.2278446971834285,1.0,1,0.01507867660428748,0.13041925367226959,4239.106301754713,completed,poor,a2955d2a2f6e850b88d8b206f465d810e1ad86ab,13.317160881583428,0.0,0.0
R52-C-75,R52-C-75__P4__huayi_sy3sy2_phase4_wgs1__plateau_2022-10-11N_009__W004,4,test,fixed_physics,reference,1,H2_CO_ratio,0.4059818060279888,3.700819750475201e-18,-0.4059818060279888,1.0,1,0.01507867660428748,0.13041925367226959,4239.106301754713,completed,poor,a2955d2a2f6e850b88d8b206f465d810e1ad86ab,3.700819750475201e-18,0.0,0.0
R52-C-75,R52-C-75__P4__huayi_sy3sy2_phase4_wgs1__plateau_2022-10-11N_009__W004,4,test,fixed_physics,reference,1,dry_syngas_flow,138936.53846362265,53531.18827751755,-85405.3501861051,1.0,1,0.01507867660428748,0.13041925367226959,4239.106301754713,completed,poor,a2955d2a2f6e850b88d8b206f465d810e1ad86ab,53531.18827751755,0.0,0.0
R52-C-75,R52-C-75__P4__huayi_sy3sy2_phase4_wgs1__plateau_2022-10-11N_009__W005,4,test,fixed_physics,reference,1,CO_dry_vol_pct,64.46017079333336,82.6627730819824,18.202602288649032,1.0,1,0.015297738439458867,0.13133480104652623,4270.480789780617,completed,poor,a2955d2a2f6e850b88d8b206f465d810e1ad86ab,82.6627730819824,0.0,0.0
R52-C-75,R52-C-75__P4__huayi_sy3sy2_phase4_wgs1__plateau_2022-10-11N_009__W005,4,test,fixed_physics,reference,1,H2_dry_vol_pct,26.17235382933333,7.339324929003167e-16,-26.17235382933333,1.0,1,0.015297738439458867,0.13133480104652623,4270.480789780617,completed,poor,a2955d2a2f6e850b88d8b206f465d810e1ad86ab,7.339324929003167e-16,0.0,0.0
R52-C-75,R52-C-75__P4__huayi_sy3sy2_phase4_wgs1__plateau_2022-10-11N_009__W005,4,test,fixed_physics,reference,1,CO2_dry_vol_pct,8.628939237866666,13.340534844225207,4.711595606358541,1.0,1,0.015297738439458867,0.13133480104652623,4270.480789780617,completed,poor,a2955d2a2f6e850b88d8b206f465d810e1ad86ab,13.340534844225207,0.0,0.0
R52-C-75,R52-C-75__P4__huayi_sy3sy2_phase4_wgs1__plateau_2022-10-11N_009__W005,4,test,fixed_physics,reference,1,H2_CO_ratio,0.4060283721132489,8.878633821931246e-18,-0.4060283721132489,1.0,1,0.015297738439458867,0.13133480104652623,4270.480789780617,completed,poor,a2955d2a2f6e850b88d8b206f465d810e1ad86ab,8.878633821931246e-18,0.0,0.0
R52-C-75,R52-C-75__P4__huayi_sy3sy2_phase4_wgs1__plateau_2022-10-11N_009__W005,4,test,fixed_physics,reference,1,dry_syngas_flow,137489.2152743003,53370.162268080305,-84119.05300622,1.0,1,0.015297738439458867,0.13133480104652623,4270.480789780617,completed,poor,a2955d2a2f6e850b88d8b206f465d810e1ad86ab,53370.162268080305,0.0,0.0
R52-C-75,R52-C-75__P1__huayi_sy3_phase1_wgs1__shift_morning_handover_2022-09-28__W001,1,train,global_bounded_wgs_scalar,reference,1,CO_dry_vol_pct,61.58272897733334,79.71990026281316,18.137171285479816,0.05,1,0.0051083566088994,,,completed,poor,a2955d2a2f6e850b88d8b206f465d810e1ad86ab,79.84411292758917,-0.12421266477601023,-0.0015556897086283496
R52-C-75,R52-C-75__P1__huayi_sy3_phase1_wgs1__shift_morning_handover_2022-09-28__W001,1,train,global_bounded_wgs_scalar,reference,1,H2_dry_vol_pct,28.04748375466668,4.2493289111986423e-19,-28.04748375466668,0.05,1,0.0051083566088994,,,completed,poor,a2955d2a2f6e850b88d8b206f465d810e1ad86ab,4.159132496477343e-17,-4.116639207365357e-17,-4.116639207365357e-05
R52-C-75,R52-C-75__P1__huayi_sy3_phase1_wgs1__shift_morning_handover_2022-09-28__W001,1,train,global_bounded_wgs_scalar,reference,1,CO2_dry_vol_pct,9.640943049733332,17.647842535130966,8.006899485397634,0.05,1,0.0051083566088994,,,completed,poor,a2955d2a2f6e850b88d8b206f465d810e1ad86ab,17.53228332881843,0.11555920631253613,0.006591223980654442
R52-C-75,R52-C-75__P1__huayi_sy3_phase1_wgs1__shift_morning_handover_2022-09-28__W001,1,train,global_bounded_wgs_scalar,reference,1,H2_CO_ratio,0.455449205751745,5.330323918105578e-21,-0.455449205751745,0.05,1,0.0051083566088994,,,completed,poor,a2955d2a2f6e850b88d8b206f465d810e1ad86ab,5.209065946100837e-19,-5.155762706919781e-19,-5.155762706919782e-07
R52-C-75,R52-C-75__P1__huayi_sy3_phase1_wgs1__shift_morning_handover_2022-09-28__W001,1,train,global_bounded_wgs_scalar,reference,1,dry_syngas_flow,127960.92149288942,127960.92149288942,0.0,0.05,1,0.0051083566088994,,,completed,poor,a2955d2a2f6e850b88d8b206f465d810e1ad86ab,60872.95157348457,67087.96991940486,1.1020981927977922
R52-C-75,R52-C-75__P1__huayi_sy3_phase1_wgs1__plateau_2022-09-28D_007__W001,1,train,global_bounded_wgs_scalar,reference,1,CO_dry_vol_pct,61.553889556,78.35458180193604,16.800692245936034,0.05,1,0.0075630393794139,,,completed,poor,a2955d2a2f6e850b88d8b206f465d810e1ad86ab,78.51331160952584,-0.1587298075898076,-0.0020216929376158078
R52-C-75,R52-C-75__P1__huayi_sy3_phase1_wgs1__plateau_2022-09-28D_007__W001,1,train,global_bounded_wgs_scalar,reference,1,H2_dry_vol_pct,28.2814948,9.255302249938863e-21,-28.2814948,0.05,1,0.0075630393794139,,,completed,poor,a2955d2a2f6e850b88d8b206f465d810e1ad86ab,1.536861723551377e-13,-1.5368616309983545e-13,-0.15368616309983546
R52-C-75,R52-C-75__P1__huayi_sy3_phase1_wgs1__plateau_2022-09-28D_007__W001,1,train,global_bounded_wgs_scalar,reference,1,CO2_dry_vol_pct,9.431882005066669,18.468766700264545,9.036884695197877,0.05,1,0.0075630393794139,,,completed,poor,a2955d2a2f6e850b88d8b206f465d810e1ad86ab,18.32869750601418,0.14006919425036557,0.0076420702673719604
R52-C-75,R52-C-75__P1__huayi_sy3_phase1_wgs1__plateau_2022-09-28D_007__W001,1,train,global_bounded_wgs_scalar,reference,1,H2_CO_ratio,0.459466820509318,1.1812075359338052e-22,-0.459466820509318,0.05,1,0.0075630393794139,,,completed,poor,a2955d2a2f6e850b88d8b206f465d810e1ad86ab,1.9574537005835745e-15,-1.957453582462821e-15,-0.001957453582462821
R52-C-75,R52-C-75__P1__huayi_sy3_phase1_wgs1__plateau_2022-09-28D_007__W001,1,train,global_bounded_wgs_scalar,reference,1,dry_syngas_flow,118317.4940019678,118317.4940019678,0.0,0.05,1,0.0075630393794139,,,completed,poor,a2955d2a2f6e850b88d8b206f465d810e1ad86ab,53094.86586948383,65222.62813248397,1.228416854707049
R52-C-75,R52-C-75__P1__huayi_sy3_phase1_wgs1__plateau_2022-09-28D_007__W002,1,train,global_bounded_wgs_scalar,reference,1,CO_dry_vol_pct,60.87766345466667,78.34861941441893,17.470955959752267,0.05,1,0.0075665333659792,,,completed,poor,a2955d2a2f6e850b88d8b206f465d810e1ad86ab,78.51007725674211,-0.1614578423231734,-0.0020565237987879843
R52-C-75,R52-C-75__P1__huayi_sy3_phase1_wgs1__plateau_2022-09-28D_007__W002,1,train,global_bounded_wgs_scalar,reference,1,H2_dry_vol_pct,28.031562656,6.335227337851388e-21,-28.031562656,0.05,1,0.0075665333659792,,,completed,poor,a2955d2a2f6e850b88d8b206f465d810e1ad86ab,3.1703625967999217e-16,-3.170299244526543e-16,-0.0003170299244526543
R52-C-75,R52-C-75__P1__huayi_sy3_phase1_wgs1__plateau_2022-09-28D_007__W002,1,train,global_bounded_wgs_scalar,reference,1,CO2_dry_vol_pct,10.373013522666668,18.473110885310028,8.10009736264336,0.05,1,0.0075665333659792,,,completed,poor,a2955d2a2f6e850b88d8b206f465d810e1ad86ab,18.33061291556249,0.14249796974753792,0.007773770053622086
R52-C-75,R52-C-75__P1__huayi_sy3_phase1_wgs1__plateau_2022-09-28D_007__W002,1,train,global_bounded_wgs_scalar,reference,1,H2_CO_ratio,0.4604704475327328,8.085946357703759e-23,-0.4604704475327328,0.05,1,0.0075665333659792,,,completed,poor,a2955d2a2f6e850b88d8b206f465d810e1ad86ab,4.038160077759527e-18,-4.0380792182959505e-18,-4.038079218295951e-06
R52-C-75,R52-C-75__P1__huayi_sy3_phase1_wgs1__plateau_2022-09-28D_007__W002,1,train,global_bounded_wgs_scalar,reference,1,dry_syngas_flow,117737.07092232766,117737.07092232766,0.0,0.05,1,0.0075665333659792,,,completed,poor,a2955d2a2f6e850b88d8b206f465d810e1ad86ab,53207.04858299819,64530.02233932947,1.212809656951155
R52-C-75,R52-C-75__P1__huayi_sy3_phase1_wgs1__plateau_2022-09-28D_007__W003,1,train,global_bounded_wgs_scalar,reference,1,CO_dry_vol_pct,61.46766286266667,78.30427209950072,16.83660923683405,0.05,1,0.0076516875994206,,,completed,poor,a2955d2a2f6e850b88d8b206f465d810e1ad86ab,78.46785728846906,-0.16358518896834084,-0.0020847413784596852
R52-C-75,R52-C-75__P1__huayi_sy3_phase1_wgs1__plateau_2022-09-28D_007__W003,1,train,global_bounded_wgs_scalar,reference,1,H2_dry_vol_pct,28.147541232,4.797746869714283e-18,-28.147541232,0.05,1,0.0076516875994206,,,completed,poor,a2955d2a2f6e850b88d8b206f465d810e1ad86ab,3.446763587963039e-17,-2.966988900991611e-17,-2.9669889009916108e-05
R52-C-75,R52-C-75__P1__huayi_sy3_phase1_wgs1__plateau_2022-09-28D_007__W003,1,train,global_bounded_wgs_scalar,reference,1,CO2_dry_vol_pct,9.667996970933332,18.499381015798807,8.831384044865475,0.05,1,0.0076516875994206,,,completed,poor,a2955d2a2f6e850b88d8b206f465d810e1ad86ab,18.35526508408379,0.14411593171501735,0.0078514764594701
R52-C-75,R52-C-75__P1__huayi_sy3_phase1_wgs1__plateau_2022-09-28D_007__W003,1,train,global_bounded_wgs_scalar,reference,1,H2_CO_ratio,0.4579281692698128,6.127056341980701e-20,-0.4579281692698128,0.05,1,0.0076516875994206,,,completed,poor,a2955d2a2f6e850b88d8b206f465d810e1ad86ab,4.392580232300475e-19,-3.7798745981024047e-19,-3.779874598102405e-07
R52-C-75,R52-C-75__P1__huayi_sy3_phase1_wgs1__plateau_2022-09-28D_007__W003,1,train,global_bounded_wgs_scalar,reference,1,dry_syngas_flow,119649.07303922584,119649.07303922584,0.0,0.05,1,0.0076516875994206,,,completed,poor,a2955d2a2f6e850b88d8b206f465d810e1ad86ab,53095.243747988825,66553.82929123702,1.253480059478171
R52-C-75,R52-C-75__P1__huayi_sy3_phase1_wgs1__plateau_2022-09-28D_008__W001,1,train,global_bounded_wgs_scalar,reference,1,CO_dry_vol_pct,61.399839148000005,78.81960616736066,17.419767019360656,0.05,1,0.0066760042305289,,,completed,poor,a2955d2a2f6e850b88d8b206f465d810e1ad86ab,78.96434122837134,-0.14473506101067812,-0.0018329167160667178
R52-C-75,R52-C-75__P1__huayi_sy3_phase1_wgs1__plateau_2022-09-28D_008__W001,1,train,global_bounded_wgs_scalar,reference,1,H2_dry_vol_pct,28.088573688000004,6.809232051540051e-18,-28.088573688000004,0.05,1,0.0066760042305289,,,completed,poor,a2955d2a2f6e850b88d8b206f465d810e1ad86ab,8.410364333429529e-18,-1.6011322818894779e-18,-1.6011322818894779e-06
R52-C-75,R52-C-75__P1__huayi_sy3_phase1_wgs1__plateau_2022-09-28D_008__W001,1,train,global_bounded_wgs_scalar,reference,1,CO2_dry_vol_pct,9.771940580000004,18.19316581217281,8.42122523217281,0.05,1,0.0066760042305289,,,completed,poor,a2955d2a2f6e850b88d8b206f465d810e1ad86ab,18.063165491897216,0.13000032027559527,0.007196984400874303
R52-C-75,R52-C-75__P1__huayi_sy3_phase1_wgs1__plateau_2022-09-28D_008__W001,1,train,global_bounded_wgs_scalar,reference,1,H2_CO_ratio,0.4574752757984383,8.639007960889516e-20,-0.4574752757984383,0.05,1,0.0066760042305289,,,completed,poor,a2955d2a2f6e850b88d8b206f465d810e1ad86ab,1.0650838343735518e-19,-2.0118303828460026e-20,-2.0118303828460025e-08
R52-C-75,R52-C-75__P1__huayi_sy3_phase1_wgs1__plateau_2022-09-28D_008__W001,1,train,global_bounded_wgs_scalar,reference,1,dry_syngas_flow,119579.50490662309,119579.50490662309,0.0,0.05,1,0.0066760042305289,,,completed,poor,a2955d2a2f6e850b88d8b206f465d810e1ad86ab,54203.28063635919,65376.2242702639,1.2061303947423798
R52-C-75,R52-C-75__P1__huayi_sy3_phase1_wgs1__plateau_2022-09-28D_008__W002,1,train,global_bounded_wgs_scalar,reference,1,CO_dry_vol_pct,61.489480728,78.83647987759413,17.346999149594133,0.05,1,0.0066446728416685,,,completed,poor,a2955d2a2f6e850b88d8b206f465d810e1ad86ab,78.98079719725777,-0.14431731966364225,-0.0018272456696430126
R52-C-75,R52-C-75__P1__huayi_sy3_phase1_wgs1__plateau_2022-09-28D_008__W002,1,train,global_bounded_wgs_scalar,reference,1,H2_dry_vol_pct,28.02526572666667,3.0234488594120913e-20,-28.02526572666667,0.05,1,0.0066446728416685,,,completed,poor,a2955d2a2f6e850b88d8b206f465d810e1ad86ab,1.808271636301202e-17,-1.80524818744179e-17,-1.80524818744179e-05
R52-C-75,R52-C-75__P1__huayi_sy3_phase1_wgs1__plateau_2022-09-28D_008__W002,1,train,global_bounded_wgs_scalar,reference,1,CO2_dry_vol_pct,9.732724354933332,18.18310318901264,8.450378834079302,0.05,1,0.0066446728416685,,,completed,poor,a2955d2a2f6e850b88d8b206f465d810e1ad86ab,18.053402648976956,0.1297005400356852,0.0071842711624800016
R52-C-75,R52-C-75__P1__huayi_sy3_phase1_wgs1__plateau_2022-09-28D_008__W002,1,train,global_bounded_wgs_scalar,reference,1,H2_CO_ratio,0.4557767085779336,3.8350886088603464e-22,-0.4557767085779336,0.05,1,0.0066446728416685,,,completed,poor,a2955d2a2f6e850b88d8b206f465d810e1ad86ab,2.2895079569594233e-19,-2.285672868350563e-19,-2.2856728683505631e-07
R52-C-75,R52-C-75__P1__huayi_sy3_phase1_wgs1__plateau_2022-09-28D_008__W002,1,train,global_bounded_wgs_scalar,reference,1,dry_syngas_flow,120577.56866933992,120577.56866933992,0.0,0.05,1,0.0066446728416685,,,completed,poor,a2955d2a2f6e850b88d8b206f465d810e1ad86ab,54261.127544567826,66316.4411247721,1.2221721907695808
R52-C-75,R52-C-75__P1__huayi_sy3_phase1_wgs1__plateau_2022-09-28D_008__W003,1,train,global_bounded_wgs_scalar,reference,1,CO_dry_vol_pct,61.724460024,78.88351236244611,17.15905233844611,0.05,1,0.0065542097955196,,,completed,poor,a2955d2a2f6e850b88d8b206f465d810e1ad86ab,79.02782167007881,-0.144309307632696,-0.0018260570085703604
R52-C-75,R52-C-75__P1__huayi_sy3_phase1_wgs1__plateau_2022-09-28D_008__W003,1,train,global_bounded_wgs_scalar,reference,1,H2_dry_vol_pct,28.168928183999995,1.3548068055394986e-19,-28.168928183999995,0.05,1,0.0065542097955196,,,completed,poor,a2955d2a2f6e850b88d8b206f465d810e1ad86ab,5.334279488120904e-15,-5.3341440074403495e-15,-0.005334144007440349
R52-C-75,R52-C-75__P1__huayi_sy3_phase1_wgs1__plateau_2022-09-28D_008__W003,1,train,global_bounded_wgs_scalar,reference,1,CO2_dry_vol_pct,9.391769280266663,18.15539715215897,8.763627871892309,0.05,1,0.0065542097955196,,,completed,poor,a2955d2a2f6e850b88d8b206f465d810e1ad86ab,18.025473303903386,0.1299238482555829,0.007207791222183781
R52-C-75,R52-C-75__P1__huayi_sy3_phase1_wgs1__plateau_2022-09-28D_008__W003,1,train,global_bounded_wgs_scalar,reference,1,H2_CO_ratio,0.4563724654431634,1.717477790941366e-21,-0.4563724654431634,0.05,1,0.0065542097955196,,,completed,poor,a2955d2a2f6e850b88d8b206f465d810e1ad86ab,6.749875392479086e-17,-6.749703644699992e-17,-6.749703644699993e-05
R52-C-75,R52-C-75__P1__huayi_sy3_phase1_wgs1__plateau_2022-09-28D_008__W003,1,train,global_bounded_wgs_scalar,reference,1,dry_syngas_flow,121695.5001073801,121695.5001073801,0.0,0.05,1,0.0065542097955196,,,completed,poor,a2955d2a2f6e850b88d8b206f465d810e1ad86ab,54459.00736767526,67236.49273970485,1.2346257486069019
R52-C-75,R52-C-75__P1__huayi_sy3_phase1_wgs1__shift_evening_handover_2022-09-28__W001,1,train,global_bounded_wgs_scalar,reference,1,CO_dry_vol_pct,61.73646282133333,78.94082328995404,17.204360468620706,0.05,1,0.0064558384012904,,,completed,poor,a2955d2a2f6e850b88d8b206f465d810e1ad86ab,79.0814290978812,-0.14060580792715882,-0.001777987696114182
R52-C-75,R52-C-75__P1__huayi_sy3_phase1_wgs1__shift_evening_handover_2022-09-28__W001,1,train,global_bounded_wgs_scalar,reference,1,H2_dry_vol_pct,28.166503622666667,1.8456552527812577e-21,-28.166503622666667,0.05,1,0.0064558384012904,,,completed,poor,a2955d2a2f6e850b88d8b206f465d810e1ad86ab,1.3057153356216831e-14,-1.3057151510561578e-14,-0.013057151510561579
R52-C-75,R52-C-75__P1__huayi_sy3_phase1_wgs1__shift_evening_handover_2022-09-28__W001,1,train,global_bounded_wgs_scalar,reference,1,CO2_dry_vol_pct,9.365316044399998,18.120358949869903,8.755042905469905,0.05,1,0.0064558384012904,,,completed,poor,a2955d2a2f6e850b88d8b206f465d810e1ad86ab,17.99349572814893,0.1268632217209742,0.007050504451033939
R52-C-75,R52-C-75__P1__huayi_sy3_phase1_wgs1__shift_evening_handover_2022-09-28__W001,1,train,global_bounded_wgs_scalar,reference,1,H2_CO_ratio,0.4562450446745795,2.3380238207068897e-23,-0.4562450446745795,0.05,1,0.0064558384012904,,,completed,poor,a2955d2a2f6e850b88d8b206f465d810e1ad86ab,1.6511023517361635e-16,-1.6511021179337814e-16,-0.00016511021179337813
R52-C-75,R52-C-75__P1__huayi_sy3_phase1_wgs1__shift_evening_handover_2022-09-28__W001,1,train,global_bounded_wgs_scalar,reference,1,dry_syngas_flow,121867.2214462184,121867.2214462184,0.0,0.05,1,0.0064558384012904,,,completed,poor,a2955d2a2f6e850b88d8b206f465d810e1ad86ab,54553.339577383624,67313.88186883478,1.2339094616444222
R52-C-75,R52-C-75__P1__huayi_sy3_phase1_wgs1__plateau_2022-09-28N_009__W001,1,train,global_bounded_wgs_scalar,reference,1,CO_dry_vol_pct,61.98462266400001,78.96177591667363,16.977153252673624,0.05,1,0.0064163670629135,,,completed,poor,a2955d2a2f6e850b88d8b206f465d810e1ad86ab,79.10226005312376,-0.14048413645012658,-0.001775981322857018
R52-C-75,R52-C-75__P1__huayi_sy3_phase1_wgs1__plateau_2022-09-28N_009__W001,1,train,global_bounded_wgs_scalar,reference,1,H2_dry_vol_pct,28.13315692,1.1423595490379044e-20,-28.13315692,0.05,1,0.0064163670629135,,,completed,poor,a2955d2a2f6e850b88d8b206f465d810e1ad86ab,1.0669971230375263e-14,-1.0669959806779773e-14,-0.010669959806779773
R52-C-75,R52-C-75__P1__huayi_sy3_phase1_wgs1__plateau_2022-09-28N_009__W001,1,train,global_bounded_wgs_scalar,reference,1,CO2_dry_vol_pct,9.163403144533332,18.10795255184166,8.944549407308328,0.05,1,0.0064163670629135,,,completed,poor,a2955d2a2f6e850b88d8b206f465d810e1ad86ab,17.981071271260333,0.1268812805813262,0.007056380494087925
R52-C-75,R52-C-75__P1__huayi_sy3_phase1_wgs1__plateau_2022-09-28N_009__W001,1,train,global_bounded_wgs_scalar,reference,1,H2_CO_ratio,0.4538802368168525,1.4467247421631037e-22,-0.4538802368168525,0.05,1,0.0064163670629135,,,completed,poor,a2955d2a2f6e850b88d8b206f465d810e1ad86ab,1.3488832333247482e-16,-1.348881786600006e-16,-0.0001348881786600006
R52-C-75,R52-C-75__P1__huayi_sy3_phase1_wgs1__plateau_2022-09-28N_009__W001,1,train,global_bounded_wgs_scalar,reference,1,dry_syngas_flow,122651.20809922733,122651.20809922733,0.0,0.05,1,0.0064163670629135,,,completed,poor,a2955d2a2f6e850b88d8b206f465d810e1ad86ab,54704.573183312794,67946.63491591453,1.2420649858326858
R52-C-75,R52-C-75__P1__huayi_sy3_phase1_wgs1__plateau_2022-09-28N_009__W002,1,train,global_bounded_wgs_scalar,reference,1,CO_dry_vol_pct,61.85881827333332,79.09791177921615,17.239093505882828,0.05,1,0.0061713945629927,,,completed,poor,a2955d2a2f6e850b88d8b206f465d810e1ad86ab,79.23487538857668,-0.1369636093605351,-0.00172857733023306
R52-C-75,R52-C-75__P1__huayi_sy3_phase1_wgs1__plateau_2022-09-28N_009__W002,1,train,global_bounded_wgs_scalar,reference,1,H2_dry_vol_pct,28.107991872000003,3.3018407535409105e-19,-28.107991872000003,0.05,1,0.0061713945629927,,,completed,poor,a2955d2a2f6e850b88d8b206f465d810e1ad86ab,2.6346433403035586e-17,-2.6016249327681493e-17,-2.6016249327681493e-05
R52-C-75,R52-C-75__P1__huayi_sy3_phase1_wgs1__plateau_2022-09-28N_009__W002,1,train,global_bounded_wgs_scalar,reference,1,CO2_dry_vol_pct,9.296875770533331,18.02608163420661,8.729205863673277,0.05,1,0.0061713945629927,,,completed,poor,a2955d2a2f6e850b88d8b206f465d810e1ad86ab,17.901761422189814,0.12432021201679433,0.006944579870374956
R52-C-75,R52-C-75__P1__huayi_sy3_phase1_wgs1__plateau_2022-09-28N_009__W002,1,train,global_bounded_wgs_scalar,reference,1,H2_CO_ratio,0.4543918577567805,4.1743715848747675e-21,-0.4543918577567805,0.05,1,0.0061713945629927,,,completed,poor,a2955d2a2f6e850b88d8b206f465d810e1ad86ab,3.3251056777498206e-19,-3.283361961901073e-19,-3.283361961901073e-07
R52-C-75,R52-C-75__P1__huayi_sy3_phase1_wgs1__plateau_2022-09-28N_009__W002,1,train,global_bounded_wgs_scalar,reference,1,dry_syngas_flow,123123.78011046618,123123.78011046618,0.0,0.05,1,0.0061713945629927,,,completed,poor,a2955d2a2f6e850b88d8b206f465d810e1ad86ab,55135.087383751845,67988.69272671433,1.2331293184229253
R52-C-75,R52-C-75__P1__huayi_sy3_phase1_wgs1__plateau_2022-09-28N_009__W003,1,train,global_bounded_wgs_scalar,reference,1,CO_dry_vol_pct,62.12407606799998,79.143986644356,17.019910576356025,0.05,1,0.0060801951328559,,,completed,poor,a2955d2a2f6e850b88d8b206f465d810e1ad86ab,79.28297608140973,-0.13898943705372346,-0.0017530804710333484
R52-C-75,R52-C-75__P1__huayi_sy3_phase1_wgs1__plateau_2022-09-28N_009__W003,1,train,global_bounded_wgs_scalar,reference,1,H2_dry_vol_pct,28.305427888,5.0186348782223416e-20,-28.305427888,0.05,1,0.0060801951328559,,,completed,poor,a2955d2a2f6e850b88d8b206f465d810e1ad86ab,2.3141580241210797e-18,-2.2639716753388563e-18,-2.2639716753388565e-06
R52-C-75,R52-C-75__P1__huayi_sy3_phase1_wgs1__plateau_2022-09-28N_009__W003,1,train,global_bounded_wgs_scalar,reference,1,CO2_dry_vol_pct,8.821584091466667,17.999386021573233,9.177801930106568,0.05,1,0.0060801951328559,,,completed,poor,a2955d2a2f6e850b88d8b206f465d810e1ad86ab,17.872946885871173,0.12643913570206067,0.007074330635537929
R52-C-75,R52-C-75__P1__huayi_sy3_phase1_wgs1__plateau_2022-09-28N_009__W003,1,train,global_bounded_wgs_scalar,reference,1,H2_CO_ratio,0.4556347111538636,6.341144906907766e-22,-0.4556347111538636,0.05,1,0.0060801951328559,,,completed,poor,a2955d2a2f6e850b88d8b206f465d810e1ad86ab,2.91885867370171e-20,-2.8554472246326324e-20,-2.8554472246326323e-08
R52-C-75,R52-C-75__P1__huayi_sy3_phase1_wgs1__plateau_2022-09-28N_009__W003,1,train,global_bounded_wgs_scalar,reference,1,dry_syngas_flow,122621.6420082224,122621.6420082224,0.0,0.05,1,0.0060801951328559,,,completed,poor,a2955d2a2f6e850b88d8b206f465d810e1ad86ab,55304.30766340001,67317.33434482239,1.2172168351611516
R52-C-75,R52-C-75__P1__huayi_sy3_phase1_wgs1__plateau_2022-09-28N_009__W004,1,train,global_bounded_wgs_scalar,reference,1,CO_dry_vol_pct,61.73650178800001,79.163792019422,17.427290231421992,0.05,1,0.0060520971711546,,,completed,poor,a2955d2a2f6e850b88d8b206f465d810e1ad86ab,79.29992214300835,-0.1361301235863408,-0.001716648893309702
R52-C-75,R52-C-75__P1__huayi_sy3_phase1_wgs1__plateau_2022-09-28N_009__W004,1,train,global_bounded_wgs_scalar,reference,1,H2_dry_vol_pct,28.077803002666663,1.7742890385641608e-20,-28.077803002666663,0.05,1,0.0060520971711546,,,completed,poor,a2955d2a2f6e850b88d8b206f465d810e1ad86ab,2.0942469362652514e-14,-2.0942451619762128e-14,-0.020942451619762128
R52-C-75,R52-C-75__P1__huayi_sy3_phase1_wgs1__plateau_2022-09-28N_009__W004,1,train,global_bounded_wgs_scalar,reference,1,CO2_dry_vol_pct,9.484465930266666,17.986624587890525,8.502158657623859,0.05,1,0.0060520971711546,,,completed,poor,a2955d2a2f6e850b88d8b206f465d810e1ad86ab,17.862723054564935,0.12390153332558995,0.006936318328796242
R52-C-75,R52-C-75__P1__huayi_sy3_phase1_wgs1__plateau_2022-09-28N_009__W004,1,train,global_bounded_wgs_scalar,reference,1,H2_CO_ratio,0.4548055773543963,2.2412885907851126e-22,-0.4548055773543963,0.05,1,0.0060520971711546,,,completed,poor,a2955d2a2f6e850b88d8b206f465d810e1ad86ab,2.6409192842440833e-16,-2.6409170429554924e-16,-0.0002640917042955492
R52-C-75,R52-C-75__P1__huayi_sy3_phase1_wgs1__plateau_2022-09-28N_009__W004,1,train,global_bounded_wgs_scalar,reference,1,dry_syngas_flow,122116.8031811882,122116.8031811882,0.0,0.05,1,0.0060520971711546,,,completed,poor,a2955d2a2f6e850b88d8b206f465d810e1ad86ab,55162.880961713505,66953.92221947468,1.2137495549941437
R52-C-75,R52-C-75__P1__huayi_sy3_phase1_wgs1__plateau_2022-09-28N_009__W005,1,train,global_bounded_wgs_scalar,reference,1,CO_dry_vol_pct,62.078165766666665,79.2937853516767,17.21561958501004,0.05,1,0.0058338019694232,,,completed,poor,a2955d2a2f6e850b88d8b206f465d810e1ad86ab,79.42360186881608,-0.1298165171393748,-0.0016344828751759797
R52-C-75,R52-C-75__P1__huayi_sy3_phase1_wgs1__plateau_2022-09-28N_009__W005,1,train,global_bounded_wgs_scalar,reference,1,H2_dry_vol_pct,28.235774562666663,7.079189291830492e-20,-28.235774562666663,0.05,1,0.0058338019694232,,,completed,poor,a2955d2a2f6e850b88d8b206f465d810e1ad86ab,3.305050777768681e-13,-3.305050069849752e-13,-0.3305050069849752
R52-C-75,R52-C-75__P1__huayi_sy3_phase1_wgs1__plateau_2022-09-28N_009__W005,1,train,global_bounded_wgs_scalar,reference,1,CO2_dry_vol_pct,8.93234274,17.906870339873336,8.974527599873337,0.05,1,0.0058338019694232,,,completed,poor,a2955d2a2f6e850b88d8b206f465d810e1ad86ab,17.788158406809128,0.11871193306420835,0.006673649421671814
R52-C-75,R52-C-75__P1__huayi_sy3_phase1_wgs1__plateau_2022-09-28N_009__W005,1,train,global_bounded_wgs_scalar,reference,1,H2_CO_ratio,0.4548484172816991,8.92779838978995e-22,-0.4548484172816991,0.05,1,0.0058338019694232,,,completed,poor,a2955d2a2f6e850b88d8b206f465d810e1ad86ab,4.161295509145545e-15,-4.161294616365706e-15,-0.004161294616365706
R52-C-75,R52-C-75__P1__huayi_sy3_phase1_wgs1__plateau_2022-09-28N_009__W005,1,train,global_bounded_wgs_scalar,reference,1,dry_syngas_flow,122662.90779892437,122662.90779892437,0.0,0.05,1,0.0058338019694232,,,completed,poor,a2955d2a2f6e850b88d8b206f465d810e1ad86ab,55416.8669151045,67246.04088381986,1.21345800705112
R52-C-75,R52-C-75__P1__huayi_sy3_phase1_wgs1__plateau_2022-09-28N_009__W006,1,train,global_bounded_wgs_scalar,reference,1,CO_dry_vol_pct,62.18546928,79.26626940029719,17.08080012029719,0.05,1,0.005876938076787,,,completed,poor,a2955d2a2f6e850b88d8b206f465d810e1ad86ab,79.39836082926675,-0.1320914289695594,-0.0016636543574696776
R52-C-75,R52-C-75__P1__huayi_sy3_phase1_wgs1__plateau_2022-09-28N_009__W006,1,train,global_bounded_wgs_scalar,reference,1,H2_dry_vol_pct,28.34067974133333,2.101515803626309e-20,-28.34067974133333,0.05,1,0.005876938076787,,,completed,poor,a2955d2a2f6e850b88d8b206f465d810e1ad86ab,2.7044481732708074e-16,-2.7042380216904447e-16,-0.00027042380216904446
R52-C-75,R52-C-75__P1__huayi_sy3_phase1_wgs1__plateau_2022-09-28N_009__W006,1,train,global_bounded_wgs_scalar,reference,1,CO2_dry_vol_pct,8.715642940266667,17.924103214381343,9.208460274114676,0.05,1,0.005876938076787,,,completed,poor,a2955d2a2f6e850b88d8b206f465d810e1ad86ab,17.803420266698616,0.12068294768272736,0.006778638366947131
R52-C-75,R52-C-75__P1__huayi_sy3_phase1_wgs1__plateau_2022-09-28N_009__W006,1,train,global_bounded_wgs_scalar,reference,1,H2_CO_ratio,0.4557545783051447,2.651210684602283e-22,-0.4557545783051447,0.05,1,0.005876938076787,,,completed,poor,a2955d2a2f6e850b88d8b206f465d810e1ad86ab,3.4061763303732213e-18,-3.405911209304761e-18,-3.405911209304761e-06
R52-C-75,R52-C-75__P1__huayi_sy3_phase1_wgs1__plateau_2022-09-28N_009__W006,1,train,global_bounded_wgs_scalar,reference,1,dry_syngas_flow,123128.82687673732,123128.82687673732,0.0,0.05,1,0.005876938076787,,,completed,poor,a2955d2a2f6e850b88d8b206f465d810e1ad86ab,55421.012588514044,67707.81428822328,1.221699336151351
R52-C-75,R52-C-75__P1__huayi_sy3_phase1_wgs1__plateau_2022-09-28N_009__W007,1,train,global_bounded_wgs_scalar,reference,1,CO_dry_vol_pct,62.063059188,79.22921499936683,17.166155811366835,0.05,1,0.0059343838091532,,,completed,poor,a2955d2a2f6e850b88d8b206f465d810e1ad86ab,79.36469414845332,-0.1354791490864926,-0.0017070455640271986
R52-C-75,R52-C-75__P1__huayi_sy3_phase1_wgs1__plateau_2022-09-28N_009__W007,1,train,global_bounded_wgs_scalar,reference,1,H2_dry_vol_pct,28.325271425333334,1.2362890334594517e-21,-28.325271425333334,0.05,1,0.0059343838091532,,,completed,poor,a2955d2a2f6e850b88d8b206f465d810e1ad86ab,1.318864142728385e-16,-1.3188517798380506e-16,-0.00013188517798380506
R52-C-75,R52-C-75__P1__huayi_sy3_phase1_wgs1__plateau_2022-09-28N_009__W007,1,train,global_bounded_wgs_scalar,reference,1,CO2_dry_vol_pct,8.843321537599998,17.94738738137758,9.104065843777583,0.05,1,0.0059343838091532,,,completed,poor,a2955d2a2f6e850b88d8b206f465d810e1ad86ab,17.82376178288598,0.12362559849159993,0.006935999257480133
R52-C-75,R52-C-75__P1__huayi_sy3_phase1_wgs1__plateau_2022-09-28N_009__W007,1,train,global_bounded_wgs_scalar,reference,1,H2_CO_ratio,0.456396983230718,1.560395409028515e-23,-0.456396983230718,0.05,1,0.0059343838091532,,,completed,poor,a2955d2a2f6e850b88d8b206f465d810e1ad86ab,1.6617768856532378e-18,-1.6617612816991474e-18,-1.6617612816991475e-06
R52-C-75,R52-C-75__P1__huayi_sy3_phase1_wgs1__plateau_2022-09-28N_009__W007,1,train,global_bounded_wgs_scalar,reference,1,dry_syngas_flow,123478.23924333754,123478.23924333754,0.0,0.05,1,0.0059343838091532,,,completed,poor,a2955d2a2f6e850b88d8b206f465d810e1ad86ab,55418.16856104902,68060.07068228853,1.2281183671256315
R52-C-75,R52-C-75__P1__huayi_sy3_phase1_wgs1__shift_morning_handover_2022-09-29__W001,1,train,global_bounded_wgs_scalar,reference,1,CO_dry_vol_pct,62.14037912,79.04112769476421,16.900748574764215,0.05,1,0.0062677221401647,,,completed,poor,a2955d2a2f6e850b88d8b206f465d810e1ad86ab,79.18133500332223,-0.14020730855801844,-0.0017707116020730862
R52-C-75,R52-C-75__P1__huayi_sy3_phase1_wgs1__shift_morning_handover_2022-09-29__W001,1,train,global_bounded_wgs_scalar,reference,1,H2_dry_vol_pct,28.465586670666664,3.5371448392618036e-20,-28.465586670666664,0.05,1,0.0062677221401647,,,completed,poor,a2955d2a2f6e850b88d8b206f465d810e1ad86ab,4.773390258863883e-17,-4.769853114024621e-17,-4.769853114024621e-05
R52-C-75,R52-C-75__P1__huayi_sy3_phase1_wgs1__shift_morning_handover_2022-09-29__W001,1,train,global_bounded_wgs_scalar,reference,1,CO2_dry_vol_pct,8.642732472,18.060863887292683,9.418131415292684,0.05,1,0.0062677221401647,,,completed,poor,a2955d2a2f6e850b88d8b206f465d810e1ad86ab,17.93386126032776,0.1270026269649236,0.0070817223977232046
R52-C-75,R52-C-75__P1__huayi_sy3_phase1_wgs1__shift_morning_handover_2022-09-29__W001,1,train,global_bounded_wgs_scalar,reference,1,H2_CO_ratio,0.4580915354365056,4.4750687932000625e-22,-0.4580915354365056,0.05,1,0.0062677221401647,,,completed,poor,a2955d2a2f6e850b88d8b206f465d810e1ad86ab,6.028428617253807e-19,-6.023953548460607e-19,-6.023953548460607e-07
R52-C-75,R52-C-75__P1__huayi_sy3_phase1_wgs1__shift_morning_handover_2022-09-29__W001,1,train,global_bounded_wgs_scalar,reference,1,dry_syngas_flow,122976.13324366858,122976.13324366858,0.0,0.05,1,0.0062677221401647,,,completed,poor,a2955d2a2f6e850b88d8b206f465d810e1ad86ab,54954.834525702296,68021.29871796627,1.2377673284804964
R52-C-75,R52-C-75__P1__huayi_sy3_phase1_wgs1__plateau_2022-09-29D_010__W001,1,train,global_bounded_wgs_scalar,reference,1,CO_dry_vol_pct,61.74018060000001,78.41710510964297,16.676924509642966,0.05,1,0.0074272031637981,,,completed,poor,a2955d2a2f6e850b88d8b206f465d810e1ad86ab,78.57808093813196,-0.1609758284889864,-0.0020486098230845045
R52-C-75,R52-C-75__P1__huayi_sy3_phase1_wgs1__plateau_2022-09-29D_010__W001,1,train,global_bounded_wgs_scalar,reference,1,H2_dry_vol_pct,28.071903456,1.4538730627535744e-22,-28.071903456,0.05,1,0.0074272031637981,,,completed,poor,a2955d2a2f6e850b88d8b206f465d810e1ad86ab,1.941589992061837e-17,-1.9415754533312095e-17,-1.9415754533312095e-05
R52-C-75,R52-C-75__P1__huayi_sy3_phase1_wgs1__plateau_2022-09-29D_010__W001,1,train,global_bounded_wgs_scalar,reference,1,CO2_dry_vol_pct,9.534305580266665,18.43335534590772,8.899049765641049,0.05,1,0.0074272031637981,,,completed,poor,a2955d2a2f6e850b88d8b206f465d810e1ad86ab,18.290898659046718,0.14245668686100288,0.007788391894596359
R52-C-75,R52-C-75__P1__huayi_sy3_phase1_wgs1__plateau_2022-09-29D_010__W001,1,train,global_bounded_wgs_scalar,reference,1,H2_CO_ratio,0.4546838420653195,1.854025420500752e-24,-0.4546838420653195,0.05,1,0.0074272031637981,,,completed,poor,a2955d2a2f6e850b88d8b206f465d810e1ad86ab,2.4709053324813794e-19,-2.4708867922271744e-19,-2.4708867922271746e-07
R52-C-75,R52-C-75__P1__huayi_sy3_phase1_wgs1__plateau_2022-09-29D_010__W001,1,train,global_bounded_wgs_scalar,reference,1,dry_syngas_flow,121414.26915969362,121414.26915969362,0.0,0.05,1,0.0074272031637981,,,completed,poor,a2955d2a2f6e850b88d8b206f465d810e1ad86ab,53503.14170727427,67911.12745241934,1.2692923309807462
R52-C-75,R52-C-75__P1__huayi_sy3_phase1_wgs1__plateau_2022-09-29D_011__W001,1,train,global_bounded_wgs_scalar,reference,1,CO_dry_vol_pct,61.974708532,78.35571498506363,16.381006453063627,0.05,1,0.0075484386505261,,,completed,poor,a2955d2a2f6e850b88d8b206f465d810e1ad86ab,78.51825912208784,-0.1625441370242129,-0.0020701444331753895
R52-C-75,R52-C-75__P1__huayi_sy3_phase1_wgs1__plateau_2022-09-29D_011__W001,1,train,global_bounded_wgs_scalar,reference,1,H2_dry_vol_pct,27.911387060000003,1.5019601242838144e-17,-27.911387060000003,0.05,1,0.0075484386505261,,,completed,poor,a2955d2a2f6e850b88d8b206f465d810e1ad86ab,1.9486537325430867e-17,-4.466936082592723e-18,-4.466936082592723e-06
R52-C-75,R52-C-75__P1__huayi_sy3_phase1_wgs1__plateau_2022-09-29D_011__W001,1,train,global_bounded_wgs_scalar,reference,1,CO2_dry_vol_pct,9.449280493333331,18.46935349720494,9.020073003871609,0.05,1,0.0075484386505261,,,completed,poor,a2955d2a2f6e850b88d8b206f465d810e1ad86ab,18.325865541780402,0.1434879554245363,0.007829805096921829
R52-C-75,R52-C-75__P1__huayi_sy3_phase1_wgs1__plateau_2022-09-29D_011__W001,1,train,global_bounded_wgs_scalar,reference,1,H2_CO_ratio,0.4503697944548908,1.9168482153090202e-19,-0.4503697944548908,0.05,1,0.0075484386505261,,,completed,poor,a2955d2a2f6e850b88d8b206f465d810e1ad86ab,2.481784179031695e-19,-5.649359637226746e-20,-5.649359637226746e-08
R52-C-75,R52-C-75__P1__huayi_sy3_phase1_wgs1__plateau_2022-09-29D_011__W001,1,train,global_bounded_wgs_scalar,reference,1,dry_syngas_flow,121043.06886467358,121043.06886467358,0.0,0.05,1,0.0075484386505261,,,completed,poor,a2955d2a2f6e850b88d8b206f465d810e1ad86ab,53280.511822508604,67762.55704216498,1.2718075469676393
R52-C-75,R52-C-75__P1__huayi_sy3_phase1_wgs1__shift_evening_handover_2022-09-29__W001,1,train,global_bounded_wgs_scalar,reference,1,CO_dry_vol_pct,61.18410681466668,78.1220123696805,16.937905555013828,0.05,1,0.0080297900433824,,,completed,poor,a2955d2a2f6e850b88d8b206f465d810e1ad86ab,78.28727079390534,-0.16525842422483095,-0.002110923302715214
R52-C-75,R52-C-75__P1__huayi_sy3_phase1_wgs1__shift_evening_handover_2022-09-29__W001,1,train,global_bounded_wgs_scalar,reference,1,H2_dry_vol_pct,28.454173558666668,1.2748405944033007e-20,-28.454173558666668,0.05,1,0.0080297900433824,,,completed,poor,a2955d2a2f6e850b88d8b206f465d810e1ad86ab,6.338998117470655e-15,-6.338985369064711e-15,-0.006338985369064711
R52-C-75,R52-C-75__P1__huayi_sy3_phase1_wgs1__shift_evening_handover_2022-09-29__W001,1,train,global_bounded_wgs_scalar,reference,1,CO2_dry_vol_pct,9.659957852000002,18.60466408378476,8.944706231784757,0.05,1,0.0080297900433824,,,completed,poor,a2955d2a2f6e850b88d8b206f465d810e1ad86ab,18.46009694539224,0.14456713839251734,0.007831331483261914
R52-C-75,R52-C-75__P1__huayi_sy3_phase1_wgs1__shift_evening_handover_2022-09-29__W001,1,train,global_bounded_wgs_scalar,reference,1,H2_CO_ratio,0.4650570504341708,1.63185836582222e-22,-0.4650570504341708,0.05,1,0.0080297900433824,,,completed,poor,a2955d2a2f6e850b88d8b206f465d810e1ad86ab,8.09709937923158e-17,-8.097083060647922e-17,-8.097083060647922e-05
R52-C-75,R52-C-75__P1__huayi_sy3_phase1_wgs1__shift_evening_handover_2022-09-29__W001,1,train,global_bounded_wgs_scalar,reference,1,dry_syngas_flow,120298.65002232188,120298.65002232188,0.0,0.05,1,0.0080297900433824,,,completed,poor,a2955d2a2f6e850b88d8b206f465d810e1ad86ab,52525.93532190186,67772.71470042001,1.2902714494293006
R52-C-75,R52-C-75__P1__huayi_sy3_phase1_wgs1__plateau_2022-09-29N_012__W001,1,train,global_bounded_wgs_scalar,reference,1,CO_dry_vol_pct,61.67418077866667,78.228115230225,16.553934451558334,0.05,1,0.0077908597885965,,,completed,poor,a2955d2a2f6e850b88d8b206f465d810e1ad86ab,78.39782931791525,-0.1697140876902523,-0.002164780443117061
R52-C-75,R52-C-75__P1__huayi_sy3_phase1_wgs1__plateau_2022-09-29N_012__W001,1,train,global_bounded_wgs_scalar,reference,1,H2_dry_vol_pct,28.552613226666665,3.643796800254676e-18,-28.552613226666665,0.05,1,0.0077908597885965,,,completed,poor,a2955d2a2f6e850b88d8b206f465d810e1ad86ab,6.626273353750616e-19,2.9811694648796146e-18,2.9811694648796146e-06
R52-C-75,R52-C-75__P1__huayi_sy3_phase1_wgs1__plateau_2022-09-29N_012__W001,1,train,global_bounded_wgs_scalar,reference,1,CO2_dry_vol_pct,9.053745014933332,18.545226917614027,9.491481902680697,0.05,1,0.0077908597885965,,,completed,poor,a2955d2a2f6e850b88d8b206f465d810e1ad86ab,18.39607735404993,0.14914956356409803,0.008107682996411325
R52-C-75,R52-C-75__P1__huayi_sy3_phase1_wgs1__plateau_2022-09-29N_012__W001,1,train,global_bounded_wgs_scalar,reference,1,H2_CO_ratio,0.4629581748053324,4.65791204291577e-20,-0.4629581748053324,0.05,1,0.0077908597885965,,,completed,poor,a2955d2a2f6e850b88d8b206f465d810e1ad86ab,8.452113293698552e-21,3.812700713545915e-20,3.812700713545915e-08
R52-C-75,R52-C-75__P1__huayi_sy3_phase1_wgs1__plateau_2022-09-29N_012__W001,1,train,global_bounded_wgs_scalar,reference,1,dry_syngas_flow,126319.0030676498,126319.0030676498,0.0,0.05,1,0.0077908597885965,,,completed,poor,a2955d2a2f6e850b88d8b206f465d810e1ad86ab,55237.26165480675,71081.74141284305,1.2868440484441994
R52-C-75,R52-C-75__P1__huayi_sy3_phase1_wgs1__plateau_2022-09-29N_012__W002,1,train,global_bounded_wgs_scalar,reference,1,CO_dry_vol_pct,61.42981221466667,78.13368661490101,16.70387440023434,0.05,1,0.0079698810032381,,,completed,poor,a2955d2a2f6e850b88d8b206f465d810e1ad86ab,78.30962262821444,-0.17593601331343223,-0.0022466717040473087
R52-C-75,R52-C-75__P1__huayi_sy3_phase1_wgs1__plateau_2022-09-29N_012__W002,1,train,global_bounded_wgs_scalar,reference,1,H2_dry_vol_pct,28.47387335333333,2.286218239152568e-21,-28.47387335333333,0.05,1,0.0079698810032381,,,completed,poor,a2955d2a2f6e850b88d8b206f465d810e1ad86ab,1.1412813699674245e-16,-1.1412585077850329e-16,-0.0001141258507785033
R52-C-75,R52-C-75__P1__huayi_sy3_phase1_wgs1__plateau_2022-09-29N_012__W002,1,train,global_bounded_wgs_scalar,reference,1,CO2_dry_vol_pct,9.406163038933334,18.601441283842025,9.19527824490869,0.05,1,0.0079698810032381,,,completed,poor,a2955d2a2f6e850b88d8b206f465d810e1ad86ab,18.447331267762127,0.1541100160798976,0.008354054786733003
R52-C-75,R52-C-75__P1__huayi_sy3_phase1_wgs1__plateau_2022-09-29N_012__W002,1,train,global_bounded_wgs_scalar,reference,1,H2_CO_ratio,0.4635200078628699,2.926034004283831e-23,-0.4635200078628699,0.05,1,0.0079698810032381,,,completed,poor,a2955d2a2f6e850b88d8b206f465d810e1ad86ab,1.4573960793883693e-18,-1.4573668190483264e-18,-1.4573668190483264e-06
R52-C-75,R52-C-75__P1__huayi_sy3_phase1_wgs1__plateau_2022-09-29N_012__W002,1,train,global_bounded_wgs_scalar,reference,1,dry_syngas_flow,125814.25163980546,125814.25163980546,0.0,0.05,1,0.0079698810032381,,,completed,poor,a2955d2a2f6e850b88d8b206f465d810e1ad86ab,55466.94413562259,70347.30750418287,1.2682744398569392
R52-C-75,R52-C-75__P1__huayi_sy3_phase1_wgs1__plateau_2022-09-29N_013__W001,1,train,global_bounded_wgs_scalar,reference,1,CO_dry_vol_pct,61.23517252666667,78.10473475369443,16.869562227027757,0.05,1,0.0080176980634216,,,completed,poor,a2955d2a2f6e850b88d8b206f465d810e1ad86ab,78.28483301877469,-0.18009826508026094,-0.0023005511813133563
R52-C-75,R52-C-75__P1__huayi_sy3_phase1_wgs1__plateau_2022-09-29N_013__W001,1,train,global_bounded_wgs_scalar,reference,1,H2_dry_vol_pct,28.351085056,3.781488167358416e-20,-28.351085056,0.05,1,0.0080176980634216,,,completed,poor,a2955d2a2f6e850b88d8b206f465d810e1ad86ab,3.5189545740892526e-16,-3.518576425272517e-16,-0.0003518576425272517
R52-C-75,R52-C-75__P1__huayi_sy3_phase1_wgs1__plateau_2022-09-29N_013__W001,1,train,global_bounded_wgs_scalar,reference,1,CO2_dry_vol_pct,9.726155910799998,18.619389467722748,8.89323355692275,0.05,1,0.0080176980634216,,,completed,poor,a2955d2a2f6e850b88d8b206f465d810e1ad86ab,18.46173103376681,0.15765843395593748,0.008539742761259907
R52-C-75,R52-C-75__P1__huayi_sy3_phase1_wgs1__plateau_2022-09-29N_013__W001,1,train,global_bounded_wgs_scalar,reference,1,H2_CO_ratio,0.462987329843112,4.841560731604107e-22,-0.462987329843112,0.05,1,0.0080176980634216,,,completed,poor,a2955d2a2f6e850b88d8b206f465d810e1ad86ab,4.4950655681226504e-18,-4.49458141204949e-18,-4.49458141204949e-06
R52-C-75,R52-C-75__P1__huayi_sy3_phase1_wgs1__plateau_2022-09-29N_013__W001,1,train,global_bounded_wgs_scalar,reference,1,dry_syngas_flow,124529.17825073126,124529.17825073126,0.0,0.05,1,0.0080176980634216,,,completed,poor,a2955d2a2f6e850b88d8b206f465d810e1ad86ab,55456.80128077502,69072.37696995624,1.2455167873863882
R52-C-75,R52-C-75__P1__huayi_sy3_phase1_wgs1__plateau_2022-09-29N_013__W002,1,train,global_bounded_wgs_scalar,reference,1,CO_dry_vol_pct,61.34796064933334,78.0940236901242,16.746063040790865,0.05,1,0.0080426602140918,,,completed,poor,a2955d2a2f6e850b88d8b206f465d810e1ad86ab,78.2734984547738,-0.17947476464959777,-0.002292918653090455
R52-C-75,R52-C-75__P1__huayi_sy3_phase1_wgs1__plateau_2022-09-29N_013__W002,1,train,global_bounded_wgs_scalar,reference,1,H2_dry_vol_pct,28.42986280533333,2.753087255901109e-18,-28.42986280533333,0.05,1,0.0080426602140918,,,completed,poor,a2955d2a2f6e850b88d8b206f465d810e1ad86ab,1.6805994962221608e-17,-1.4052907706320498e-17,-1.4052907706320498e-05
R52-C-75,R52-C-75__P1__huayi_sy3_phase1_wgs1__plateau_2022-09-29N_013__W002,1,train,global_bounded_wgs_scalar,reference,1,CO2_dry_vol_pct,9.526292269066666,18.625296672562484,9.09900440349582,0.05,1,0.0080426602140918,,,completed,poor,a2955d2a2f6e850b88d8b206f465d810e1ad86ab,18.468289972641973,0.15700669992051175,0.00850142055128514
R52-C-75,R52-C-75__P1__huayi_sy3_phase1_wgs1__plateau_2022-09-29N_013__W002,1,train,global_bounded_wgs_scalar,reference,1,H2_CO_ratio,0.4634215858310622,3.5253494772216034e-20,-0.4634215858310622,0.05,1,0.0080426602140918,,,completed,poor,a2955d2a2f6e850b88d8b206f465d810e1ad86ab,2.1470862161516982e-19,-1.794551268429538e-19,-1.794551268429538e-07
R52-C-75,R52-C-75__P1__huayi_sy3_phase1_wgs1__plateau_2022-09-29N_013__W002,1,train,global_bounded_wgs_scalar,reference,1,dry_syngas_flow,125086.64042199503,125086.64042199503,0.0,0.05,1,0.0080426602140918,,,completed,poor,a2955d2a2f6e850b88d8b206f465d810e1ad86ab,55368.24917259482,69718.39124940021,1.2591763743887385
R52-C-75,R52-C-75__P1__huayi_sy3_phase1_wgs1__plateau_2022-09-29N_014__W001,1,train,global_bounded_wgs_scalar,reference,1,CO_dry_vol_pct,61.89400353333333,77.12603487637993,15.2320313430466,0.05,1,0.010125368265656,,,completed,poor,a2955d2a2f6e850b88d8b206f465d810e1ad86ab,77.33632109959116,-0.21028622321122725,-0.0027191133508979253
R52-C-75,R52-C-75__P1__huayi_sy3_phase1_wgs1__plateau_2022-09-29N_014__W001,1,train,global_bounded_wgs_scalar,reference,1,H2_dry_vol_pct,28.386447073333336,3.281874282318833e-20,-28.386447073333336,0.05,1,0.010125368265656,,,completed,poor,a2955d2a2f6e850b88d8b206f465d810e1ad86ab,1.6473866507260663e-14,-1.6473833688517838e-14,-0.01647383368851784
R52-C-75,R52-C-75__P1__huayi_sy3_phase1_wgs1__plateau_2022-09-29N_014__W001,1,train,global_bounded_wgs_scalar,reference,1,CO2_dry_vol_pct,8.985238286399998,19.178988859532545,10.193750573132547,0.05,1,0.010125368265656,,,completed,poor,a2955d2a2f6e850b88d8b206f465d810e1ad86ab,19.00136831722932,0.17762054230322377,0.009347776398932698
R52-C-75,R52-C-75__P1__huayi_sy3_phase1_wgs1__plateau_2022-09-29N_014__W001,1,train,global_bounded_wgs_scalar,reference,1,H2_CO_ratio,0.4586294172866595,4.255209395347662e-22,-0.4586294172866595,0.05,1,0.010125368265656,,,completed,poor,a2955d2a2f6e850b88d8b206f465d810e1ad86ab,2.1301590601971048e-16,-2.1301548049877095e-16,-0.00021301548049877095
R52-C-75,R52-C-75__P1__huayi_sy3_phase1_wgs1__plateau_2022-09-29N_014__W001,1,train,global_bounded_wgs_scalar,reference,1,dry_syngas_flow,119976.87365274316,119976.87365274316,0.0,0.05,1,0.010125368265656,,,completed,poor,a2955d2a2f6e850b88d8b206f465d810e1ad86ab,50379.82642938155,69597.04722336162,1.3814467447782346
R52-C-75,R52-C-75__P1__huayi_sy3_phase1_wgs1__shift_morning_handover_2022-09-30__W001,1,train,global_bounded_wgs_scalar,reference,1,CO_dry_vol_pct,61.39552760133334,77.6213258815573,16.225798280223955,0.05,1,0.0090529028330779,,,completed,poor,a2955d2a2f6e850b88d8b206f465d810e1ad86ab,77.80926509863275,-0.1879392170754528,-0.002415383525820696
R52-C-75,R52-C-75__P1__huayi_sy3_phase1_wgs1__shift_morning_handover_2022-09-30__W001,1,train,global_bounded_wgs_scalar,reference,1,H2_dry_vol_pct,28.172186581333328,3.3658058461422217e-19,-28.172186581333328,0.05,1,0.0090529028330779,,,completed,poor,a2955d2a2f6e850b88d8b206f465d810e1ad86ab,1.912596497915248e-16,-1.909230692069106e-16,-0.0001909230692069106
R52-C-75,R52-C-75__P1__huayi_sy3_phase1_wgs1__shift_morning_handover_2022-09-30__W001,1,train,global_bounded_wgs_scalar,reference,1,CO2_dry_vol_pct,9.7322851064,18.89603787046912,9.16375276406912,0.05,1,0.0090529028330779,,,completed,poor,a2955d2a2f6e850b88d8b206f465d810e1ad86ab,18.734531984045717,0.16150588642340225,0.00862075906464812
R52-C-75,R52-C-75__P1__huayi_sy3_phase1_wgs1__shift_morning_handover_2022-09-30__W001,1,train,global_bounded_wgs_scalar,reference,1,H2_CO_ratio,0.4588624177105995,4.3361870052028215e-21,-0.4588624177105995,0.05,1,0.0090529028330779,,,completed,poor,a2955d2a2f6e850b88d8b206f465d810e1ad86ab,2.4580575275846628e-18,-2.45372134057946e-18,-2.45372134057946e-06
R52-C-75,R52-C-75__P1__huayi_sy3_phase1_wgs1__shift_morning_handover_2022-09-30__W001,1,train,global_bounded_wgs_scalar,reference,1,dry_syngas_flow,118027.3999705996,118027.3999705996,0.0,0.05,1,0.0090529028330779,,,completed,poor,a2955d2a2f6e850b88d8b206f465d810e1ad86ab,51534.026384431774,66493.37358616781,1.2902809706763996
R52-C-75,R52-C-75__P1__huayi_sy3_phase1_wgs1__plateau_2022-09-30D_015__W001,1,train,global_bounded_wgs_scalar,reference,1,CO_dry_vol_pct,60.257787016,78.56715334011697,18.30936632411697,0.05,1,0.0071382340803158,,,completed,poor,a2955d2a2f6e850b88d8b206f465d810e1ad86ab,78.72335135887518,-0.15619801875820372,-0.001984138328234347
R52-C-75,R52-C-75__P1__huayi_sy3_phase1_wgs1__plateau_2022-09-30D_015__W001,1,train,global_bounded_wgs_scalar,reference,1,H2_dry_vol_pct,27.457997374666665,6.131086158931182e-20,-27.457997374666665,0.05,1,0.0071382340803158,,,completed,poor,a2955d2a2f6e850b88d8b206f465d810e1ad86ab,1.7181422065269194e-17,-1.7120111203679884e-17,-1.7120111203679883e-05
R52-C-75,R52-C-75__P1__huayi_sy3_phase1_wgs1__plateau_2022-09-30D_015__W001,1,train,global_bounded_wgs_scalar,reference,1,CO2_dry_vol_pct,8.9333358652,18.344658504812426,9.411322639612422,0.05,1,0.0071382340803158,,,completed,poor,a2955d2a2f6e850b88d8b206f465d810e1ad86ab,18.205658539927388,0.13899996488503774,0.007634986923444305
R52-C-75,R52-C-75__P1__huayi_sy3_phase1_wgs1__plateau_2022-09-30D_015__W001,1,train,global_bounded_wgs_scalar,reference,1,H2_CO_ratio,0.4556792660181357,7.803625177037696e-22,-0.4556792660181357,0.05,1,0.0071382340803158,,,completed,poor,a2955d2a2f6e850b88d8b206f465d810e1ad86ab,2.1825064315344574e-19,-2.17470280635742e-19,-2.17470280635742e-07
R52-C-75,R52-C-75__P1__huayi_sy3_phase1_wgs1__plateau_2022-09-30D_015__W001,1,train,global_bounded_wgs_scalar,reference,1,dry_syngas_flow,124046.95692783035,124046.95692783035,0.0,0.05,1,0.0071382340803158,,,completed,poor,a2955d2a2f6e850b88d8b206f465d810e1ad86ab,55808.34386430259,68238.61306352777,1.222731375606652
R52-C-75,R52-C-75__P1__huayi_sy3_phase1_wgs1__plateau_2022-09-30D_015__W002,1,train,global_bounded_wgs_scalar,reference,1,CO_dry_vol_pct,61.92098582,78.79402247775445,16.873036657754454,0.05,1,0.0067188144130865,,,completed,poor,a2955d2a2f6e850b88d8b206f465d810e1ad86ab,78.94101239745814,-0.14698991970368525,-0.0018620222269713157
R52-C-75,R52-C-75__P1__huayi_sy3_phase1_wgs1__plateau_2022-09-30D_015__W002,1,train,global_bounded_wgs_scalar,reference,1,H2_dry_vol_pct,27.88733307066667,6.920312215263384e-17,-27.88733307066667,0.05,1,0.0067188144130865,,,completed,poor,a2955d2a2f6e850b88d8b206f465d810e1ad86ab,7.339908920211513e-19,6.846913126061268e-17,6.846913126061269e-05
R52-C-75,R52-C-75__P1__huayi_sy3_phase1_wgs1__plateau_2022-09-30D_015__W002,1,train,global_bounded_wgs_scalar,reference,1,CO2_dry_vol_pct,9.480135004,18.208934231203568,8.728799227203568,0.05,1,0.0067188144130865,,,completed,poor,a2955d2a2f6e850b88d8b206f465d810e1ad86ab,18.077045046014092,0.13188918518947546,0.00729594825115272
R52-C-75,R52-C-75__P1__huayi_sy3_phase1_wgs1__plateau_2022-09-30D_015__W002,1,train,global_bounded_wgs_scalar,reference,1,H2_CO_ratio,0.4503936341736568,8.782788335520202e-19,-0.4503936341736568,0.05,1,0.0067188144130865,,,completed,poor,a2955d2a2f6e850b88d8b206f465d810e1ad86ab,9.297966541467683e-21,8.689808670105524e-19,8.689808670105525e-07
R52-C-75,R52-C-75__P1__huayi_sy3_phase1_wgs1__plateau_2022-09-30D_015__W002,1,train,global_bounded_wgs_scalar,reference,1,dry_syngas_flow,124422.03030238024,124422.03030238024,0.0,0.05,1,0.0067188144130865,,,completed,poor,a2955d2a2f6e850b88d8b206f465d810e1ad86ab,56447.94818914456,67974.08211323568,1.2041904851079723
R52-C-75,R52-C-75__P1__huayi_sy3_phase1_wgs1__plateau_2022-09-30D_016__W001,1,train,global_bounded_wgs_scalar,reference,1,CO_dry_vol_pct,62.62935912533333,78.81170842004424,16.18234929471091,0.05,1,0.0066867800502372,,,completed,poor,a2955d2a2f6e850b88d8b206f465d810e1ad86ab,78.95793152465457,-0.1462231046103284,-0.0018519115405736066
R52-C-75,R52-C-75__P1__huayi_sy3_phase1_wgs1__plateau_2022-09-30D_016__W001,1,train,global_bounded_wgs_scalar,reference,1,H2_dry_vol_pct,28.230895063999995,8.39575514796851e-21,-28.230895063999995,0.05,1,0.0066867800502372,,,completed,poor,a2955d2a2f6e850b88d8b206f465d810e1ad86ab,1.9846293235979904e-17,-1.9837897480831936e-17,-1.9837897480831938e-05
R52-C-75,R52-C-75__P1__huayi_sy3_phase1_wgs1__plateau_2022-09-30D_016__W001,1,train,global_bounded_wgs_scalar,reference,1,CO2_dry_vol_pct,8.3601744244,18.1982950321702,9.838120607770191,0.05,1,0.0066867800502372,,,completed,poor,a2955d2a2f6e850b88d8b206f465d810e1ad86ab,18.06699054821029,0.13130448395991223,0.007267645577692474
R52-C-75,R52-C-75__P1__huayi_sy3_phase1_wgs1__plateau_2022-09-30D_016__W001,1,train,global_bounded_wgs_scalar,reference,1,H2_CO_ratio,0.4507668222285634,1.0652928754216945e-22,-0.4507668222285634,0.05,1,0.0066867800502372,,,completed,poor,a2955d2a2f6e850b88d8b206f465d810e1ad86ab,2.5135275016396435e-19,-2.5124622087642217e-19,-2.5124622087642216e-07
R52-C-75,R52-C-75__P1__huayi_sy3_phase1_wgs1__plateau_2022-09-30D_016__W001,1,train,global_bounded_wgs_scalar,reference,1,dry_syngas_flow,130288.5744699803,130288.5744699803,0.0,0.05,1,0.0066867800502372,,,completed,poor,a2955d2a2f6e850b88d8b206f465d810e1ad86ab,57927.65130581715,72360.92316416316,1.2491603152033304
R52-C-75,R52-C-75__P1__huayi_sy3_phase1_wgs1__plateau_2022-09-30D_017__W001,1,train,global_bounded_wgs_scalar,reference,1,CO_dry_vol_pct,62.589729402666656,78.75860731387144,16.16887791120478,0.05,1,0.0067813137143735,,,completed,poor,a2955d2a2f6e850b88d8b206f465d810e1ad86ab,78.9077136943767,-0.14910638050525904,-0.0018896299680253568
R52-C-75,R52-C-75__P1__huayi_sy3_phase1_wgs1__plateau_2022-09-30D_017__W001,1,train,global_bounded_wgs_scalar,reference,1,H2_dry_vol_pct,28.14056662933333,2.116631372622007e-17,-28.14056662933333,0.05,1,0.0067813137143735,,,completed,poor,a2955d2a2f6e850b88d8b206f465d810e1ad86ab,5.411214178509366e-17,-3.294582805887359e-17,-3.294582805887359e-05
R52-C-75,R52-C-75__P1__huayi_sy3_phase1_wgs1__plateau_2022-09-30D_017__W001,1,train,global_bounded_wgs_scalar,reference,1,CO2_dry_vol_pct,8.533471153333334,18.230420633833425,9.696949480500091,0.05,1,0.0067813137143735,,,completed,poor,a2955d2a2f6e850b88d8b206f465d810e1ad86ab,18.09679812867,0.13362250516342655,0.007383765029225475
R52-C-75,R52-C-75__P1__huayi_sy3_phase1_wgs1__plateau_2022-09-30D_017__W001,1,train,global_bounded_wgs_scalar,reference,1,H2_CO_ratio,0.4496039716636205,2.6874921291926063e-19,-0.4496039716636205,0.05,1,0.0067813137143735,,,completed,poor,a2955d2a2f6e850b88d8b206f465d810e1ad86ab,6.857649176692586e-19,-4.1701570474999794e-19,-4.1701570474999796e-07
R52-C-75,R52-C-75__P1__huayi_sy3_phase1_wgs1__plateau_2022-09-30D_017__W001,1,train,global_bounded_wgs_scalar,reference,1,dry_syngas_flow,129520.22150821247,129520.22150821247,0.0,0.05,1,0.0067813137143735,,,completed,poor,a2955d2a2f6e850b88d8b206f465d810e1ad86ab,57819.52403257882,71700.69747563366,1.2400776152227297
R52-C-75,R52-C-75__P1__huayi_sy3_phase1_wgs1__plateau_2022-09-30D_017__W002,1,train,global_bounded_wgs_scalar,reference,1,CO_dry_vol_pct,62.55620494133332,78.93111682615444,16.374911884821117,0.05,1,0.0064662889375687,,,completed,poor,a2955d2a2f6e850b88d8b206f465d810e1ad86ab,79.07440146116414,-0.14328463500970656,-0.0018120230107600375
R52-C-75,R52-C-75__P1__huayi_sy3_phase1_wgs1__plateau_2022-09-30D_017__W002,1,train,global_bounded_wgs_scalar,reference,1,H2_dry_vol_pct,28.07742052533334,3.0716498429573413e-19,-28.07742052533334,0.05,1,0.0064662889375687,,,completed,poor,a2955d2a2f6e850b88d8b206f465d810e1ad86ab,3.769512097991913e-18,-3.4623471136961786e-18,-3.462347113696179e-06
R52-C-75,R52-C-75__P1__huayi_sy3_phase1_wgs1__plateau_2022-09-30D_017__W002,1,train,global_bounded_wgs_scalar,reference,1,CO2_dry_vol_pct,8.642976686000003,18.126987060317745,9.484010374317744,0.05,1,0.0064662889375687,,,completed,poor,a2955d2a2f6e850b88d8b206f465d810e1ad86ab,17.997730782725927,0.1292562775918178,0.00718180970435878
R52-C-75,R52-C-75__P1__huayi_sy3_phase1_wgs1__plateau_2022-09-30D_017__W002,1,train,global_bounded_wgs_scalar,reference,1,H2_CO_ratio,0.4488339496488767,3.891557558627533e-21,-0.4488339496488767,0.05,1,0.0064662889375687,,,completed,poor,a2955d2a2f6e850b88d8b206f465d810e1ad86ab,4.7670447430996177e-20,-4.377888987236864e-20,-4.377888987236864e-08
R52-C-75,R52-C-75__P1__huayi_sy3_phase1_wgs1__plateau_2022-09-30D_017__W002,1,train,global_bounded_wgs_scalar,reference,1,dry_syngas_flow,129098.43809270563,129098.43809270563,0.0,0.05,1,0.0064662889375687,,,completed,poor,a2955d2a2f6e850b88d8b206f465d810e1ad86ab,58123.46814383978,70974.96994886585,1.2211069334889324
R52-C-75,R52-C-75__P1__huayi_sy3_phase1_wgs1__shift_evening_handover_2022-09-30__W001,1,train,global_bounded_wgs_scalar,reference,1,CO_dry_vol_pct,62.35185672666667,78.7044739572872,16.352617230620538,0.05,1,0.0068707739425201,,,completed,poor,a2955d2a2f6e850b88d8b206f465d810e1ad86ab,78.85898413871722,-0.1545101814300125,-0.0019593224934044387
R52-C-75,R52-C-75__P1__huayi_sy3_phase1_wgs1__shift_evening_handover_2022-09-30__W001,1,train,global_bounded_wgs_scalar,reference,1,H2_dry_vol_pct,28.06596186666667,2.599029879219147e-21,-28.06596186666667,0.05,1,0.0068707739425201,,,completed,poor,a2955d2a2f6e850b88d8b206f465d810e1ad86ab,3.3333979820188805e-16,-3.3333719917200885e-16,-0.00033333719917200887
R52-C-75,R52-C-75__P1__huayi_sy3_phase1_wgs1__shift_evening_handover_2022-09-30__W001,1,train,global_bounded_wgs_scalar,reference,1,CO2_dry_vol_pct,8.877409084133333,18.26394662270055,9.386537538567218,0.05,1,0.0068707739425201,,,completed,poor,a2955d2a2f6e850b88d8b206f465d810e1ad86ab,18.12570635346093,0.13824026923962052,0.007626752113482455
R52-C-75,R52-C-75__P1__huayi_sy3_phase1_wgs1__shift_evening_handover_2022-09-30__W001,1,train,global_bounded_wgs_scalar,reference,1,H2_CO_ratio,0.450119819045538,3.302264469272276e-23,-0.450119819045538,0.05,1,0.0068707739425201,,,completed,poor,a2955d2a2f6e850b88d8b206f465d810e1ad86ab,4.227036422578375e-18,-4.227003399933682e-18,-4.2270033999336815e-06
R52-C-75,R52-C-75__P1__huayi_sy3_phase1_wgs1__shift_evening_handover_2022-09-30__W001,1,train,global_bounded_wgs_scalar,reference,1,dry_syngas_flow,128417.31845519706,128417.31845519706,0.0,0.05,1,0.0068707739425201,,,completed,poor,a2955d2a2f6e850b88d8b206f465d810e1ad86ab,57639.84808052815,70777.47037466892,1.2279260395653073
R52-C-75,R52-C-75__P1__huayi_sy3_phase1_wgs1__plateau_2022-09-30N_018__W001,1,train,global_bounded_wgs_scalar,reference,1,CO_dry_vol_pct,62.259599325333326,78.9540932115216,16.69449388618827,0.05,1,0.0064206238179973,,,completed,poor,a2955d2a2f6e850b88d8b206f465d810e1ad86ab,79.09803527215335,-0.1439420606317583,-0.0018197931230086247
R52-C-75,R52-C-75__P1__huayi_sy3_phase1_wgs1__plateau_2022-09-30N_018__W001,1,train,global_bounded_wgs_scalar,reference,1,H2_dry_vol_pct,27.98676327733333,1.1540688474388896e-20,-27.98676327733333,0.05,1,0.0064206238179973,,,completed,poor,a2955d2a2f6e850b88d8b206f465d810e1ad86ab,3.309591315300845e-15,-3.3095797746123708e-15,-0.0033095797746123708
R52-C-75,R52-C-75__P1__huayi_sy3_phase1_wgs1__plateau_2022-09-30N_018__W001,1,train,global_bounded_wgs_scalar,reference,1,CO2_dry_vol_pct,9.0532056016,18.11364194613876,9.060436344538756,0.05,1,0.0064206238179973,,,completed,poor,a2955d2a2f6e850b88d8b206f465d810e1ad86ab,17.98365333804032,0.12998860809844004,0.007228153571192277
R52-C-75,R52-C-75__P1__huayi_sy3_phase1_wgs1__plateau_2022-09-30N_018__W001,1,train,global_bounded_wgs_scalar,reference,1,H2_CO_ratio,0.4495203403847758,1.4616960318283777e-22,-0.4495203403847758,0.05,1,0.0064206238179973,,,completed,poor,a2955d2a2f6e850b88d8b206f465d810e1ad86ab,4.184163745551332e-17,-4.1841491285910134e-17,-4.1841491285910135e-05
R52-C-75,R52-C-75__P1__huayi_sy3_phase1_wgs1__plateau_2022-09-30N_018__W001,1,train,global_bounded_wgs_scalar,reference,1,dry_syngas_flow,128400.95007322318,128400.95007322318,0.0,0.05,1,0.0064206238179973,,,completed,poor,a2955d2a2f6e850b88d8b206f465d810e1ad86ab,58143.21631137253,70257.73376185066,1.2083565068984425
R52-C-75,R52-C-75__P1__huayi_sy3_phase1_wgs1__plateau_2022-09-30N_018__W002,1,train,global_bounded_wgs_scalar,reference,1,CO_dry_vol_pct,62.16879454666666,79.26643236168637,17.09763781501971,0.05,1,0.0058720497267483,,,completed,poor,a2955d2a2f6e850b88d8b206f465d810e1ad86ab,79.40012252360673,-0.13369016192035588,-0.0016837525896840776
R52-C-75,R52-C-75__P1__huayi_sy3_phase1_wgs1__plateau_2022-09-30N_018__W002,1,train,global_bounded_wgs_scalar,reference,1,H2_dry_vol_pct,27.956942894666668,8.852837972678265e-21,-27.956942894666668,0.05,1,0.0058720497267483,,,completed,poor,a2955d2a2f6e850b88d8b206f465d810e1ad86ab,3.2804323402724955e-17,-3.2795470564752277e-17,-3.279547056475228e-05
R52-C-75,R52-C-75__P1__huayi_sy3_phase1_wgs1__plateau_2022-09-30N_018__W002,1,train,global_bounded_wgs_scalar,reference,1,CO2_dry_vol_pct,9.175156894666667,17.924545853418792,8.749388958752125,0.05,1,0.0058720497267483,,,completed,poor,a2955d2a2f6e850b88d8b206f465d810e1ad86ab,17.80238671493803,0.12215913848076099,0.006861952862660652
R52-C-75,R52-C-75__P1__huayi_sy3_phase1_wgs1__plateau_2022-09-30N_018__W002,1,train,global_bounded_wgs_scalar,reference,1,H2_CO_ratio,0.4497049194771154,1.1168457705127282e-22,-0.4497049194771154,0.05,1,0.0058720497267483,,,completed,poor,a2955d2a2f6e850b88d8b206f465d810e1ad86ab,4.1315205014918946e-19,-4.130403655721382e-19,-4.130403655721382e-07
R52-C-75,R52-C-75__P1__huayi_sy3_phase1_wgs1__plateau_2022-09-30N_018__W002,1,train,global_bounded_wgs_scalar,reference,1,dry_syngas_flow,129947.55315520288,129947.55315520288,0.0,0.05,1,0.0058720497267483,,,completed,poor,a2955d2a2f6e850b88d8b206f465d810e1ad86ab,58875.91922518327,71071.63393001961,1.207142663169152
R52-C-75,R52-C-75__P1__huayi_sy3_phase1_wgs1__plateau_2022-09-30N_018__W003,1,train,global_bounded_wgs_scalar,reference,1,CO_dry_vol_pct,62.107403548000015,79.32224815429494,17.214844606294925,0.05,1,0.0057853531873553,,,completed,poor,a2955d2a2f6e850b88d8b206f465d810e1ad86ab,79.45110810959541,-0.12885995530047012,-0.0016218773830406468
R52-C-75,R52-C-75__P1__huayi_sy3_phase1_wgs1__plateau_2022-09-30N_018__W003,1,train,global_bounded_wgs_scalar,reference,1,H2_dry_vol_pct,27.897127812,1.4425423075201225e-21,-27.897127812,0.05,1,0.0057853531873553,,,completed,poor,a2955d2a2f6e850b88d8b206f465d810e1ad86ab,1.4336144487667977e-17,-1.4334701945360456e-17,-1.4334701945360456e-05
R52-C-75,R52-C-75__P1__huayi_sy3_phase1_wgs1__plateau_2022-09-30N_018__W003,1,train,global_bounded_wgs_scalar,reference,1,CO2_dry_vol_pct,9.2952522936,17.88949953910687,8.594247245506867,0.05,1,0.0057853531873553,,,completed,poor,a2955d2a2f6e850b88d8b206f465d810e1ad86ab,17.771528941714827,0.1179705973920413,0.0066381794036376235
R52-C-75,R52-C-75__P1__huayi_sy3_phase1_wgs1__plateau_2022-09-30N_018__W003,1,train,global_bounded_wgs_scalar,reference,1,H2_CO_ratio,0.4491729835250674,1.818584749027963e-23,-0.4491729835250674,0.05,1,0.0057853531873553,,,completed,poor,a2955d2a2f6e850b88d8b206f465d810e1ad86ab,1.8043983059232604e-19,-1.8042164474483575e-19,-1.8042164474483575e-07
R52-C-75,R52-C-75__P1__huayi_sy3_phase1_wgs1__plateau_2022-09-30N_018__W003,1,train,global_bounded_wgs_scalar,reference,1,dry_syngas_flow,131358.1794835775,131358.1794835775,0.0,0.05,1,0.0057853531873553,,,completed,poor,a2955d2a2f6e850b88d8b206f465d810e1ad86ab,59181.41183123284,72176.76765234466,1.2195850930047185
R52-C-75,R52-C-75__P1__huayi_sy3_phase1_wgs1__plateau_2022-09-30N_018__W004,1,train,global_bounded_wgs_scalar,reference,1,CO_dry_vol_pct,62.55384123733334,79.36493155848237,16.81109032114903,0.05,1,0.0057156521304749,,,completed,poor,a2955d2a2f6e850b88d8b206f465d810e1ad86ab,79.49148606174822,-0.12655450326585083,-0.0015920510426430385
R52-C-75,R52-C-75__P1__huayi_sy3_phase1_wgs1__plateau_2022-09-30N_018__W004,1,train,global_bounded_wgs_scalar,reference,1,H2_dry_vol_pct,28.21034203066666,4.836248327211847e-21,-28.21034203066666,0.05,1,0.0057156521304749,,,completed,poor,a2955d2a2f6e850b88d8b206f465d810e1ad86ab,1.2297309530100377e-17,-1.2292473281773164e-17,-1.2292473281773164e-05
R52-C-75,R52-C-75__P1__huayi_sy3_phase1_wgs1__plateau_2022-09-30N_018__W004,1,train,global_bounded_wgs_scalar,reference,1,CO2_dry_vol_pct,8.497962900933333,17.86312783541595,9.365164934482616,0.05,1,0.0057156521304749,,,completed,poor,a2955d2a2f6e850b88d8b206f465d810e1ad86ab,17.74709204892581,0.11603578649013713,0.00653829856577323
R52-C-75,R52-C-75__P1__huayi_sy3_phase1_wgs1__plateau_2022-09-30N_018__W004,1,train,global_bounded_wgs_scalar,reference,1,H2_CO_ratio,0.4509737069549503,6.093684240939735e-23,-0.4509737069549503,0.05,1,0.0057156521304749,,,completed,poor,a2955d2a2f6e850b88d8b206f465d810e1ad86ab,1.5469970608610772e-19,-1.5463876924369831e-19,-1.546387692436983e-07
R52-C-75,R52-C-75__P1__huayi_sy3_phase1_wgs1__plateau_2022-09-30N_018__W004,1,train,global_bounded_wgs_scalar,reference,1,dry_syngas_flow,133667.86264315297,133667.86264315297,0.0,0.05,1,0.0057156521304749,,,completed,poor,a2955d2a2f6e850b88d8b206f465d810e1ad86ab,59620.89608050993,74046.96656264304,1.2419633288076157
R52-C-75,R52-C-75__P1__huayi_sy3_phase1_wgs1__plateau_2022-09-30N_018__W005,1,train,global_bounded_wgs_scalar,reference,1,CO_dry_vol_pct,62.47337363866667,79.09477334019805,16.621399701531374,0.05,1,0.0061746467959363,,,completed,poor,a2955d2a2f6e850b88d8b206f465d810e1ad86ab,79.2326146940355,-0.13784135383745877,-0.001739704720963036
R52-C-75,R52-C-75__P1__huayi_sy3_phase1_wgs1__plateau_2022-09-30N_018__W005,1,train,global_bounded_wgs_scalar,reference,1,H2_dry_vol_pct,28.084389796,3.2630582404573548e-22,-28.084389796,0.05,1,0.0061746467959363,,,completed,poor,a2955d2a2f6e850b88d8b206f465d810e1ad86ab,2.0669530685386526e-18,-2.066626762714607e-18,-2.066626762714607e-06
R52-C-75,R52-C-75__P1__huayi_sy3_phase1_wgs1__plateau_2022-09-30N_018__W005,1,train,global_bounded_wgs_scalar,reference,1,CO2_dry_vol_pct,8.739705993333333,18.02824037699759,9.288534383664258,0.05,1,0.0061746467959363,,,completed,poor,a2955d2a2f6e850b88d8b206f465d810e1ad86ab,17.903131416411174,0.12510896058641663,0.006988104911732571
R52-C-75,R52-C-75__P1__huayi_sy3_phase1_wgs1__plateau_2022-09-30N_018__W005,1,train,global_bounded_wgs_scalar,reference,1,H2_CO_ratio,0.4495420403733147,4.125504256042899e-24,-0.4495420403733147,0.05,1,0.0061746467959363,,,completed,poor,a2955d2a2f6e850b88d8b206f465d810e1ad86ab,2.6087149547195863e-20,-2.6083024042939818e-20,-2.608302404293982e-08
R52-C-75,R52-C-75__P1__huayi_sy3_phase1_wgs1__plateau_2022-09-30N_018__W005,1,train,global_bounded_wgs_scalar,reference,1,dry_syngas_flow,133907.95837160238,133907.95837160238,0.0,0.05,1,0.0061746467959363,,,completed,poor,a2955d2a2f6e850b88d8b206f465d810e1ad86ab,59129.776408133985,74778.18196346839,1.2646450994051415
R52-C-75,R52-C-75__P1__huayi_sy3_phase1_wgs1__plateau_2022-09-30N_018__W006,1,train,global_bounded_wgs_scalar,reference,1,CO_dry_vol_pct,62.547863098666674,78.55705553411102,16.00919243544434,0.05,1,0.0071572878304919,,,completed,poor,a2955d2a2f6e850b88d8b206f465d810e1ad86ab,78.71364769457908,-0.15659216046806534,-0.001989390214460226
R52-C-75,R52-C-75__P1__huayi_sy3_phase1_wgs1__plateau_2022-09-30N_018__W006,1,train,global_bounded_wgs_scalar,reference,1,H2_dry_vol_pct,28.112040912,5.804577464539231e-20,-28.112040912,0.05,1,0.0071572878304919,,,completed,poor,a2955d2a2f6e850b88d8b206f465d810e1ad86ab,3.979366821073691e-17,-3.973562243609152e-17,-3.973562243609152e-05
R52-C-75,R52-C-75__P1__huayi_sy3_phase1_wgs1__plateau_2022-09-30N_018__W006,1,train,global_bounded_wgs_scalar,reference,1,CO2_dry_vol_pct,8.641554167066666,18.350654107753225,9.709099940686556,0.05,1,0.0071572878304919,,,completed,poor,a2955d2a2f6e850b88d8b206f465d810e1ad86ab,18.21136985641759,0.13928425133563493,0.00764820287731139
R52-C-75,R52-C-75__P1__huayi_sy3_phase1_wgs1__plateau_2022-09-30N_018__W006,1,train,global_bounded_wgs_scalar,reference,1,H2_CO_ratio,0.4494502025515557,7.388995711554858e-22,-0.4494502025515557,0.05,1,0.0071572878304919,,,completed,poor,a2955d2a2f6e850b88d8b206f465d810e1ad86ab,5.055497918879633e-19,-5.048108923168077e-19,-5.048108923168077e-07
R52-C-75,R52-C-75__P1__huayi_sy3_phase1_wgs1__plateau_2022-09-30N_018__W006,1,train,global_bounded_wgs_scalar,reference,1,dry_syngas_flow,134006.42930000604,134006.42930000604,0.0,0.05,1,0.0071572878304919,,,completed,poor,a2955d2a2f6e850b88d8b206f465d810e1ad86ab,57758.33855255414,76248.0907474519,1.3201226465001932
R52-C-75,R52-C-75__P2__huayi_sy3sy2_phase2_wgs1__shift_morning_handover_2022-10-02__W001,2,train,global_bounded_wgs_scalar,reference,1,CO_dry_vol_pct,62.806214492,84.48968296377708,21.683468471777083,0.05,1,0.0123222482244537,,,completed,poor,a2955d2a2f6e850b88d8b206f465d810e1ad86ab,84.69996489995079,-0.2102819361737005,-0.0024826685161214593
R52-C-75,R52-C-75__P2__huayi_sy3sy2_phase2_wgs1__shift_morning_handover_2022-10-02__W001,2,train,global_bounded_wgs_scalar,reference,1,H2_dry_vol_pct,27.67739392,2.596804119932128e-20,-27.67739392,0.05,1,0.0123222482244537,,,completed,poor,a2955d2a2f6e850b88d8b206f465d810e1ad86ab,7.688780096376394e-16,-7.6885204159644e-16,-0.00076885204159644
R52-C-75,R52-C-75__P2__huayi_sy3sy2_phase2_wgs1__shift_morning_handover_2022-10-02__W001,2,train,global_bounded_wgs_scalar,reference,1,CO2_dry_vol_pct,8.8062638492,12.081727201846542,3.275463352646541,0.05,1,0.0123222482244537,,,completed,poor,a2955d2a2f6e850b88d8b206f465d810e1ad86ab,11.912479663680058,0.1692475381664842,0.014207582547444154
R52-C-75,R52-C-75__P2__huayi_sy3sy2_phase2_wgs1__shift_morning_handover_2022-10-02__W001,2,train,global_bounded_wgs_scalar,reference,1,H2_CO_ratio,0.4406797629169421,3.073516231615457e-22,-0.4406797629169421,0.05,1,0.0123222482244537,,,completed,poor,a2955d2a2f6e850b88d8b206f465d810e1ad86ab,9.077666213272375e-18,-9.077358861649213e-18,-9.077358861649213e-06
R52-C-75,R52-C-75__P2__huayi_sy3sy2_phase2_wgs1__shift_morning_handover_2022-10-02__W001,2,train,global_bounded_wgs_scalar,reference,1,dry_syngas_flow,133486.41553050416,133486.41553050416,0.0,0.05,1,0.0123222482244537,,,completed,poor,a2955d2a2f6e850b88d8b206f465d810e1ad86ab,58199.16906837035,75287.24646213381,1.2936137691878211
R52-C-75,R52-C-75__P2__huayi_sy3sy2_phase2_wgs1__plateau_2022-10-02D_007__W001,2,train,global_bounded_wgs_scalar,reference,1,CO_dry_vol_pct,62.53256980133334,84.17122686760975,21.63865706627641,0.05,1,0.0133870331694064,,,completed,poor,a2955d2a2f6e850b88d8b206f465d810e1ad86ab,84.39030277208576,-0.21907590447601422,-0.0025959843403770694
R52-C-75,R52-C-75__P2__huayi_sy3sy2_phase2_wgs1__plateau_2022-10-02D_007__W001,2,train,global_bounded_wgs_scalar,reference,1,H2_dry_vol_pct,27.440647118666668,1.5465453770596002e-19,-27.440647118666668,0.05,1,0.0133870331694064,,,completed,poor,a2955d2a2f6e850b88d8b206f465d810e1ad86ab,1.9326987475513748e-16,-1.9311522021743153e-16,-0.00019311522021743153
R52-C-75,R52-C-75__P2__huayi_sy3sy2_phase2_wgs1__plateau_2022-10-02D_007__W001,2,train,global_bounded_wgs_scalar,reference,1,CO2_dry_vol_pct,9.325112716266666,12.2331168569602,2.9080041406935333,0.05,1,0.0133870331694064,,,completed,poor,a2955d2a2f6e850b88d8b206f465d810e1ad86ab,12.059117178593231,0.17399967836696817,0.01442889025706161
R52-C-75,R52-C-75__P2__huayi_sy3sy2_phase2_wgs1__plateau_2022-10-02D_007__W001,2,train,global_bounded_wgs_scalar,reference,1,H2_CO_ratio,0.4388256725292306,1.837380105546177e-21,-0.4388256725292306,0.05,1,0.0133870331694064,,,completed,poor,a2955d2a2f6e850b88d8b206f465d810e1ad86ab,2.290190559892936e-18,-2.28835317978739e-18,-2.28835317978739e-06
R52-C-75,R52-C-75__P2__huayi_sy3sy2_phase2_wgs1__plateau_2022-10-02D_007__W001,2,train,global_bounded_wgs_scalar,reference,1,dry_syngas_flow,131384.93922437524,131384.93922437524,0.0,0.05,1,0.0133870331694064,,,completed,poor,a2955d2a2f6e850b88d8b206f465d810e1ad86ab,56842.40592432171,74542.53330005353,1.3113894826917996
R52-C-75,R52-C-75__P2__huayi_sy3sy2_phase2_wgs1__plateau_2022-10-02D_007__W002,2,train,global_bounded_wgs_scalar,reference,1,CO_dry_vol_pct,62.62816938799999,84.14714756713406,21.518978179134063,0.05,1,0.0134757455386468,,,completed,poor,a2955d2a2f6e850b88d8b206f465d810e1ad86ab,84.36557497543431,-0.21842740830025775,-0.002589058491735044
R52-C-75,R52-C-75__P2__huayi_sy3sy2_phase2_wgs1__plateau_2022-10-02D_007__W002,2,train,global_bounded_wgs_scalar,reference,1,H2_dry_vol_pct,27.292091693333337,3.54436771334874e-23,-27.292091693333337,0.05,1,0.0134757455386468,,,completed,poor,a2955d2a2f6e850b88d8b206f465d810e1ad86ab,6.485453911301036e-14,-6.485453907756669e-14,-0.06485453907756669
R52-C-75,R52-C-75__P2__huayi_sy3sy2_phase2_wgs1__plateau_2022-10-02D_007__W002,2,train,global_bounded_wgs_scalar,reference,1,CO2_dry_vol_pct,9.383415142133332,12.2439438610109,2.860528718877568,0.05,1,0.0134757455386468,,,completed,poor,a2955d2a2f6e850b88d8b206f465d810e1ad86ab,12.070661870746664,0.17328199026423619,0.014355632865848586
R52-C-75,R52-C-75__P2__huayi_sy3sy2_phase2_wgs1__plateau_2022-10-02D_007__W002,2,train,global_bounded_wgs_scalar,reference,1,H2_CO_ratio,0.4357803814278319,4.212106786532463e-25,-0.4357803814278319,0.05,1,0.0134757455386468,,,completed,poor,a2955d2a2f6e850b88d8b206f465d810e1ad86ab,7.687322599519389e-16,-7.687322595307282e-16,-0.0007687322595307282
R52-C-75,R52-C-75__P2__huayi_sy3sy2_phase2_wgs1__plateau_2022-10-02D_007__W002,2,train,global_bounded_wgs_scalar,reference,1,dry_syngas_flow,130221.35699898964,130221.35699898964,0.0,0.05,1,0.0134757455386468,,,completed,poor,a2955d2a2f6e850b88d8b206f465d810e1ad86ab,56621.62079949836,73599.73619949128,1.2998521617760426
R52-C-75,R52-C-75__P2__huayi_sy3sy2_phase2_wgs1__plateau_2022-10-02D_008__W001,2,train,global_bounded_wgs_scalar,reference,1,CO_dry_vol_pct,63.24949256533333,84.57565442649725,21.326161861163925,0.05,1,0.012079596162182,,,completed,poor,a2955d2a2f6e850b88d8b206f465d810e1ad86ab,84.77563823902682,-0.19998381252956676,-0.0023589773746758224
R52-C-75,R52-C-75__P2__huayi_sy3sy2_phase2_wgs1__plateau_2022-10-02D_008__W001,2,train,global_bounded_wgs_scalar,reference,1,H2_dry_vol_pct,27.331996638666663,1.6559093990888941e-18,-27.331996638666663,0.05,1,0.012079596162182,,,completed,poor,a2955d2a2f6e850b88d8b206f465d810e1ad86ab,8.390913758802136e-17,-8.225322818893246e-17,-8.225322818893246e-05
R52-C-75,R52-C-75__P2__huayi_sy3sy2_phase2_wgs1__plateau_2022-10-02D_008__W001,2,train,global_bounded_wgs_scalar,reference,1,CO2_dry_vol_pct,8.695898946533333,12.037424602690429,3.341525656157096,0.05,1,0.012079596162182,,,completed,poor,a2955d2a2f6e850b88d8b206f465d810e1ad86ab,11.876005701479494,0.1614189012109346,0.013592019511309707
R52-C-75,R52-C-75__P2__huayi_sy3sy2_phase2_wgs1__plateau_2022-10-02D_008__W001,2,train,global_bounded_wgs_scalar,reference,1,H2_CO_ratio,0.4321289539973351,1.957903146381216e-20,-0.4321289539973351,0.05,1,0.012079596162182,,,completed,poor,a2955d2a2f6e850b88d8b206f465d810e1ad86ab,9.89778895576553e-19,-9.701998641127409e-19,-9.70199864112741e-07
R52-C-75,R52-C-75__P2__huayi_sy3sy2_phase2_wgs1__plateau_2022-10-02D_008__W001,2,train,global_bounded_wgs_scalar,reference,1,dry_syngas_flow,135611.63994624343,135611.63994624343,0.0,0.05,1,0.012079596162182,,,completed,poor,a2955d2a2f6e850b88d8b206f465d810e1ad86ab,59645.437189457276,75966.20275678617,1.2736297416261322
R52-C-75,R52-C-75__P2__huayi_sy3sy2_phase2_wgs1__plateau_2022-10-02D_008__W002,2,train,global_bounded_wgs_scalar,reference,1,CO_dry_vol_pct,63.08555071599999,84.61913868545862,21.53358796945863,0.05,1,0.0118987494209032,,,completed,poor,a2955d2a2f6e850b88d8b206f465d810e1ad86ab,84.82643921668813,-0.20730053122950665,-0.0024438197942030773
R52-C-75,R52-C-75__P2__huayi_sy3sy2_phase2_wgs1__plateau_2022-10-02D_008__W002,2,train,global_bounded_wgs_scalar,reference,1,H2_dry_vol_pct,27.280574058666662,4.434615857274554e-19,-27.280574058666662,0.05,1,0.0118987494209032,,,completed,poor,a2955d2a2f6e850b88d8b206f465d810e1ad86ab,4.460175325898451e-19,-2.555946862389702e-21,-2.555946862389702e-09
R52-C-75,R52-C-75__P2__huayi_sy3sy2_phase2_wgs1__plateau_2022-10-02D_008__W002,2,train,global_bounded_wgs_scalar,reference,1,CO2_dry_vol_pct,8.922514986666668,12.019421702518756,3.0969067158520875,0.05,1,0.0118987494209032,,,completed,poor,a2955d2a2f6e850b88d8b206f465d810e1ad86ab,11.851659687194555,0.16776201532420032,0.01415514955305908
R52-C-75,R52-C-75__P2__huayi_sy3sy2_phase2_wgs1__plateau_2022-10-02D_008__W002,2,train,global_bounded_wgs_scalar,reference,1,H2_CO_ratio,0.4324363383264407,5.2406771401427904e-21,-0.4324363383264407,0.05,1,0.0118987494209032,,,completed,poor,a2955d2a2f6e850b88d8b206f465d810e1ad86ab,5.25800135793156e-21,-1.73242177887699e-23,-1.73242177887699e-11
R52-C-75,R52-C-75__P2__huayi_sy3sy2_phase2_wgs1__plateau_2022-10-02D_008__W002,2,train,global_bounded_wgs_scalar,reference,1,dry_syngas_flow,134026.21374089763,134026.21374089763,0.0,0.05,1,0.0118987494209032,,,completed,poor,a2955d2a2f6e850b88d8b206f465d810e1ad86ab,60114.90279193685,73911.31094896077,1.22950063156177
R52-C-75,R52-C-75__P2__huayi_sy3sy2_phase2_wgs1__plateau_2022-10-02D_008__W003,2,train,global_bounded_wgs_scalar,reference,1,CO_dry_vol_pct,63.07063903823528,84.57582797309215,21.505188934856868,0.05,1,0.0120203060056356,,,completed,poor,a2955d2a2f6e850b88d8b206f465d810e1ad86ab,84.7882040730265,-0.21237609993436024,-0.0025047835634240422
R52-C-75,R52-C-75__P2__huayi_sy3sy2_phase2_wgs1__plateau_2022-10-02D_008__W003,2,train,global_bounded_wgs_scalar,reference,1,H2_dry_vol_pct,27.202230354411764,1.8692696425281463e-20,-27.202230354411764,0.05,1,0.0120203060056356,,,completed,poor,a2955d2a2f6e850b88d8b206f465d810e1ad86ab,7.604753302248017e-16,-7.604566375283765e-16,-0.0007604566375283765
R52-C-75,R52-C-75__P2__huayi_sy3sy2_phase2_wgs1__plateau_2022-10-02D_008__W003,2,train,global_bounded_wgs_scalar,reference,1,CO2_dry_vol_pct,9.006523823823533,12.041793601114149,3.0352697772906136,0.05,1,0.0120203060056356,,,completed,poor,a2955d2a2f6e850b88d8b206f465d810e1ad86ab,11.870173519211196,0.17162008190295275,0.01445809377808972
R52-C-75,R52-C-75__P2__huayi_sy3sy2_phase2_wgs1__plateau_2022-10-02D_008__W003,2,train,global_bounded_wgs_scalar,reference,1,H2_CO_ratio,0.4312973684326845,2.2101700773450964e-22,-0.4312973684326845,0.05,1,0.0120203060056356,,,completed,poor,a2955d2a2f6e850b88d8b206f465d810e1ad86ab,8.969117090507288e-18,-8.968896073499553e-18,-8.968896073499553e-06
R52-C-75,R52-C-75__P2__huayi_sy3sy2_phase2_wgs1__plateau_2022-10-02D_008__W003,2,train,global_bounded_wgs_scalar,reference,1,dry_syngas_flow,135333.12568400582,135333.12568400582,0.0,0.05,1,0.0120203060056356,,,completed,poor,a2955d2a2f6e850b88d8b206f465d810e1ad86ab,59961.32101645969,75371.80466754612,1.257007073724346
R52-C-75,R52-C-75__P2__huayi_sy3sy2_phase2_wgs1__plateau_2022-10-02D_008__W004,2,train,global_bounded_wgs_scalar,reference,1,CO_dry_vol_pct,62.77992547536232,84.62442092682903,21.84449545146672,0.05,1,0.0118470173524566,,,completed,poor,a2955d2a2f6e850b88d8b206f465d810e1ad86ab,84.8389432815887,-0.21452235475966575,-0.0025285835308868146
R52-C-75,R52-C-75__P2__huayi_sy3sy2_phase2_wgs1__plateau_2022-10-02D_008__W004,2,train,global_bounded_wgs_scalar,reference,1,H2_dry_vol_pct,27.104893466666667,1.603625751731415e-19,-27.104893466666667,0.05,1,0.0118470173524566,,,completed,poor,a2955d2a2f6e850b88d8b206f465d810e1ad86ab,1.6227449108997636e-14,-1.6227288746422463e-14,-0.016227288746422465
R52-C-75,R52-C-75__P2__huayi_sy3sy2_phase2_wgs1__plateau_2022-10-02D_008__W004,2,train,global_bounded_wgs_scalar,reference,1,CO2_dry_vol_pct,9.396092198550727,12.019483501774666,2.623391303223938,0.05,1,0.0118470173524566,,,completed,poor,a2955d2a2f6e850b88d8b206f465d810e1ad86ab,11.845737496265569,0.1737460055090967,0.014667386101023345
R52-C-75,R52-C-75__P2__huayi_sy3sy2_phase2_wgs1__plateau_2022-10-02D_008__W004,2,train,global_bounded_wgs_scalar,reference,1,H2_CO_ratio,0.4317442957838846,1.894991698812331e-21,-0.4317442957838846,0.05,1,0.0118470173524566,,,completed,poor,a2955d2a2f6e850b88d8b206f465d810e1ad86ab,1.9127358829938694e-16,-1.9127169330768812e-16,-0.00019127169330768813
R52-C-75,R52-C-75__P2__huayi_sy3sy2_phase2_wgs1__plateau_2022-10-02D_008__W004,2,train,global_bounded_wgs_scalar,reference,1,dry_syngas_flow,134996.61895123284,134996.61895123284,0.0,0.05,1,0.0118470173524566,,,completed,poor,a2955d2a2f6e850b88d8b206f465d810e1ad86ab,60146.08443978174,74850.5345114511,1.2444789250810075
R52-C-75,R52-C-75__P2__huayi_sy3sy2_phase2_wgs1__shift_evening_handover_2022-10-02__W001,2,train,global_bounded_wgs_scalar,reference,1,CO_dry_vol_pct,63.41086326266668,84.46708074869605,21.056217486029368,0.05,1,0.0123444770150962,,,completed,poor,a2955d2a2f6e850b88d8b206f465d810e1ad86ab,84.688855659144,-0.22177491044794806,-0.0026187024103920885
R52-C-75,R52-C-75__P2__huayi_sy3sy2_phase2_wgs1__shift_evening_handover_2022-10-02__W001,2,train,global_bounded_wgs_scalar,reference,1,H2_dry_vol_pct,27.417061404,8.738367501492641e-21,-27.417061404,0.05,1,0.0123444770150962,,,completed,poor,a2955d2a2f6e850b88d8b206f465d810e1ad86ab,8.901544781409025e-17,-8.900670944658876e-17,-8.900670944658876e-05
R52-C-75,R52-C-75__P2__huayi_sy3sy2_phase2_wgs1__shift_evening_handover_2022-10-02__W001,2,train,global_bounded_wgs_scalar,reference,1,CO2_dry_vol_pct,8.441408170933336,12.096492997014645,3.655084826081307,0.05,1,0.0123444770150962,,,completed,poor,a2955d2a2f6e850b88d8b206f465d810e1ad86ab,11.918000504250468,0.17849249276417645,0.014976714651129474
R52-C-75,R52-C-75__P2__huayi_sy3sy2_phase2_wgs1__shift_evening_handover_2022-10-02__W001,2,train,global_bounded_wgs_scalar,reference,1,H2_CO_ratio,0.4323704069112698,1.0345293603185804e-22,-0.4323704069112698,0.05,1,0.0123444770150962,,,completed,poor,a2955d2a2f6e850b88d8b206f465d810e1ad86ab,1.0510880932475926e-18,-1.0509846403115608e-18,-1.050984640311561e-06
R52-C-75,R52-C-75__P2__huayi_sy3sy2_phase2_wgs1__shift_evening_handover_2022-10-02__W001,2,train,global_bounded_wgs_scalar,reference,1,dry_syngas_flow,137049.71626670065,137049.71626670065,0.0,0.05,1,0.0123444770150962,,,completed,poor,a2955d2a2f6e850b88d8b206f465d810e1ad86ab,59594.875325158006,77454.84094154264,1.2996896212793156
R52-C-75,R52-C-75__P2__huayi_sy3sy2_phase2_wgs1__plateau_2022-10-02N_009__W001,2,train,global_bounded_wgs_scalar,reference,1,CO_dry_vol_pct,63.46170394933334,84.38997748852883,20.928273539195487,0.05,1,0.0126042678643335,,,completed,poor,a2955d2a2f6e850b88d8b206f465d810e1ad86ab,84.61273392685459,-0.2227564383257601,-0.002632658560806308
R52-C-75,R52-C-75__P2__huayi_sy3sy2_phase2_wgs1__plateau_2022-10-02N_009__W001,2,train,global_bounded_wgs_scalar,reference,1,H2_dry_vol_pct,27.516882504000005,7.84151048847951e-20,-27.516882504000005,0.05,1,0.0126042678643335,,,completed,poor,a2955d2a2f6e850b88d8b206f465d810e1ad86ab,1.6171908447144387e-15,-1.6171124296095538e-15,-0.0016171124296095539
R52-C-75,R52-C-75__P2__huayi_sy3sy2_phase2_wgs1__plateau_2022-10-02N_009__W001,2,train,global_bounded_wgs_scalar,reference,1,CO2_dry_vol_pct,8.2832787328,12.13296831087913,3.849689578079131,0.05,1,0.0126042678643335,,,completed,poor,a2955d2a2f6e850b88d8b206f465d810e1ad86ab,11.954296712459838,0.17867159841929237,0.014946224166668444
R52-C-75,R52-C-75__P2__huayi_sy3sy2_phase2_wgs1__plateau_2022-10-02N_009__W001,2,train,global_bounded_wgs_scalar,reference,1,H2_CO_ratio,0.4335975122152168,9.291992629747309e-22,-0.4335975122152168,0.05,1,0.0126042678643335,,,completed,poor,a2955d2a2f6e850b88d8b206f465d810e1ad86ab,1.9112854172900928e-17,-1.9111924973637953e-17,-1.9111924973637954e-05
R52-C-75,R52-C-75__P2__huayi_sy3sy2_phase2_wgs1__plateau_2022-10-02N_009__W001,2,train,global_bounded_wgs_scalar,reference,1,dry_syngas_flow,135968.2115162215,135968.2115162215,0.0,0.05,1,0.0126042678643335,,,completed,poor,a2955d2a2f6e850b88d8b206f465d810e1ad86ab,59081.60681635042,76886.60469987107,1.3013627902650955
R52-C-75,R52-C-75__P2__huayi_sy3sy2_phase2_wgs1__plateau_2022-10-02N_009__W002,2,train,global_bounded_wgs_scalar,reference,1,CO_dry_vol_pct,63.25691689866667,84.43872878154345,21.18181188287678,0.05,1,0.0124484300685162,,,completed,poor,a2955d2a2f6e850b88d8b206f465d810e1ad86ab,84.65903849267067,-0.22030971112722852,-0.002602317662115921
R52-C-75,R52-C-75__P2__huayi_sy3sy2_phase2_wgs1__plateau_2022-10-02N_009__W002,2,train,global_bounded_wgs_scalar,reference,1,H2_dry_vol_pct,27.468237184000003,1.7758840725546392e-22,-27.468237184000003,0.05,1,0.0124484300685162,,,completed,poor,a2955d2a2f6e850b88d8b206f465d810e1ad86ab,3.7968436030720807e-16,-3.796841827188008e-16,-0.0003796841827188008
R52-C-75,R52-C-75__P2__huayi_sy3sy2_phase2_wgs1__plateau_2022-10-02N_009__W002,2,train,global_bounded_wgs_scalar,reference,1,CO2_dry_vol_pct,8.520277471866667,12.10926526038672,3.588987788520054,0.05,1,0.0124484300685162,,,completed,poor,a2955d2a2f6e850b88d8b206f465d810e1ad86ab,11.932203289194891,0.17706197119182931,0.01483900055173937
R52-C-75,R52-C-75__P2__huayi_sy3sy2_phase2_wgs1__plateau_2022-10-02N_009__W002,2,train,global_bounded_wgs_scalar,reference,1,H2_CO_ratio,0.4342286925491855,2.10316296583424e-24,-0.4342286925491855,0.05,1,0.0124484300685162,,,completed,poor,a2955d2a2f6e850b88d8b206f465d810e1ad86ab,4.484865019345561e-18,-4.4848629161825954e-18,-4.4848629161825955e-06
R52-C-75,R52-C-75__P2__huayi_sy3sy2_phase2_wgs1__plateau_2022-10-02N_009__W002,2,train,global_bounded_wgs_scalar,reference,1,dry_syngas_flow,136614.63686025803,136614.63686025803,0.0,0.05,1,0.0124484300685162,,,completed,poor,a2955d2a2f6e850b88d8b206f465d810e1ad86ab,59250.38919705543,77364.24766320261,1.3057171220581176
R52-C-75,R52-C-75__P2__huayi_sy3sy2_phase2_wgs1__plateau_2022-10-02N_009__W003,2,train,global_bounded_wgs_scalar,reference,1,CO_dry_vol_pct,62.98495327466667,84.48735894841704,21.502405673750367,0.05,1,0.0123206503935449,,,completed,poor,a2955d2a2f6e850b88d8b206f465d810e1ad86ab,84.69966135823692,-0.21230240981988402,-0.0025065319791770088
R52-C-75,R52-C-75__P2__huayi_sy3sy2_phase2_wgs1__plateau_2022-10-02N_009__W003,2,train,global_bounded_wgs_scalar,reference,1,H2_dry_vol_pct,27.480912090666667,2.928999021021459e-21,-27.480912090666667,0.05,1,0.0123206503935449,,,completed,poor,a2955d2a2f6e850b88d8b206f465d810e1ad86ab,1.2746432825969488e-16,-1.2746139926067386e-16,-0.00012746139926067386
R52-C-75,R52-C-75__P2__huayi_sy3sy2_phase2_wgs1__plateau_2022-10-02N_009__W003,2,train,global_bounded_wgs_scalar,reference,1,CO2_dry_vol_pct,8.8139224204,12.083518308162432,3.269595887762432,0.05,1,0.0123206503935449,,,completed,poor,a2955d2a2f6e850b88d8b206f465d810e1ad86ab,11.912670558865738,0.17084774929669422,0.014341683374224146
R52-C-75,R52-C-75__P2__huayi_sy3sy2_phase2_wgs1__plateau_2022-10-02N_009__W003,2,train,global_bounded_wgs_scalar,reference,1,H2_CO_ratio,0.4363097806545441,3.466789656438109e-23,-0.4363097806545441,0.05,1,0.0123206503935449,,,completed,poor,a2955d2a2f6e850b88d8b206f465d810e1ad86ab,1.5048977317699648e-18,-1.5048630638734005e-18,-1.5048630638734006e-06
R52-C-75,R52-C-75__P2__huayi_sy3sy2_phase2_wgs1__plateau_2022-10-02N_009__W003,2,train,global_bounded_wgs_scalar,reference,1,dry_syngas_flow,134692.24161889203,134692.24161889203,0.0,0.05,1,0.0123206503935449,,,completed,poor,a2955d2a2f6e850b88d8b206f465d810e1ad86ab,59261.701609601296,75430.54000929074,1.2728379030727974
R52-C-75,R52-C-75__P2__huayi_sy3sy2_phase2_wgs1__plateau_2022-10-02N_009__W004,2,train,global_bounded_wgs_scalar,reference,1,CO_dry_vol_pct,63.326827236,84.4522616882121,21.125434452212104,0.05,1,0.0124663606810269,,,completed,poor,a2955d2a2f6e850b88d8b206f465d810e1ad86ab,84.65917391937687,-0.20691223116476465,-0.0024440615421290612
R52-C-75,R52-C-75__P2__huayi_sy3sy2_phase2_wgs1__plateau_2022-10-02N_009__W004,2,train,global_bounded_wgs_scalar,reference,1,H2_dry_vol_pct,27.554390776000005,1.2236731598694529e-18,-27.554390776000005,0.05,1,0.0124663606810269,,,completed,poor,a2955d2a2f6e850b88d8b206f465d810e1ad86ab,7.598899243529832e-15,-7.597675570369962e-15,-0.007597675570369963
R52-C-75,R52-C-75__P2__huayi_sy3sy2_phase2_wgs1__plateau_2022-10-02N_009__W004,2,train,global_bounded_wgs_scalar,reference,1,CO2_dry_vol_pct,8.383189950133334,12.098098436337333,3.714908486203997,0.05,1,0.0124663606810269,,,completed,poor,a2955d2a2f6e850b88d8b206f465d810e1ad86ab,11.931906807254025,0.16619162908330765,0.01392833783970481
R52-C-75,R52-C-75__P2__huayi_sy3sy2_phase2_wgs1__plateau_2022-10-02N_009__W004,2,train,global_bounded_wgs_scalar,reference,1,H2_CO_ratio,0.4351170293875853,1.4489525033528544e-20,-0.4351170293875853,0.05,1,0.0124663606810269,,,completed,poor,a2955d2a2f6e850b88d8b206f465d810e1ad86ab,8.975872184586235e-17,-8.974423232082882e-17,-8.974423232082882e-05
R52-C-75,R52-C-75__P2__huayi_sy3sy2_phase2_wgs1__plateau_2022-10-02N_009__W004,2,train,global_bounded_wgs_scalar,reference,1,dry_syngas_flow,135315.51028535963,135315.51028535963,0.0,0.05,1,0.0124663606810269,,,completed,poor,a2955d2a2f6e850b88d8b206f465d810e1ad86ab,58759.48487030549,76556.02541505414,1.3028709421811535
R52-C-75,R52-C-75__P2__huayi_sy3sy2_phase2_wgs1__plateau_2022-10-02N_009__W005,2,train,global_bounded_wgs_scalar,reference,1,CO_dry_vol_pct,63.19721617733333,84.47485875728728,21.277642579953948,0.05,1,0.0123562442860562,,,completed,poor,a2955d2a2f6e850b88d8b206f465d810e1ad86ab,84.68860137821336,-0.21374262092608376,-0.002523865283493397
R52-C-75,R52-C-75__P2__huayi_sy3sy2_phase2_wgs1__plateau_2022-10-02N_009__W005,2,train,global_bounded_wgs_scalar,reference,1,H2_dry_vol_pct,27.47726098133333,8.642790927378653e-19,-27.47726098133333,0.05,1,0.0123562442860562,,,completed,poor,a2955d2a2f6e850b88d8b206f465d810e1ad86ab,1.6450686701696242e-15,-1.6442043910768864e-15,-0.0016442043910768864
R52-C-75,R52-C-75__P2__huayi_sy3sy2_phase2_wgs1__plateau_2022-10-02N_009__W005,2,train,global_bounded_wgs_scalar,reference,1,CO2_dry_vol_pct,8.603536797333334,12.089945872631004,3.4864090752976704,0.05,1,0.0123562442860562,,,completed,poor,a2955d2a2f6e850b88d8b206f465d810e1ad86ab,11.91796894771663,0.17197692491437344,0.014430053112977995
R52-C-75,R52-C-75__P2__huayi_sy3sy2_phase2_wgs1__plateau_2022-10-02N_009__W005,2,train,global_bounded_wgs_scalar,reference,1,H2_CO_ratio,0.4347838002515001,1.0231199027169815e-20,-0.4347838002515001,0.05,1,0.0123562442860562,,,completed,poor,a2955d2a2f6e850b88d8b206f465d810e1ad86ab,1.9424912484064563e-17,-1.9414681285037392e-17,-1.9414681285037392e-05
R52-C-75,R52-C-75__P2__huayi_sy3sy2_phase2_wgs1__plateau_2022-10-02N_009__W005,2,train,global_bounded_wgs_scalar,reference,1,dry_syngas_flow,135794.2705177406,135794.2705177406,0.0,0.05,1,0.0123562442860562,,,completed,poor,a2955d2a2f6e850b88d8b206f465d810e1ad86ab,59180.295395877874,76613.97512186272,1.2945858855445855
R52-C-75,R52-C-75__P2__huayi_sy3sy2_phase2_wgs1__plateau_2022-10-02N_009__W006,2,train,global_bounded_wgs_scalar,reference,1,CO_dry_vol_pct,62.72970422933334,84.54156459884588,21.811860369512537,0.05,1,0.0121004743089139,,,completed,poor,a2955d2a2f6e850b88d8b206f465d810e1ad86ab,84.7614466859578,-0.21988208711191248,-0.0025941285302335426
R52-C-75,R52-C-75__P2__huayi_sy3sy2_phase2_wgs1__plateau_2022-10-02N_009__W006,2,train,global_bounded_wgs_scalar,reference,1,H2_dry_vol_pct,27.448545144,1.459214103297483e-21,-27.448545144,0.05,1,0.0121004743089139,,,completed,poor,a2955d2a2f6e850b88d8b206f465d810e1ad86ab,4.964710323357156e-17,-4.9645644019468265e-17,-4.9645644019468264e-05
R52-C-75,R52-C-75__P2__huayi_sy3sy2_phase2_wgs1__plateau_2022-10-02N_009__W006,2,train,global_bounded_wgs_scalar,reference,1,CO2_dry_vol_pct,9.115858959466664,12.06069586529965,2.944836905832986,0.05,1,0.0121004743089139,,,completed,poor,a2955d2a2f6e850b88d8b206f465d810e1ad86ab,11.883181954291155,0.17751391100849467,0.014938247322249605
R52-C-75,R52-C-75__P2__huayi_sy3sy2_phase2_wgs1__plateau_2022-10-02N_009__W006,2,train,global_bounded_wgs_scalar,reference,1,H2_CO_ratio,0.4375686736084317,1.7260315801127292e-23,-0.4375686736084317,0.05,1,0.0121004743089139,,,completed,poor,a2955d2a2f6e850b88d8b206f465d810e1ad86ab,5.857274170592521e-19,-5.85710156743451e-19,-5.85710156743451e-07
R52-C-75,R52-C-75__P2__huayi_sy3sy2_phase2_wgs1__plateau_2022-10-02N_009__W006,2,train,global_bounded_wgs_scalar,reference,1,dry_syngas_flow,135388.818337183,135388.818337183,0.0,0.05,1,0.0121004743089139,,,completed,poor,a2955d2a2f6e850b88d8b206f465d810e1ad86ab,59762.00147020362,75626.81686697938,1.2654666009585658
R52-C-75,R52-C-75__P2__huayi_sy3sy2_phase2_wgs1__plateau_2022-10-02N_010__W001,2,train,global_bounded_wgs_scalar,reference,1,CO_dry_vol_pct,62.59200827866667,84.55413851151656,21.962130232849887,0.05,1,0.0120774534782447,,,completed,poor,a2955d2a2f6e850b88d8b206f465d810e1ad86ab,84.76990402110305,-0.21576550958648966,-0.0025453079377413933
R52-C-75,R52-C-75__P2__huayi_sy3sy2_phase2_wgs1__plateau_2022-10-02N_010__W001,2,train,global_bounded_wgs_scalar,reference,1,H2_dry_vol_pct,27.38116125333333,4.441752096969144e-17,-27.38116125333333,0.05,1,0.0120774534782447,,,completed,poor,a2955d2a2f6e850b88d8b206f465d810e1ad86ab,8.756731457964716e-18,3.5660789511726724e-17,3.566078951172673e-05
R52-C-75,R52-C-75__P2__huayi_sy3sy2_phase2_wgs1__plateau_2022-10-02N_010__W001,2,train,global_bounded_wgs_scalar,reference,1,CO2_dry_vol_pct,9.318938682933334,12.053268648416225,2.7343299654828908,0.05,1,0.0120774534782447,,,completed,poor,a2955d2a2f6e850b88d8b206f465d810e1ad86ab,11.879038247148905,0.17423040126731948,0.014667046072449225
R52-C-75,R52-C-75__P2__huayi_sy3sy2_phase2_wgs1__plateau_2022-10-02N_010__W001,2,train,global_bounded_wgs_scalar,reference,1,H2_CO_ratio,0.4374573298597622,5.253145706598574e-19,-0.4374573298597622,0.05,1,0.0120774534782447,,,completed,poor,a2955d2a2f6e850b88d8b206f465d810e1ad86ab,1.0330000439524824e-19,4.220145662646092e-19,4.220145662646092e-07
R52-C-75,R52-C-75__P2__huayi_sy3sy2_phase2_wgs1__plateau_2022-10-02N_010__W001,2,train,global_bounded_wgs_scalar,reference,1,dry_syngas_flow,135028.15222970364,135028.15222970364,0.0,0.05,1,0.0120774534782447,,,completed,poor,a2955d2a2f6e850b88d8b206f465d810e1ad86ab,59639.4368830895,75388.71534661415,1.264074902222799
R52-C-75,R52-C-75__P2__huayi_sy3sy2_phase2_wgs1__shift_morning_handover_2022-10-03__W001,2,train,global_bounded_wgs_scalar,reference,1,CO_dry_vol_pct,62.62306532800001,84.24391997129148,21.620854643291462,0.05,1,0.0130752050746266,,,completed,poor,a2955d2a2f6e850b88d8b206f465d810e1ad86ab,84.47428179280341,-0.2303618215119343,-0.00272700538700004
R52-C-75,R52-C-75__P2__huayi_sy3sy2_phase2_wgs1__shift_morning_handover_2022-10-03__W001,2,train,global_bounded_wgs_scalar,reference,1,H2_dry_vol_pct,27.326839910666664,1.0821085642394136e-20,-27.326839910666664,0.05,1,0.0130752050746266,,,completed,poor,a2955d2a2f6e850b88d8b206f465d810e1ad86ab,2.6127108262845e-16,-2.612602615428076e-16,-0.0002612602615428076
R52-C-75,R52-C-75__P2__huayi_sy3sy2_phase2_wgs1__shift_morning_handover_2022-10-03__W001,2,train,global_bounded_wgs_scalar,reference,1,CO2_dry_vol_pct,9.342854366266666,12.203635101164876,2.86078073489821,0.05,1,0.0130752050746266,,,completed,poor,a2955d2a2f6e850b88d8b206f465d810e1ad86ab,12.019908138843087,0.18372696232178853,0.015285221833606475
R52-C-75,R52-C-75__P2__huayi_sy3sy2_phase2_wgs1__shift_morning_handover_2022-10-03__W001,2,train,global_bounded_wgs_scalar,reference,1,H2_CO_ratio,0.4363694097163924,1.2844945541567547e-22,-0.4363694097163924,0.05,1,0.0130752050746266,,,completed,poor,a2955d2a2f6e850b88d8b206f465d810e1ad86ab,3.0929068242247947e-18,-3.092778374769379e-18,-3.092778374769379e-06
R52-C-75,R52-C-75__P2__huayi_sy3sy2_phase2_wgs1__shift_morning_handover_2022-10-03__W001,2,train,global_bounded_wgs_scalar,reference,1,dry_syngas_flow,135072.35814947772,135072.35814947772,0.0,0.05,1,0.0130752050746266,,,completed,poor,a2955d2a2f6e850b88d8b206f465d810e1ad86ab,58468.54368837594,76603.81446110178,1.3101714123304098
R52-C-75,R52-C-75__P2__huayi_sy3sy2_phase2_wgs1__plateau_2022-10-03D_011__W001,2,train,global_bounded_wgs_scalar,reference,1,CO_dry_vol_pct,62.78747585733334,84.04762868471717,21.260152827383827,0.05,1,0.0137674349338961,,,completed,poor,a2955d2a2f6e850b88d8b206f465d810e1ad86ab,84.27891878767477,-0.2312901029576011,-0.002744341126875322
R52-C-75,R52-C-75__P2__huayi_sy3sy2_phase2_wgs1__plateau_2022-10-03D_011__W001,2,train,global_bounded_wgs_scalar,reference,1,H2_dry_vol_pct,27.23126621733333,4.41308676151802e-21,-27.23126621733333,0.05,1,0.0137674349338961,,,completed,poor,a2955d2a2f6e850b88d8b206f465d810e1ad86ab,3.965117993426151e-16,-3.965073862558536e-16,-0.00039650738625585357
R52-C-75,R52-C-75__P2__huayi_sy3sy2_phase2_wgs1__plateau_2022-10-03D_011__W001,2,train,global_bounded_wgs_scalar,reference,1,CO2_dry_vol_pct,9.270155257599995,12.294106980006733,3.023951722406736,0.05,1,0.0137674349338961,,,completed,poor,a2955d2a2f6e850b88d8b206f465d810e1ad86ab,12.111210064753184,0.1828969152535489,0.015101456772335835
R52-C-75,R52-C-75__P2__huayi_sy3sy2_phase2_wgs1__plateau_2022-10-03D_011__W001,2,train,global_bounded_wgs_scalar,reference,1,H2_CO_ratio,0.4337055120589286,5.250697527794112e-23,-0.4337055120589286,0.05,1,0.0137674349338961,,,completed,poor,a2955d2a2f6e850b88d8b206f465d810e1ad86ab,4.704756599233951e-18,-4.704704092258673e-18,-4.704704092258673e-06
R52-C-75,R52-C-75__P2__huayi_sy3sy2_phase2_wgs1__plateau_2022-10-03D_011__W001,2,train,global_bounded_wgs_scalar,reference,1,dry_syngas_flow,134220.69691412855,134220.69691412855,0.0,0.05,1,0.0137674349338961,,,completed,poor,a2955d2a2f6e850b88d8b206f465d810e1ad86ab,57479.76199765938,76740.93491646918,1.335094862076745
R52-C-75,R52-C-75__P2__huayi_sy3sy2_phase2_wgs1__plateau_2022-10-03D_012__W001,2,train,global_bounded_wgs_scalar,reference,1,CO_dry_vol_pct,63.396988149333325,84.64655437871461,21.249566229381287,0.05,1,0.0118595655093172,,,completed,poor,a2955d2a2f6e850b88d8b206f465d810e1ad86ab,84.84266277444956,-0.19610839573495298,-0.002311436125670624
R52-C-75,R52-C-75__P2__huayi_sy3sy2_phase2_wgs1__plateau_2022-10-03D_012__W001,2,train,global_bounded_wgs_scalar,reference,1,H2_dry_vol_pct,27.100173431999995,8.217966444313796e-21,-27.100173431999995,0.05,1,0.0118595655093172,,,completed,poor,a2955d2a2f6e850b88d8b206f465d810e1ad86ab,8.082355460514723e-15,-8.082347242548278e-15,-0.008082347242548278
R52-C-75,R52-C-75__P2__huayi_sy3sy2_phase2_wgs1__plateau_2022-10-03D_012__W001,2,train,global_bounded_wgs_scalar,reference,1,CO2_dry_vol_pct,8.781086234000002,12.00235977521464,3.2212735412146394,0.05,1,0.0118595655093172,,,completed,poor,a2955d2a2f6e850b88d8b206f465d810e1ad86ab,11.84362012872925,0.15873964648538852,0.01340296672470365
R52-C-75,R52-C-75__P2__huayi_sy3sy2_phase2_wgs1__plateau_2022-10-03D_012__W001,2,train,global_bounded_wgs_scalar,reference,1,H2_CO_ratio,0.4274708759793658,9.708565817748516e-23,-0.4274708759793658,0.05,1,0.0118595655093172,,,completed,poor,a2955d2a2f6e850b88d8b206f465d810e1ad86ab,9.526286889417066e-17,-9.526277180851249e-17,-9.526277180851248e-05
R52-C-75,R52-C-75__P2__huayi_sy3sy2_phase2_wgs1__plateau_2022-10-03D_012__W001,2,train,global_bounded_wgs_scalar,reference,1,dry_syngas_flow,135208.44369939092,135208.44369939092,0.0,0.05,1,0.0118595655093172,,,completed,poor,a2955d2a2f6e850b88d8b206f465d810e1ad86ab,59649.46960912214,75558.97409026878,1.2667166126606029
R52-C-75,R52-C-75__P2__huayi_sy3sy2_phase2_wgs1__plateau_2022-10-03D_012__W002,2,train,global_bounded_wgs_scalar,reference,1,CO_dry_vol_pct,63.257299012,84.61918153590692,21.36188252390692,0.05,1,0.0119262256622688,,,completed,poor,a2955d2a2f6e850b88d8b206f465d810e1ad86ab,84.82062981032881,-0.2014482744218924,-0.0023749914952572253
R52-C-75,R52-C-75__P2__huayi_sy3sy2_phase2_wgs1__plateau_2022-10-03D_012__W002,2,train,global_bounded_wgs_scalar,reference,1,H2_dry_vol_pct,27.053133188,6.4434101132847536e-18,-27.053133188,0.05,1,0.0119262256622688,,,completed,poor,a2955d2a2f6e850b88d8b206f465d810e1ad86ab,2.8713027553753116e-19,6.156279837747222e-18,6.156279837747222e-06
R52-C-75,R52-C-75__P2__huayi_sy3sy2_phase2_wgs1__plateau_2022-10-03D_012__W002,2,train,global_bounded_wgs_scalar,reference,1,CO2_dry_vol_pct,8.9789605928,12.017295343174922,3.038334750374922,0.05,1,0.0119262256622688,,,completed,poor,a2955d2a2f6e850b88d8b206f465d810e1ad86ab,11.85436442384947,0.16293091932545245,0.01374438253287171
R52-C-75,R52-C-75__P2__huayi_sy3sy2_phase2_wgs1__plateau_2022-10-03D_012__W002,2,train,global_bounded_wgs_scalar,reference,1,H2_CO_ratio,0.4276703681751177,7.614597537262383e-20,-0.4276703681751177,0.05,1,0.0119262256622688,,,completed,poor,a2955d2a2f6e850b88d8b206f465d810e1ad86ab,3.3851467052248487e-21,7.276082866739898e-20,7.276082866739899e-08
R52-C-75,R52-C-75__P2__huayi_sy3sy2_phase2_wgs1__plateau_2022-10-03D_012__W002,2,train,global_bounded_wgs_scalar,reference,1,dry_syngas_flow,135172.94580704434,135172.94580704434,0.0,0.05,1,0.0119262256622688,,,completed,poor,a2955d2a2f6e850b88d8b206f465d810e1ad86ab,59700.645027446146,75472.30077959818,1.2641789840780002
R52-C-75,R52-C-75__P2__huayi_sy3sy2_phase2_wgs1__plateau_2022-10-03D_012__W003,2,train,global_bounded_wgs_scalar,reference,1,CO_dry_vol_pct,62.85266491093751,84.68984733730515,21.83718242636764,0.05,1,0.0116810183930425,,,completed,poor,a2955d2a2f6e850b88d8b206f465d810e1ad86ab,84.89327567104735,-0.20342833374219538,-0.0023962832407416943
R52-C-75,R52-C-75__P2__huayi_sy3sy2_phase2_wgs1__plateau_2022-10-03D_012__W003,2,train,global_bounded_wgs_scalar,reference,1,H2_dry_vol_pct,26.9522631546875,7.189731444560159e-20,-26.9522631546875,0.05,1,0.0116810183930425,,,completed,poor,a2955d2a2f6e850b88d8b206f465d810e1ad86ab,3.0519739285302195e-16,-3.0512549553857636e-16,-0.0003051254955385764
R52-C-75,R52-C-75__P2__huayi_sy3sy2_phase2_wgs1__plateau_2022-10-03D_012__W003,2,train,global_bounded_wgs_scalar,reference,1,CO2_dry_vol_pct,9.49402835453125,11.984326208001946,2.490297853470695,0.05,1,0.0116810183930425,,,completed,poor,a2955d2a2f6e850b88d8b206f465d810e1ad86ab,11.8192576525387,0.16506855546324495,0.013966067947405248
R52-C-75,R52-C-75__P2__huayi_sy3sy2_phase2_wgs1__plateau_2022-10-03D_012__W003,2,train,global_bounded_wgs_scalar,reference,1,H2_CO_ratio,0.4288191025489718,8.48948447849326e-22,-0.4288191025489718,0.05,1,0.0116810183930425,,,completed,poor,a2955d2a2f6e850b88d8b206f465d810e1ad86ab,3.595071464030087e-18,-3.594222515582237e-18,-3.594222515582237e-06
R52-C-75,R52-C-75__P2__huayi_sy3sy2_phase2_wgs1__plateau_2022-10-03D_012__W003,2,train,global_bounded_wgs_scalar,reference,1,dry_syngas_flow,134111.768258696,134111.768258696,0.0,0.05,1,0.0116810183930425,,,completed,poor,a2955d2a2f6e850b88d8b206f465d810e1ad86ab,59942.066457721936,74169.70180097409,1.2373564373741957
R52-C-75,R52-C-75__P2__huayi_sy3sy2_phase2_wgs1__shift_evening_handover_2022-10-03__W001,2,train,global_bounded_wgs_scalar,reference,1,CO_dry_vol_pct,63.181818126666656,85.0141812708238,21.832363144157146,0.05,1,0.01071701987819,,,completed,poor,a2955d2a2f6e850b88d8b206f465d810e1ad86ab,85.19776695810273,-0.18358568727893498,-0.0021548180642952295
R52-C-75,R52-C-75__P2__huayi_sy3sy2_phase2_wgs1__shift_evening_handover_2022-10-03__W001,2,train,global_bounded_wgs_scalar,reference,1,H2_dry_vol_pct,27.12886343466667,2.9552349020977632e-19,-27.12886343466667,0.05,1,0.01071701987819,,,completed,poor,a2955d2a2f6e850b88d8b206f465d810e1ad86ab,2.136238027311097e-15,-2.1359425038208873e-15,-0.0021359425038208874
R52-C-75,R52-C-75__P2__huayi_sy3sy2_phase2_wgs1__shift_evening_handover_2022-10-03__W001,2,train,global_bounded_wgs_scalar,reference,1,CO2_dry_vol_pct,8.962234021333332,11.820509195159897,2.8582751738265646,0.05,1,0.01071701987819,,,completed,poor,a2955d2a2f6e850b88d8b206f465d810e1ad86ab,11.66957339067345,0.15093580448644595,0.012934132160056233
R52-C-75,R52-C-75__P2__huayi_sy3sy2_phase2_wgs1__shift_evening_handover_2022-10-03__W001,2,train,global_bounded_wgs_scalar,reference,1,H2_CO_ratio,0.4293771331224563,3.476166985227412e-21,-0.4293771331224563,0.05,1,0.01071701987819,,,completed,poor,a2955d2a2f6e850b88d8b206f465d810e1ad86ab,2.507387345447239e-17,-2.5070397287487164e-17,-2.5070397287487165e-05
R52-C-75,R52-C-75__P2__huayi_sy3sy2_phase2_wgs1__shift_evening_handover_2022-10-03__W001,2,train,global_bounded_wgs_scalar,reference,1,dry_syngas_flow,136460.0573468322,136460.0573468322,0.0,0.05,1,0.01071701987819,,,completed,poor,a2955d2a2f6e850b88d8b206f465d810e1ad86ab,61167.66845435471,75292.3888924775,1.230918078047443
R52-C-75,R52-C-75__P2__huayi_sy3sy2_phase2_wgs1__plateau_2022-10-03N_013__W001,2,train,global_bounded_wgs_scalar,reference,1,CO_dry_vol_pct,62.990331572,84.95685480066413,21.96652322866413,0.05,1,0.0108861664738549,,,completed,poor,a2955d2a2f6e850b88d8b206f465d810e1ad86ab,85.14354471494578,-0.1866899142816436,-0.0021926490717137453
R52-C-75,R52-C-75__P2__huayi_sy3sy2_phase2_wgs1__plateau_2022-10-03N_013__W001,2,train,global_bounded_wgs_scalar,reference,1,H2_dry_vol_pct,27.196442370666663,8.121766601977465e-20,-27.196442370666663,0.05,1,0.0108861664738549,,,completed,poor,a2955d2a2f6e850b88d8b206f465d810e1ad86ab,2.538625692174979e-15,-2.5385444745089593e-15,-0.0025385444745089593
R52-C-75,R52-C-75__P2__huayi_sy3sy2_phase2_wgs1__plateau_2022-10-03N_013__W001,2,train,global_bounded_wgs_scalar,reference,1,CO2_dry_vol_pct,9.1055828048,11.849581467517826,2.7439986627178268,0.05,1,0.0108861664738549,,,completed,poor,a2955d2a2f6e850b88d8b206f465d810e1ad86ab,11.696459719752303,0.1531217477655229,0.013091290136872763
R52-C-75,R52-C-75__P2__huayi_sy3sy2_phase2_wgs1__plateau_2022-10-03N_013__W001,2,train,global_bounded_wgs_scalar,reference,1,H2_CO_ratio,0.4317570888809779,9.559872032732048e-22,-0.4317570888809779,0.05,1,0.0108861664738549,,,completed,poor,a2955d2a2f6e850b88d8b206f465d810e1ad86ab,2.9815832787724635e-17,-2.981487680052136e-17,-2.9814876800521364e-05
R52-C-75,R52-C-75__P2__huayi_sy3sy2_phase2_wgs1__plateau_2022-10-03N_013__W001,2,train,global_bounded_wgs_scalar,reference,1,dry_syngas_flow,136029.4191309032,136029.4191309032,0.0,0.05,1,0.0108861664738549,,,completed,poor,a2955d2a2f6e850b88d8b206f465d810e1ad86ab,60843.054717069535,75186.36441383367,1.2357427608370906
R52-C-75,R52-C-75__P2__huayi_sy3sy2_phase2_wgs1__plateau_2022-10-03N_013__W002,2,train,global_bounded_wgs_scalar,reference,1,CO_dry_vol_pct,63.008904,85.00742559518704,21.998521595187043,0.05,1,0.0107485807519284,,,completed,poor,a2955d2a2f6e850b88d8b206f465d810e1ad86ab,85.18878345234968,-0.18135785716263797,-0.002128893615015414
R52-C-75,R52-C-75__P2__huayi_sy3sy2_phase2_wgs1__plateau_2022-10-03N_013__W002,2,train,global_bounded_wgs_scalar,reference,1,H2_dry_vol_pct,27.228341161333333,7.798682679231439e-22,-27.228341161333333,0.05,1,0.0107485807519284,,,completed,poor,a2955d2a2f6e850b88d8b206f465d810e1ad86ab,1.346618032737712e-16,-1.3466102340550328e-16,-0.0001346610234055033
R52-C-75,R52-C-75__P2__huayi_sy3sy2_phase2_wgs1__plateau_2022-10-03N_013__W002,2,train,global_bounded_wgs_scalar,reference,1,CO2_dry_vol_pct,9.051514636933334,11.823007734310984,2.7714930973776504,0.05,1,0.0107485807519284,,,completed,poor,a2955d2a2f6e850b88d8b206f465d810e1ad86ab,11.673983685732484,0.14902404857850016,0.012765483710640431
R52-C-75,R52-C-75__P2__huayi_sy3sy2_phase2_wgs1__plateau_2022-10-03N_013__W002,2,train,global_bounded_wgs_scalar,reference,1,H2_CO_ratio,0.4321386985364575,9.174119348548989e-24,-0.4321386985364575,0.05,1,0.0107485807519284,,,completed,poor,a2955d2a2f6e850b88d8b206f465d810e1ad86ab,1.580745701681422e-18,-1.5807365275620735e-18,-1.5807365275620735e-06
R52-C-75,R52-C-75__P2__huayi_sy3sy2_phase2_wgs1__plateau_2022-10-03N_013__W002,2,train,global_bounded_wgs_scalar,reference,1,dry_syngas_flow,135170.29904941274,135170.29904941274,0.0,0.05,1,0.0107485807519284,,,completed,poor,a2955d2a2f6e850b88d8b206f465d810e1ad86ab,61001.15660053011,74169.14244888263,1.2158645275299271
R52-C-75,R52-C-75__P2__huayi_sy3sy2_phase2_wgs1__plateau_2022-10-03N_013__W003,2,train,global_bounded_wgs_scalar,reference,1,CO_dry_vol_pct,63.12293966399999,85.0724021638448,21.94946249984481,0.05,1,0.0105530895442122,,,completed,poor,a2955d2a2f6e850b88d8b206f465d810e1ad86ab,85.2514224739411,-0.17902031009630548,-0.002099909947555735
R52-C-75,R52-C-75__P2__huayi_sy3sy2_phase2_wgs1__plateau_2022-10-03N_013__W003,2,train,global_bounded_wgs_scalar,reference,1,H2_dry_vol_pct,27.336075078666667,1.280324200081052e-19,-27.336075078666667,0.05,1,0.0105530895442122,,,completed,poor,a2955d2a2f6e850b88d8b206f465d810e1ad86ab,1.5430857324622706e-16,-1.5418054082621897e-16,-0.00015418054082621898
R52-C-75,R52-C-75__P2__huayi_sy3sy2_phase2_wgs1__plateau_2022-10-03N_013__W003,2,train,global_bounded_wgs_scalar,reference,1,CO2_dry_vol_pct,8.826287774533334,11.79033299105432,2.9640452165209865,0.05,1,0.0105530895442122,,,completed,poor,a2955d2a2f6e850b88d8b206f465d810e1ad86ab,11.64285096447914,0.14748202657518128,0.012667174648643208
R52-C-75,R52-C-75__P2__huayi_sy3sy2_phase2_wgs1__plateau_2022-10-03N_013__W003,2,train,global_bounded_wgs_scalar,reference,1,H2_CO_ratio,0.4330649605907108,1.5049818360779537e-21,-0.4330649605907108,0.05,1,0.0105530895442122,,,completed,poor,a2955d2a2f6e850b88d8b206f465d810e1ad86ab,1.8100410382406783e-18,-1.8085360564046003e-18,-1.8085360564046004e-06
R52-C-75,R52-C-75__P2__huayi_sy3sy2_phase2_wgs1__plateau_2022-10-03N_013__W003,2,train,global_bounded_wgs_scalar,reference,1,dry_syngas_flow,136707.28219045582,136707.28219045582,0.0,0.05,1,0.0105530895442122,,,completed,poor,a2955d2a2f6e850b88d8b206f465d810e1ad86ab,61119.04591250229,75588.23627795353,1.2367378310545827
R52-C-75,R52-C-75__P2__huayi_sy3sy2_phase2_wgs1__plateau_2022-10-03N_013__W004,2,train,global_bounded_wgs_scalar,reference,1,CO_dry_vol_pct,63.14882902133332,84.92258079404267,21.77375177270936,0.05,1,0.0110065518471014,,,completed,poor,a2955d2a2f6e850b88d8b206f465d810e1ad86ab,85.10703798377304,-0.18445718973036662,-0.0021673552986949942
R52-C-75,R52-C-75__P2__huayi_sy3sy2_phase2_wgs1__plateau_2022-10-03N_013__W004,2,train,global_bounded_wgs_scalar,reference,1,H2_dry_vol_pct,27.332012548,1.0740788999935582e-19,-27.332012548,0.05,1,0.0110065518471014,,,completed,poor,a2955d2a2f6e850b88d8b206f465d810e1ad86ab,1.6662383719788667e-16,-1.665164293078873e-16,-0.0001665164293078873
R52-C-75,R52-C-75__P2__huayi_sy3sy2_phase2_wgs1__plateau_2022-10-03N_013__W004,2,train,global_bounded_wgs_scalar,reference,1,CO2_dry_vol_pct,8.795977414133333,11.865454826283909,3.069477412150576,0.05,1,0.0110065518471014,,,completed,poor,a2955d2a2f6e850b88d8b206f465d810e1ad86ab,11.714424665198106,0.15103016108580292,0.012892665700816883
R52-C-75,R52-C-75__P2__huayi_sy3sy2_phase2_wgs1__plateau_2022-10-03N_013__W004,2,train,global_bounded_wgs_scalar,reference,1,H2_CO_ratio,0.4328215820368645,1.2647742095809044e-21,-0.4328215820368645,0.05,1,0.0110065518471014,,,completed,poor,a2955d2a2f6e850b88d8b206f465d810e1ad86ab,1.957815019125164e-18,-1.956550244915583e-18,-1.9565502449155833e-06
R52-C-75,R52-C-75__P2__huayi_sy3sy2_phase2_wgs1__plateau_2022-10-03N_013__W004,2,train,global_bounded_wgs_scalar,reference,1,dry_syngas_flow,136016.12465375254,136016.12465375254,0.0,0.05,1,0.0110065518471014,,,completed,poor,a2955d2a2f6e850b88d8b206f465d810e1ad86ab,60420.22012494004,75595.9045288125,1.251168969138004
R52-C-75,R52-C-75__P2__huayi_sy3sy2_phase2_wgs1__plateau_2022-10-03N_013__W005,2,train,global_bounded_wgs_scalar,reference,1,CO_dry_vol_pct,62.82177378133335,84.86970458370284,22.047930802369493,0.05,1,0.011160233376127,,,completed,poor,a2955d2a2f6e850b88d8b206f465d810e1ad86ab,85.05796914769817,-0.18826456399533242,-0.0022133677288770207
R52-C-75,R52-C-75__P2__huayi_sy3sy2_phase2_wgs1__plateau_2022-10-03N_013__W005,2,train,global_bounded_wgs_scalar,reference,1,H2_dry_vol_pct,27.13942334533333,6.337002768542207e-18,-27.13942334533333,0.05,1,0.011160233376127,,,completed,poor,a2955d2a2f6e850b88d8b206f465d810e1ad86ab,3.5367566654899194e-15,-3.530419662721377e-15,-0.0035304196627213773
R52-C-75,R52-C-75__P2__huayi_sy3sy2_phase2_wgs1__plateau_2022-10-03N_013__W005,2,train,global_bounded_wgs_scalar,reference,1,CO2_dry_vol_pct,9.337046864933336,11.892453081132254,2.555406216198918,0.05,1,0.011160233376127,,,completed,poor,a2955d2a2f6e850b88d8b206f465d810e1ad86ab,11.738615283339895,0.1538377977923595,0.013105276395819428
R52-C-75,R52-C-75__P2__huayi_sy3sy2_phase2_wgs1__plateau_2022-10-03N_013__W005,2,train,global_bounded_wgs_scalar,reference,1,H2_CO_ratio,0.4320040656613811,7.466743049980021e-20,-0.4320040656613811,0.05,1,0.011160233376127,,,completed,poor,a2955d2a2f6e850b88d8b206f465d810e1ad86ab,4.1580544432568674e-17,-4.1505877002068875e-17,-4.150587700206888e-05
R52-C-75,R52-C-75__P2__huayi_sy3sy2_phase2_wgs1__plateau_2022-10-03N_013__W005,2,train,global_bounded_wgs_scalar,reference,1,dry_syngas_flow,134218.64402750865,134218.64402750865,0.0,0.05,1,0.011160233376127,,,completed,poor,a2955d2a2f6e850b88d8b206f465d810e1ad86ab,60292.53176729771,73926.11226021094,1.2261238679697972
R52-C-75,R52-C-75__P2__huayi_sy3sy2_phase2_wgs1__plateau_2022-10-03N_013__W006,2,train,global_bounded_wgs_scalar,reference,1,CO_dry_vol_pct,63.10815085999999,84.87421158382472,21.76606072382473,0.05,1,0.0111406408540653,,,completed,poor,a2955d2a2f6e850b88d8b206f465d810e1ad86ab,85.06355982561547,-0.1893482417907535,-0.00222596188284298
R52-C-75,R52-C-75__P2__huayi_sy3sy2_phase2_wgs1__plateau_2022-10-03N_013__W006,2,train,global_bounded_wgs_scalar,reference,1,H2_dry_vol_pct,27.24788771733333,6.496252899601579e-20,-27.24788771733333,0.05,1,0.0111406408540653,,,completed,poor,a2955d2a2f6e850b88d8b206f465d810e1ad86ab,2.2455348793167043e-17,-2.2390386264171026e-17,-2.2390386264171026e-05
R52-C-75,R52-C-75__P2__huayi_sy3sy2_phase2_wgs1__plateau_2022-10-03N_013__W006,2,train,global_bounded_wgs_scalar,reference,1,CO2_dry_vol_pct,8.917560912,11.890658495721349,2.973097583721346,0.05,1,0.0111406408540653,,,completed,poor,a2955d2a2f6e850b88d8b206f465d810e1ad86ab,11.73589065595573,0.15476783976561848,0.013187566611067299
R52-C-75,R52-C-75__P2__huayi_sy3sy2_phase2_wgs1__plateau_2022-10-03N_013__W006,2,train,global_bounded_wgs_scalar,reference,1,H2_CO_ratio,0.4317639693162345,7.653977313457167e-22,-0.4317639693162345,0.05,1,0.0111406408540653,,,completed,poor,a2955d2a2f6e850b88d8b206f465d810e1ad86ab,2.63983177275929e-19,-2.632177795445833e-19,-2.632177795445833e-07
R52-C-75,R52-C-75__P2__huayi_sy3sy2_phase2_wgs1__plateau_2022-10-03N_013__W006,2,train,global_bounded_wgs_scalar,reference,1,dry_syngas_flow,136090.93430383867,136090.93430383867,0.0,0.05,1,0.0111406408540653,,,completed,poor,a2955d2a2f6e850b88d8b206f465d810e1ad86ab,60351.25802732554,75739.67627651314,1.2549809026718235
R52-C-75,R52-C-75__P2__huayi_sy3sy2_phase2_wgs1__plateau_2022-10-03N_013__W007,2,train,global_bounded_wgs_scalar,reference,1,CO_dry_vol_pct,63.190672729333336,84.84011950720296,21.64944677786962,0.05,1,0.0112446064040087,,,completed,poor,a2955d2a2f6e850b88d8b206f465d810e1ad86ab,85.03097922874919,-0.1908597215462322,-0.0022445904219541442
R52-C-75,R52-C-75__P2__huayi_sy3sy2_phase2_wgs1__plateau_2022-10-03N_013__W007,2,train,global_bounded_wgs_scalar,reference,1,H2_dry_vol_pct,27.235385948,1.2347986928836074e-15,-27.235385948,0.05,1,0.0112446064040087,,,completed,poor,a2955d2a2f6e850b88d8b206f465d810e1ad86ab,6.2404064961421e-17,1.1723946279221864e-15,0.0011723946279221865
R52-C-75,R52-C-75__P2__huayi_sy3sy2_phase2_wgs1__plateau_2022-10-03N_013__W007,2,train,global_bounded_wgs_scalar,reference,1,CO2_dry_vol_pct,8.847575572266665,11.907674648646006,3.060099076379341,0.05,1,0.0112446064040087,,,completed,poor,a2955d2a2f6e850b88d8b206f465d810e1ad86ab,11.751898514232382,0.1557761344136246,0.013255401603831811
R52-C-75,R52-C-75__P2__huayi_sy3sy2_phase2_wgs1__plateau_2022-10-03N_013__W007,2,train,global_bounded_wgs_scalar,reference,1,H2_CO_ratio,0.4310010443240804,1.4554419537077297e-17,-0.4310010443240804,0.05,1,0.0112446064040087,,,completed,poor,a2955d2a2f6e850b88d8b206f465d810e1ad86ab,7.338979925603636e-19,1.3820521544516933e-17,1.3820521544516933e-05
R52-C-75,R52-C-75__P2__huayi_sy3sy2_phase2_wgs1__plateau_2022-10-03N_013__W007,2,train,global_bounded_wgs_scalar,reference,1,dry_syngas_flow,135889.37381407968,135889.37381407968,0.0,0.05,1,0.0112446064040087,,,completed,poor,a2955d2a2f6e850b88d8b206f465d810e1ad86ab,60196.84740894086,75692.52640513881,1.2574167861471166
R52-C-75,R52-C-75__P2__huayi_sy3sy2_phase2_wgs1__shift_morning_handover_2022-10-04__W001,2,train,global_bounded_wgs_scalar,reference,1,CO_dry_vol_pct,63.38372944666667,84.9751391111717,21.59140966450503,0.05,1,0.0108292423650061,,,completed,poor,a2955d2a2f6e850b88d8b206f465d810e1ad86ab,85.16147582424095,-0.18633671306925237,-0.0021880399707236192
R52-C-75,R52-C-75__P2__huayi_sy3sy2_phase2_wgs1__shift_morning_handover_2022-10-04__W001,2,train,global_bounded_wgs_scalar,reference,1,H2_dry_vol_pct,27.279717384,2.8776342351425603e-19,-27.279717384,0.05,1,0.0108292423650061,,,completed,poor,a2955d2a2f6e850b88d8b206f465d810e1ad86ab,4.191637585433254e-16,-4.1887599511981115e-16,-0.0004188759951198112
R52-C-75,R52-C-75__P2__huayi_sy3sy2_phase2_wgs1__shift_morning_handover_2022-10-04__W001,2,train,global_bounded_wgs_scalar,reference,1,CO2_dry_vol_pct,8.613835241600002,11.840531794929692,3.22669655332969,0.05,1,0.0108292423650061,,,completed,poor,a2955d2a2f6e850b88d8b206f465d810e1ad86ab,11.687595952869522,0.1529358420601703,0.013085312212784162
R52-C-75,R52-C-75__P2__huayi_sy3sy2_phase2_wgs1__shift_morning_handover_2022-10-04__W001,2,train,global_bounded_wgs_scalar,reference,1,H2_CO_ratio,0.4303908768541757,3.3864425115889415e-21,-0.4303908768541757,0.05,1,0.0108292423650061,,,completed,poor,a2955d2a2f6e850b88d8b206f465d810e1ad86ab,4.921987958597727e-18,-4.918601516086138e-18,-4.918601516086138e-06
R52-C-75,R52-C-75__P2__huayi_sy3sy2_phase2_wgs1__shift_morning_handover_2022-10-04__W001,2,train,global_bounded_wgs_scalar,reference,1,dry_syngas_flow,136489.59327454146,136489.59327454146,0.0,0.05,1,0.0108292423650061,,,completed,poor,a2955d2a2f6e850b88d8b206f465d810e1ad86ab,60890.805260177534,75598.78801436393,1.241546859026438
R52-C-75,R52-C-75__P2__huayi_sy3sy2_phase2_wgs1__plateau_2022-10-04D_014__W001,2,train,global_bounded_wgs_scalar,reference,1,CO_dry_vol_pct,63.643372968000016,84.98633004854875,21.342957080548736,0.05,1,0.0108088869828611,,,completed,poor,a2955d2a2f6e850b88d8b206f465d810e1ad86ab,85.16923788386691,-0.18290783531816146,-0.00214758097950303
R52-C-75,R52-C-75__P2__huayi_sy3sy2_phase2_wgs1__plateau_2022-10-04D_014__W001,2,train,global_bounded_wgs_scalar,reference,1,H2_dry_vol_pct,27.06933896,9.673073398853516e-20,-27.06933896,0.05,1,0.0108088869828611,,,completed,poor,a2955d2a2f6e850b88d8b206f465d810e1ad86ab,1.7133930008080235e-16,-1.712425693468138e-16,-0.0001712425693468138
R52-C-75,R52-C-75__P2__huayi_sy3sy2_phase2_wgs1__plateau_2022-10-04D_014__W001,2,train,global_bounded_wgs_scalar,reference,1,CO2_dry_vol_pct,8.556233309333333,11.833853662804602,3.277620353471269,0.05,1,0.0108088869828611,,,completed,poor,a2955d2a2f6e850b88d8b206f465d810e1ad86ab,11.68368453504756,0.15016912775704228,0.012852891338051776
R52-C-75,R52-C-75__P2__huayi_sy3sy2_phase2_wgs1__plateau_2022-10-04D_014__W001,2,train,global_bounded_wgs_scalar,reference,1,H2_CO_ratio,0.4253274242534922,1.138191682512674e-21,-0.4253274242534922,0.05,1,0.0108088869828611,,,completed,poor,a2955d2a2f6e850b88d8b206f465d810e1ad86ab,2.011751007029477e-18,-2.0106128153469643e-18,-2.0106128153469645e-06
R52-C-75,R52-C-75__P2__huayi_sy3sy2_phase2_wgs1__plateau_2022-10-04D_014__W001,2,train,global_bounded_wgs_scalar,reference,1,dry_syngas_flow,136325.26548896535,136325.26548896535,0.0,0.05,1,0.0108088869828611,,,completed,poor,a2955d2a2f6e850b88d8b206f465d810e1ad86ab,60958.06335877669,75367.20213018866,1.2363778961710952
R52-C-75,R52-C-75__P2__huayi_sy3sy2_phase2_wgs1__plateau_2022-10-04D_014__W002,2,train,global_bounded_wgs_scalar,reference,1,CO_dry_vol_pct,63.794287876000006,84.98304789417648,21.18876001817648,0.05,1,0.0108194106282474,,,completed,poor,a2955d2a2f6e850b88d8b206f465d810e1ad86ab,85.16595562689736,-0.1829077327208779,-0.002147662541616705
R52-C-75,R52-C-75__P2__huayi_sy3sy2_phase2_wgs1__plateau_2022-10-04D_014__W002,2,train,global_bounded_wgs_scalar,reference,1,H2_dry_vol_pct,26.874067744,2.200281653035255e-20,-26.874067744,0.05,1,0.0108194106282474,,,completed,poor,a2955d2a2f6e850b88d8b206f465d810e1ad86ab,1.0753364999746823e-20,1.1249451530605726e-20,1.1249451530605726e-08
R52-C-75,R52-C-75__P2__huayi_sy3sy2_phase2_wgs1__plateau_2022-10-04D_014__W002,2,train,global_bounded_wgs_scalar,reference,1,CO2_dry_vol_pct,8.600262696933333,11.835468996935898,3.235206300002565,0.05,1,0.0108194106282474,,,completed,poor,a2955d2a2f6e850b88d8b206f465d810e1ad86ab,11.685315671105844,0.15015332583005403,0.01284974493255125
R52-C-75,R52-C-75__P2__huayi_sy3sy2_phase2_wgs1__plateau_2022-10-04D_014__W002,2,train,global_bounded_wgs_scalar,reference,1,H2_CO_ratio,0.4212602055292221,2.589083008384347e-22,-0.4212602055292221,0.05,1,0.0108194106282474,,,completed,poor,a2955d2a2f6e850b88d8b206f465d810e1ad86ab,1.262636568872206e-22,1.326446439512141e-22,1.3264464395121411e-10
R52-C-75,R52-C-75__P2__huayi_sy3sy2_phase2_wgs1__plateau_2022-10-04D_014__W002,2,train,global_bounded_wgs_scalar,reference,1,dry_syngas_flow,135983.0146524056,135983.0146524056,0.0,0.05,1,0.0108194106282474,,,completed,poor,a2955d2a2f6e850b88d8b206f465d810e1ad86ab,60939.90701846231,75043.10763394329,1.2314279969480144
R52-C-75,R52-C-75__P2__huayi_sy3sy2_phase2_wgs1__plateau_2022-10-04D_014__W003,2,train,global_bounded_wgs_scalar,reference,1,CO_dry_vol_pct,64.062187652,84.92115616173521,20.85896850973521,0.05,1,0.0110047612680255,,,completed,poor,a2955d2a2f6e850b88d8b206f465d810e1ad86ab,85.10702134273264,-0.18586518099742477,-0.002183899495776396
R52-C-75,R52-C-75__P2__huayi_sy3sy2_phase2_wgs1__plateau_2022-10-04D_014__W003,2,train,global_bounded_wgs_scalar,reference,1,H2_dry_vol_pct,26.976046374666662,9.98014343096386e-19,-26.976046374666662,0.05,1,0.0110047612680255,,,completed,poor,a2955d2a2f6e850b88d8b206f465d810e1ad86ab,4.944945710420148e-16,-4.934965566989184e-16,-0.0004934965566989185
R52-C-75,R52-C-75__P2__huayi_sy3sy2_phase2_wgs1__plateau_2022-10-04D_014__W003,2,train,global_bounded_wgs_scalar,reference,1,CO2_dry_vol_pct,8.204696985733333,11.86663589674697,3.661938911013637,0.05,1,0.0110047612680255,,,completed,poor,a2955d2a2f6e850b88d8b206f465d810e1ad86ab,11.71445949983912,0.15217639690785134,0.012990475310443582
R52-C-75,R52-C-75__P2__huayi_sy3sy2_phase2_wgs1__plateau_2022-10-04D_014__W003,2,train,global_bounded_wgs_scalar,reference,1,H2_CO_ratio,0.4210941704188822,1.1752246297679156e-20,-0.4210941704188822,0.05,1,0.0110047612680255,,,completed,poor,a2955d2a2f6e850b88d8b206f465d810e1ad86ab,5.810267628221254e-18,-5.7985153819235745e-18,-5.7985153819235745e-06
R52-C-75,R52-C-75__P2__huayi_sy3sy2_phase2_wgs1__plateau_2022-10-04D_014__W003,2,train,global_bounded_wgs_scalar,reference,1,dry_syngas_flow,137754.39881696113,137754.39881696113,0.0,0.05,1,0.0110047612680255,,,completed,poor,a2955d2a2f6e850b88d8b206f465d810e1ad86ab,60646.27946026083,77108.1193567003,1.2714402275448125
R52-C-75,R52-C-75__P2__huayi_sy3sy2_phase2_wgs1__plateau_2022-10-04D_014__W004,2,train,global_bounded_wgs_scalar,reference,1,CO_dry_vol_pct,64.24435198666664,84.62952247193246,20.385170485265817,0.05,1,0.0119008121098187,,,completed,poor,a2955d2a2f6e850b88d8b206f465d810e1ad86ab,84.82899096268714,-0.19946849075468265,-0.0023514188780392404
R52-C-75,R52-C-75__P2__huayi_sy3sy2_phase2_wgs1__plateau_2022-10-04D_014__W004,2,train,global_bounded_wgs_scalar,reference,1,H2_dry_vol_pct,26.962221206666666,6.059538378532473e-19,-26.962221206666666,0.05,1,0.0119008121098187,,,completed,poor,a2955d2a2f6e850b88d8b206f465d810e1ad86ab,7.729051911304263e-16,-7.722992372925731e-16,-0.0007722992372925731
R52-C-75,R52-C-75__P2__huayi_sy3sy2_phase2_wgs1__plateau_2022-10-04D_014__W004,2,train,global_bounded_wgs_scalar,reference,1,CO2_dry_vol_pct,8.048062440399999,12.011661353491816,3.9635989130918174,0.05,1,0.0119008121098187,,,completed,poor,a2955d2a2f6e850b88d8b206f465d810e1ad86ab,11.850284463048496,0.1613768904433197,0.013617976087116256
R52-C-75,R52-C-75__P2__huayi_sy3sy2_phase2_wgs1__plateau_2022-10-04D_014__W004,2,train,global_bounded_wgs_scalar,reference,1,H2_CO_ratio,0.4196815840240013,7.160076296710915e-21,-0.4196815840240013,0.05,1,0.0119008121098187,,,completed,poor,a2955d2a2f6e850b88d8b206f465d810e1ad86ab,9.111333075627366e-18,-9.104172999330655e-18,-9.104172999330655e-06
R52-C-75,R52-C-75__P2__huayi_sy3sy2_phase2_wgs1__plateau_2022-10-04D_014__W004,2,train,global_bounded_wgs_scalar,reference,1,dry_syngas_flow,137107.62623260543,137107.62623260543,0.0,0.05,1,0.0119008121098187,,,completed,poor,a2955d2a2f6e850b88d8b206f465d810e1ad86ab,59537.078871454774,77570.54736115065,1.3028947478029875
R52-C-75,R52-C-75__P2__huayi_sy3sy2_phase2_wgs1__plateau_2022-10-04D_014__W005,2,train,global_bounded_wgs_scalar,reference,1,CO_dry_vol_pct,64.20861252399999,84.31197405337599,20.103361529376,0.05,1,0.0129155571578627,,,completed,poor,a2955d2a2f6e850b88d8b206f465d810e1ad86ab,84.5262786905439,-0.21430463716791337,-0.0025353610792744857
R52-C-75,R52-C-75__P2__huayi_sy3sy2_phase2_wgs1__plateau_2022-10-04D_014__W005,2,train,global_bounded_wgs_scalar,reference,1,H2_dry_vol_pct,26.869355896,1.437852947269151e-17,-26.869355896,0.05,1,0.0129155571578627,,,completed,poor,a2955d2a2f6e850b88d8b206f465d810e1ad86ab,2.1389058854580598e-14,-2.1374680325107907e-14,-0.021374680325107906
R52-C-75,R52-C-75__P2__huayi_sy3sy2_phase2_wgs1__plateau_2022-10-04D_014__W005,2,train,global_bounded_wgs_scalar,reference,1,CO2_dry_vol_pct,8.1780794532,12.16630446980246,3.98822501660246,0.05,1,0.0129155571578627,,,completed,poor,a2955d2a2f6e850b88d8b206f465d810e1ad86ab,11.9951101654695,0.17119430433296046,0.014272007674075392
R52-C-75,R52-C-75__P2__huayi_sy3sy2_phase2_wgs1__plateau_2022-10-04D_014__W005,2,train,global_bounded_wgs_scalar,reference,1,H2_CO_ratio,0.4184699967434793,1.705395898284719e-19,-0.4184699967434793,0.05,1,0.0129155571578627,,,completed,poor,a2955d2a2f6e850b88d8b206f465d810e1ad86ab,2.5304626189551425e-16,-2.5287572230568577e-16,-0.00025287572230568576
R52-C-75,R52-C-75__P2__huayi_sy3sy2_phase2_wgs1__plateau_2022-10-04D_014__W005,2,train,global_bounded_wgs_scalar,reference,1,dry_syngas_flow,136958.8266320915,136958.8266320915,0.0,0.05,1,0.0129155571578627,,,completed,poor,a2955d2a2f6e850b88d8b206f465d810e1ad86ab,58414.6298505053,78544.19678158622,1.3445980396109074
R52-C-75,R52-C-75__P2__huayi_sy3sy2_phase2_wgs1__plateau_2022-10-04D_014__W006,2,train,global_bounded_wgs_scalar,reference,1,CO_dry_vol_pct,64.23889594032256,84.24431823167015,20.005422291347585,0.05,1,0.0131175689492511,,,completed,poor,a2955d2a2f6e850b88d8b206f465d810e1ad86ab,84.46574195275724,-0.22142372108709196,-0.0026214618609629575
R52-C-75,R52-C-75__P2__huayi_sy3sy2_phase2_wgs1__plateau_2022-10-04D_014__W006,2,train,global_bounded_wgs_scalar,reference,1,H2_dry_vol_pct,26.971967490322577,4.873530605189879e-18,-26.971967490322577,0.05,1,0.0131175689492511,,,completed,poor,a2955d2a2f6e850b88d8b206f465d810e1ad86ab,1.2853139303988478e-16,-1.236578624346949e-16,-0.0001236578624346949
R52-C-75,R52-C-75__P2__huayi_sy3sy2_phase2_wgs1__plateau_2022-10-04D_014__W006,2,train,global_bounded_wgs_scalar,reference,1,CO2_dry_vol_pct,8.020960229677419,12.2002361907006,4.1792759610231816,0.05,1,0.0131175689492511,,,completed,poor,a2955d2a2f6e850b88d8b206f465d810e1ad86ab,12.023772026315195,0.1764641643854059,0.014676273302520783
R52-C-75,R52-C-75__P2__huayi_sy3sy2_phase2_wgs1__plateau_2022-10-04D_014__W006,2,train,global_bounded_wgs_scalar,reference,1,H2_CO_ratio,0.4198714725523487,5.784996196168114e-20,-0.4198714725523487,0.05,1,0.0131175689492511,,,completed,poor,a2955d2a2f6e850b88d8b206f465d810e1ad86ab,1.5216985024742223e-18,-1.4638485405125412e-18,-1.4638485405125413e-06
R52-C-75,R52-C-75__P2__huayi_sy3sy2_phase2_wgs1__plateau_2022-10-04D_014__W006,2,train,global_bounded_wgs_scalar,reference,1,dry_syngas_flow,138014.55801497906,138014.55801497906,0.0,0.05,1,0.0131175689492511,,,completed,poor,a2955d2a2f6e850b88d8b206f465d810e1ad86ab,58331.6194426875,79682.93857229156,1.366033368070337
R52-C-75,R52-C-75__P2__huayi_sy3sy2_phase2_wgs1__plateau_2022-10-04D_014__W007,2,train,global_bounded_wgs_scalar,reference,1,CO_dry_vol_pct,64.28587483466667,84.15455199772491,19.86867716305824,0.05,1,0.0133931092089827,,,completed,poor,a2955d2a2f6e850b88d8b206f465d810e1ad86ab,84.38439140976304,-0.22983941203813174,-0.0027237194959675915
R52-C-75,R52-C-75__P2__huayi_sy3sy2_phase2_wgs1__plateau_2022-10-04D_014__W007,2,train,global_bounded_wgs_scalar,reference,1,H2_dry_vol_pct,27.03118935333333,3.143085508485886e-20,-27.03118935333333,0.05,1,0.0133931092089827,,,completed,poor,a2955d2a2f6e850b88d8b206f465d810e1ad86ab,1.641872146847929e-16,-1.6415578382970804e-16,-0.00016415578382970804
R52-C-75,R52-C-75__P2__huayi_sy3sy2_phase2_wgs1__plateau_2022-10-04D_014__W007,2,train,global_bounded_wgs_scalar,reference,1,CO2_dry_vol_pct,7.922596908,12.244630825058964,4.322033917058964,0.05,1,0.0133931092089827,,,completed,poor,a2955d2a2f6e850b88d8b206f465d810e1ad86ab,12.062072851593543,0.18255797346542124,0.015134875714276852
R52-C-75,R52-C-75__P2__huayi_sy3sy2_phase2_wgs1__plateau_2022-10-04D_014__W007,2,train,global_bounded_wgs_scalar,reference,1,H2_CO_ratio,0.4204840030686265,3.7348966085291013e-22,-0.4204840030686265,0.05,1,0.0133931092089827,,,completed,poor,a2955d2a2f6e850b88d8b206f465d810e1ad86ab,1.9457059764466927e-18,-1.9453324867858398e-18,-1.9453324867858396e-06
R52-C-75,R52-C-75__P2__huayi_sy3sy2_phase2_wgs1__plateau_2022-10-04D_014__W007,2,train,global_bounded_wgs_scalar,reference,1,dry_syngas_flow,137962.2690458604,137962.2690458604,0.0,0.05,1,0.0133931092089827,,,completed,poor,a2955d2a2f6e850b88d8b206f465d810e1ad86ab,57989.349775468465,79972.91927039193,1.3790966717171793
R52-C-75,R52-C-75__P2__huayi_sy3sy2_phase2_wgs1__shift_evening_handover_2022-10-04__W001,2,train,global_bounded_wgs_scalar,reference,1,CO_dry_vol_pct,63.95533421600001,84.24716139216773,20.291827176167715,0.05,1,0.0130921346809983,,,completed,poor,a2955d2a2f6e850b88d8b206f465d810e1ad86ab,84.47176441523176,-0.22460302306403435,-0.0026589124143301833
R52-C-75,R52-C-75__P2__huayi_sy3sy2_phase2_wgs1__shift_evening_handover_2022-10-04__W001,2,train,global_bounded_wgs_scalar,reference,1,H2_dry_vol_pct,27.022433552000003,1.2080259855512874e-17,-27.022433552000003,0.05,1,0.0130921346809983,,,completed,poor,a2955d2a2f6e850b88d8b206f465d810e1ad86ab,3.331703905098125e-15,-3.319623645242612e-15,-0.0033196236452426122
R52-C-75,R52-C-75__P2__huayi_sy3sy2_phase2_wgs1__shift_evening_handover_2022-10-04__W001,2,train,global_bounded_wgs_scalar,reference,1,CO2_dry_vol_pct,8.294790617066667,12.200055332045084,3.9052647149784168,0.05,1,0.0130921346809983,,,completed,poor,a2955d2a2f6e850b88d8b206f465d810e1ad86ab,12.021005645013148,0.17904968703193624,0.014894734460607635
R52-C-75,R52-C-75__P2__huayi_sy3sy2_phase2_wgs1__shift_evening_handover_2022-10-04__W001,2,train,global_bounded_wgs_scalar,reference,1,H2_CO_ratio,0.4225216469759647,1.4339070487229436e-19,-0.4225216469759647,0.05,1,0.0130921346809983,,,completed,poor,a2955d2a2f6e850b88d8b206f465d810e1ad86ab,3.944162795890836e-17,-3.929823725403606e-17,-3.929823725403606e-05
R52-C-75,R52-C-75__P2__huayi_sy3sy2_phase2_wgs1__shift_evening_handover_2022-10-04__W001,2,train,global_bounded_wgs_scalar,reference,1,dry_syngas_flow,136985.22233328418,136985.22233328418,0.0,0.05,1,0.0130921346809983,,,completed,poor,a2955d2a2f6e850b88d8b206f465d810e1ad86ab,58439.470028514654,78545.75230476953,1.3440531248220478
R52-C-75,R52-C-75__P2__huayi_sy3sy2_phase2_wgs1__plateau_2022-10-04N_015__W001,2,train,global_bounded_wgs_scalar,reference,1,CO_dry_vol_pct,63.30438717599999,84.29977901568728,20.995391839687287,0.05,1,0.0129142212625944,,,completed,poor,a2955d2a2f6e850b88d8b206f465d810e1ad86ab,84.52309016998224,-0.2233111542949615,-0.002642013606528892
R52-C-75,R52-C-75__P2__huayi_sy3sy2_phase2_wgs1__plateau_2022-10-04N_015__W001,2,train,global_bounded_wgs_scalar,reference,1,H2_dry_vol_pct,27.119593054666662,4.042874709807068e-20,-27.119593054666662,0.05,1,0.0129142212625944,,,completed,poor,a2955d2a2f6e850b88d8b206f465d810e1ad86ab,2.0941474959323568e-16,-2.093743208461376e-16,-0.0002093743208461376
R52-C-75,R52-C-75__P2__huayi_sy3sy2_phase2_wgs1__plateau_2022-10-04N_015__W001,2,train,global_bounded_wgs_scalar,reference,1,CO2_dry_vol_pct,8.849474387199999,12.175213330370047,3.325738943170048,0.05,1,0.0129142212625944,,,completed,poor,a2955d2a2f6e850b88d8b206f465d810e1ad86ab,11.996772468337745,0.1784408620323017,0.014874072380988167
R52-C-75,R52-C-75__P2__huayi_sy3sy2_phase2_wgs1__plateau_2022-10-04N_015__W001,2,train,global_bounded_wgs_scalar,reference,1,H2_CO_ratio,0.4284019008760417,4.7958307329070605e-22,-0.4284019008760417,0.05,1,0.0129142212625944,,,completed,poor,a2955d2a2f6e850b88d8b206f465d810e1ad86ab,2.4776040389920316e-18,-2.477124455918741e-18,-2.477124455918741e-06
R52-C-75,R52-C-75__P2__huayi_sy3sy2_phase2_wgs1__plateau_2022-10-04N_015__W001,2,train,global_bounded_wgs_scalar,reference,1,dry_syngas_flow,136438.9415913955,136438.9415913955,0.0,0.05,1,0.0129142212625944,,,completed,poor,a2955d2a2f6e850b88d8b206f465d810e1ad86ab,58623.99631049369,77814.94528090181,1.3273565464347736
R52-C-75,R52-C-75__P2__huayi_sy3sy2_phase2_wgs1__plateau_2022-10-04N_015__W002,2,train,global_bounded_wgs_scalar,reference,1,CO_dry_vol_pct,63.05726098,84.39539229635034,21.33813131635033,0.05,1,0.0126327841489155,,,completed,poor,a2955d2a2f6e850b88d8b206f465d810e1ad86ab,84.60836309995108,-0.21297080360074006,-0.0025171365548007298
R52-C-75,R52-C-75__P2__huayi_sy3sy2_phase2_wgs1__plateau_2022-10-04N_015__W002,2,train,global_bounded_wgs_scalar,reference,1,H2_dry_vol_pct,27.199118130666665,5.72349975373835e-20,-27.199118130666665,0.05,1,0.0126327841489155,,,completed,poor,a2955d2a2f6e850b88d8b206f465d810e1ad86ab,1.1031969155611239e-17,-1.0974734158073855e-17,-1.0974734158073856e-05
R52-C-75,R52-C-75__P2__huayi_sy3sy2_phase2_wgs1__plateau_2022-10-04N_015__W002,2,train,global_bounded_wgs_scalar,reference,1,CO2_dry_vol_pct,9.027923212,12.12691979657768,3.09899658457768,0.05,1,0.0126327841489155,,,completed,poor,a2955d2a2f6e850b88d8b206f465d810e1ad86ab,11.956202117123576,0.17071767945410343,0.014278587613503368
R52-C-75,R52-C-75__P2__huayi_sy3sy2_phase2_wgs1__plateau_2022-10-04N_015__W002,2,train,global_bounded_wgs_scalar,reference,1,H2_CO_ratio,0.4313427709575747,6.781768053924744e-22,-0.4313427709575747,0.05,1,0.0126327841489155,,,completed,poor,a2955d2a2f6e850b88d8b206f465d810e1ad86ab,1.303886371442827e-19,-1.2971046033889024e-19,-1.2971046033889025e-07
R52-C-75,R52-C-75__P2__huayi_sy3sy2_phase2_wgs1__plateau_2022-10-04N_015__W002,2,train,global_bounded_wgs_scalar,reference,1,dry_syngas_flow,136165.5469457938,136165.5469457938,0.0,0.05,1,0.0126327841489155,,,completed,poor,a2955d2a2f6e850b88d8b206f465d810e1ad86ab,58828.306946122495,77337.23999967129,1.314626308564346
R52-C-75,R52-C-75__P2__huayi_sy3sy2_phase2_wgs1__plateau_2022-10-04N_015__W003,2,train,global_bounded_wgs_scalar,reference,1,CO_dry_vol_pct,63.00144242933334,84.3245178768365,21.32307544750316,0.05,1,0.0128719537955709,,,completed,poor,a2955d2a2f6e850b88d8b206f465d810e1ad86ab,84.53882949252186,-0.21431161568536083,-0.002535067222622457
R52-C-75,R52-C-75__P2__huayi_sy3sy2_phase2_wgs1__plateau_2022-10-04N_015__W003,2,train,global_bounded_wgs_scalar,reference,1,H2_dry_vol_pct,27.057765898666663,2.186093878157248e-18,-27.057765898666663,0.05,1,0.0128719537955709,,,completed,poor,a2955d2a2f6e850b88d8b206f465d810e1ad86ab,2.0744044545877193e-14,-2.0741858451999037e-14,-0.020741858451999037
R52-C-75,R52-C-75__P2__huayi_sy3sy2_phase2_wgs1__plateau_2022-10-04N_015__W003,2,train,global_bounded_wgs_scalar,reference,1,CO2_dry_vol_pct,9.223344497866664,12.16046271731271,2.937118219446045,0.05,1,0.0128719537955709,,,completed,poor,a2955d2a2f6e850b88d8b206f465d810e1ad86ab,11.98919172829883,0.17127098901388038,0.014285449169156157
R52-C-75,R52-C-75__P2__huayi_sy3sy2_phase2_wgs1__plateau_2022-10-04N_015__W003,2,train,global_bounded_wgs_scalar,reference,1,H2_CO_ratio,0.4294829425397182,2.592477174136036e-20,-0.4294829425397182,0.05,1,0.0128719537955709,,,completed,poor,a2955d2a2f6e850b88d8b206f465d810e1ad86ab,2.453788947682576e-16,-2.453529699965163e-16,-0.0002453529699965163
R52-C-75,R52-C-75__P2__huayi_sy3sy2_phase2_wgs1__plateau_2022-10-04N_015__W003,2,train,global_bounded_wgs_scalar,reference,1,dry_syngas_flow,135379.51044617285,135379.51044617285,0.0,0.05,1,0.0128719537955709,,,completed,poor,a2955d2a2f6e850b88d8b206f465d810e1ad86ab,58531.8882238224,76847.62222235044,1.312918898643587
R52-C-75,R52-C-75__P2__huayi_sy3sy2_phase2_wgs1__plateau_2022-10-04N_015__W004,2,train,global_bounded_wgs_scalar,reference,1,CO_dry_vol_pct,63.32038515466667,84.25632913903799,20.93594398437132,0.05,1,0.013081876966356,,,completed,poor,a2955d2a2f6e850b88d8b206f465d810e1ad86ab,84.47645434328118,-0.22012520424318893,-0.0026057580890964153
R52-C-75,R52-C-75__P2__huayi_sy3sy2_phase2_wgs1__plateau_2022-10-04N_015__W004,2,train,global_bounded_wgs_scalar,reference,1,H2_dry_vol_pct,27.17390028133333,5.32618941192633e-19,-27.17390028133333,0.05,1,0.013081876966356,,,completed,poor,a2955d2a2f6e850b88d8b206f465d810e1ad86ab,3.0232877287418815e-15,-3.0227551098006887e-15,-0.0030227551098006887
R52-C-75,R52-C-75__P2__huayi_sy3sy2_phase2_wgs1__plateau_2022-10-04N_015__W004,2,train,global_bounded_wgs_scalar,reference,1,CO2_dry_vol_pct,8.780865,12.194187953109484,3.413322953109484,0.05,1,0.013081876966356,,,completed,poor,a2955d2a2f6e850b88d8b206f465d810e1ad86ab,12.018717398047524,0.17547055506195974,0.014599773773736077
R52-C-75,R52-C-75__P2__huayi_sy3sy2_phase2_wgs1__plateau_2022-10-04N_015__W004,2,train,global_bounded_wgs_scalar,reference,1,H2_CO_ratio,0.4291482415177123,6.3214116569654566e-21,-0.4291482415177123,0.05,1,0.013081876966356,,,completed,poor,a2955d2a2f6e850b88d8b206f465d810e1ad86ab,3.5788525361828685e-17,-3.578220395017172e-17,-3.5782203950171724e-05
R52-C-75,R52-C-75__P2__huayi_sy3sy2_phase2_wgs1__plateau_2022-10-04N_015__W004,2,train,global_bounded_wgs_scalar,reference,1,dry_syngas_flow,136097.4296672341,136097.4296672341,0.0,0.05,1,0.013081876966356,,,completed,poor,a2955d2a2f6e850b88d8b206f465d810e1ad86ab,58434.704257265555,77662.72540996855,1.3290513984301076
R52-C-75,R52-C-75__P2__huayi_sy3sy2_phase2_wgs1__plateau_2022-10-04N_015__W005,2,train,global_bounded_wgs_scalar,reference,1,CO_dry_vol_pct,63.543653376,84.2612476265454,20.7175942505454,0.05,1,0.0130673255926394,,,completed,poor,a2955d2a2f6e850b88d8b206f465d810e1ad86ab,84.48080198904428,-0.21955436249888294,-0.002598866929877813
R52-C-75,R52-C-75__P2__huayi_sy3sy2_phase2_wgs1__plateau_2022-10-04N_015__W005,2,train,global_bounded_wgs_scalar,reference,1,H2_dry_vol_pct,27.304421864,1.1744253990560033e-19,-27.304421864,0.05,1,0.0130673255926394,,,completed,poor,a2955d2a2f6e850b88d8b206f465d810e1ad86ab,2.5058341279045365e-16,-2.5046597025054803e-16,-0.00025046597025054804
R52-C-75,R52-C-75__P2__huayi_sy3sy2_phase2_wgs1__plateau_2022-10-04N_015__W005,2,train,global_bounded_wgs_scalar,reference,1,CO2_dry_vol_pct,8.419400267599999,12.191711795205388,3.772311527605389,0.05,1,0.0130673255926394,,,completed,poor,a2955d2a2f6e850b88d8b206f465d810e1ad86ab,12.016650514670742,0.17506128053464565,0.014568226006150297
R52-C-75,R52-C-75__P2__huayi_sy3sy2_phase2_wgs1__plateau_2022-10-04N_015__W005,2,train,global_bounded_wgs_scalar,reference,1,H2_CO_ratio,0.429698429843257,1.3937906595700774e-21,-0.429698429843257,0.05,1,0.0130673255926394,,,completed,poor,a2955d2a2f6e850b88d8b206f465d810e1ad86ab,2.9661580724926126e-18,-2.9647642818330427e-18,-2.964764281833043e-06
R52-C-75,R52-C-75__P2__huayi_sy3sy2_phase2_wgs1__plateau_2022-10-04N_015__W005,2,train,global_bounded_wgs_scalar,reference,1,dry_syngas_flow,136709.4465008859,136709.4465008859,0.0,0.05,1,0.0130673255926394,,,completed,poor,a2955d2a2f6e850b88d8b206f465d810e1ad86ab,58389.88679138156,78319.55970950435,1.3413206295351892
R52-C-75,R52-C-75__P2__huayi_sy3sy2_phase2_wgs1__plateau_2022-10-04N_015__W006,2,train,global_bounded_wgs_scalar,reference,1,CO_dry_vol_pct,63.06391252933333,84.13578425703444,21.071871727701115,0.05,1,0.0134826950813798,,,completed,poor,a2955d2a2f6e850b88d8b206f465d810e1ad86ab,84.36096299249537,-0.22517873546092915,-0.0026692290779203255
R52-C-75,R52-C-75__P2__huayi_sy3sy2_phase2_wgs1__plateau_2022-10-04N_015__W006,2,train,global_bounded_wgs_scalar,reference,1,H2_dry_vol_pct,27.09497532266667,4.672765234719329e-19,-27.09497532266667,0.05,1,0.0134826950813798,,,completed,poor,a2955d2a2f6e850b88d8b206f465d810e1ad86ab,2.6941168019212765e-15,-2.6936495253978044e-15,-0.0026936495253978045
R52-C-75,R52-C-75__P2__huayi_sy3sy2_phase2_wgs1__plateau_2022-10-04N_015__W006,2,train,global_bounded_wgs_scalar,reference,1,CO2_dry_vol_pct,9.135209407066666,12.25158781703411,3.116378409967444,0.05,1,0.0134826950813798,,,completed,poor,a2955d2a2f6e850b88d8b206f465d810e1ad86ab,12.072925872714011,0.1786619443200994,0.014798562188134759
R52-C-75,R52-C-75__P2__huayi_sy3sy2_phase2_wgs1__plateau_2022-10-04N_015__W006,2,train,global_bounded_wgs_scalar,reference,1,H2_CO_ratio,0.42964522021633,5.553838091583068e-21,-0.42964522021633,0.05,1,0.0134826950813798,,,completed,poor,a2955d2a2f6e850b88d8b206f465d810e1ad86ab,3.1935586156845333e-17,-3.193003231875375e-17,-3.1930032318753746e-05
R52-C-75,R52-C-75__P2__huayi_sy3sy2_phase2_wgs1__plateau_2022-10-04N_015__W006,2,train,global_bounded_wgs_scalar,reference,1,dry_syngas_flow,135373.84053857613,135373.84053857613,0.0,0.05,1,0.0134826950813798,,,completed,poor,a2955d2a2f6e850b88d8b206f465d810e1ad86ab,57886.462883222826,77487.37765535331,1.3386096471583064
R52-C-75,R52-C-75__P2__huayi_sy3sy2_phase2_wgs1__plateau_2022-10-04N_015__W007,2,train,global_bounded_wgs_scalar,reference,1,CO_dry_vol_pct,63.40651193066666,84.24927720446439,20.84276527379773,0.05,1,0.0131224073007504,,,completed,poor,a2955d2a2f6e850b88d8b206f465d810e1ad86ab,84.46616879716139,-0.21689159269699587,-0.0025677924757999066
R52-C-75,R52-C-75__P2__huayi_sy3sy2_phase2_wgs1__plateau_2022-10-04N_015__W007,2,train,global_bounded_wgs_scalar,reference,1,H2_dry_vol_pct,27.24397371866667,3.1660404440053675e-23,-27.24397371866667,0.05,1,0.0131224073007504,,,completed,poor,a2955d2a2f6e850b88d8b206f465d810e1ad86ab,1.3872563554561593e-15,-1.3872563237957548e-15,-0.0013872563237957549
R52-C-75,R52-C-75__P2__huayi_sy3sy2_phase2_wgs1__plateau_2022-10-04N_015__W007,2,train,global_bounded_wgs_scalar,reference,1,CO2_dry_vol_pct,8.618603513333335,12.19629676395447,3.5776932506211345,0.05,1,0.0131224073007504,,,completed,poor,a2955d2a2f6e850b88d8b206f465d810e1ad86ab,12.023496691419485,0.17280007253498475,0.014371865104624909
R52-C-75,R52-C-75__P2__huayi_sy3sy2_phase2_wgs1__plateau_2022-10-04N_015__W007,2,train,global_bounded_wgs_scalar,reference,1,H2_CO_ratio,0.4296749691764259,3.757943746296732e-25,-0.4296749691764259,0.05,1,0.0131224073007504,,,completed,poor,a2955d2a2f6e850b88d8b206f465d810e1ad86ab,1.6423810564766376e-17,-1.6423810188972e-17,-1.6423810188972e-05
R52-C-75,R52-C-75__P2__huayi_sy3sy2_phase2_wgs1__plateau_2022-10-04N_015__W007,2,train,global_bounded_wgs_scalar,reference,1,dry_syngas_flow,136340.52017777457,136340.52017777457,0.0,0.05,1,0.0131224073007504,,,completed,poor,a2955d2a2f6e850b88d8b206f465d810e1ad86ab,58211.4044217101,78129.11575606446,1.34216166973161
R52-C-75,R52-C-75__P3__huayi_sy3sy2_phase3_wgs1__shift_morning_handover_2022-10-06__W001,3,validation,global_bounded_wgs_scalar,reference,1,CO_dry_vol_pct,63.07712628266666,86.4186519741743,23.341525691507638,0.05,1,0.0117177069834756,,,completed,poor,a2955d2a2f6e850b88d8b206f465d810e1ad86ab,86.61033826646621,-0.19168629229191936,-0.002213203367272108
R52-C-75,R52-C-75__P3__huayi_sy3sy2_phase3_wgs1__shift_morning_handover_2022-10-06__W001,3,validation,global_bounded_wgs_scalar,reference,1,H2_dry_vol_pct,26.86354134933333,9.361413206933148e-20,-26.86354134933333,0.05,1,0.0117177069834756,,,completed,poor,a2955d2a2f6e850b88d8b206f465d810e1ad86ab,7.151243354394233e-16,-7.15030721307354e-16,-0.000715030721307354
R52-C-75,R52-C-75__P3__huayi_sy3sy2_phase3_wgs1__shift_morning_handover_2022-10-06__W001,3,validation,global_bounded_wgs_scalar,reference,1,CO2_dry_vol_pct,9.359796498800002,10.328339906278936,0.9685434074789344,0.05,1,0.0117177069834756,,,completed,poor,a2955d2a2f6e850b88d8b206f465d810e1ad86ab,10.173720719410134,0.1546191868688016,0.015197899680281996
R52-C-75,R52-C-75__P3__huayi_sy3sy2_phase3_wgs1__shift_morning_handover_2022-10-06__W001,3,validation,global_bounded_wgs_scalar,reference,1,H2_CO_ratio,0.4258841388279248,1.0832630448494789e-21,-0.4258841388279248,0.05,1,0.0117177069834756,,,completed,poor,a2955d2a2f6e850b88d8b206f465d810e1ad86ab,8.256801090410994e-18,-8.255717827366145e-18,-8.255717827366146e-06
R52-C-75,R52-C-75__P3__huayi_sy3sy2_phase3_wgs1__shift_morning_handover_2022-10-06__W001,3,validation,global_bounded_wgs_scalar,reference,1,dry_syngas_flow,134337.62353142304,134337.62353142304,0.0,0.05,1,0.0117177069834756,,,completed,poor,a2955d2a2f6e850b88d8b206f465d810e1ad86ab,60290.06130589142,74047.56222553163,1.2281885375740338
R52-C-75,R52-C-75__P3__huayi_sy3sy2_phase3_wgs1__plateau_2022-10-06D_007__W001,3,validation,global_bounded_wgs_scalar,reference,1,CO_dry_vol_pct,62.91219163599999,86.38500295103653,23.472811315036537,0.05,1,0.0118292500865548,,,completed,poor,a2955d2a2f6e850b88d8b206f465d810e1ad86ab,86.57908103774047,-0.19407808670393933,-0.0022416279357289465
R52-C-75,R52-C-75__P3__huayi_sy3sy2_phase3_wgs1__plateau_2022-10-06D_007__W001,3,validation,global_bounded_wgs_scalar,reference,1,H2_dry_vol_pct,26.434633410666667,1.209611819973935e-19,-26.434633410666667,0.05,1,0.0118292500865548,,,completed,poor,a2955d2a2f6e850b88d8b206f465d810e1ad86ab,8.563490150795661e-19,-7.353878330821726e-19,-7.353878330821726e-07
R52-C-75,R52-C-75__P3__huayi_sy3sy2_phase3_wgs1__plateau_2022-10-06D_007__W001,3,validation,global_bounded_wgs_scalar,reference,1,CO2_dry_vol_pct,9.9455628,10.343779832636804,0.3982170326368042,0.05,1,0.0118292500865548,,,completed,poor,a2955d2a2f6e850b88d8b206f465d810e1ad86ab,10.187454483893923,0.15632534874288062,0.015344888066987349
R52-C-75,R52-C-75__P3__huayi_sy3sy2_phase3_wgs1__plateau_2022-10-06D_007__W001,3,validation,global_bounded_wgs_scalar,reference,1,H2_CO_ratio,0.4201718522157012,1.4002567328261242e-21,-0.4201718522157012,0.05,1,0.0118292500865548,,,completed,poor,a2955d2a2f6e850b88d8b206f465d810e1ad86ab,9.890945997755246e-21,-8.490689264929121e-21,-8.490689264929122e-09
R52-C-75,R52-C-75__P3__huayi_sy3sy2_phase3_wgs1__plateau_2022-10-06D_007__W001,3,validation,global_bounded_wgs_scalar,reference,1,dry_syngas_flow,131960.96298284738,131960.96298284738,0.0,0.05,1,0.0118292500865548,,,completed,poor,a2955d2a2f6e850b88d8b206f465d810e1ad86ab,60062.27584682054,71898.68713602684,1.1970689775291437
R52-C-75,R52-C-75__P3__huayi_sy3sy2_phase3_wgs1__plateau_2022-10-06D_007__W002,3,validation,global_bounded_wgs_scalar,reference,1,CO_dry_vol_pct,63.754372190666665,86.79197365859052,23.037601467923857,0.05,1,0.0104912567018229,,,completed,poor,a2955d2a2f6e850b88d8b206f465d810e1ad86ab,86.96260968669834,-0.17063602810782186,-0.0019621769484905655
R52-C-75,R52-C-75__P3__huayi_sy3sy2_phase3_wgs1__plateau_2022-10-06D_007__W002,3,validation,global_bounded_wgs_scalar,reference,1,H2_dry_vol_pct,26.66782492533333,8.874805261800794e-19,-26.66782492533333,0.05,1,0.0104912567018229,,,completed,poor,a2955d2a2f6e850b88d8b206f465d810e1ad86ab,4.6391862513941115e-18,-3.751705725214032e-18,-3.7517057252140316e-06
R52-C-75,R52-C-75__P3__huayi_sy3sy2_phase3_wgs1__plateau_2022-10-06D_007__W002,3,validation,global_bounded_wgs_scalar,reference,1,CO2_dry_vol_pct,8.835336828266666,10.155749376337829,1.320412548071161,0.05,1,0.0104912567018229,,,completed,poor,a2955d2a2f6e850b88d8b206f465d810e1ad86ab,10.01583601267014,0.13991336366768792,0.01396921470066962
R52-C-75,R52-C-75__P3__huayi_sy3sy2_phase3_wgs1__plateau_2022-10-06D_007__W002,3,validation,global_bounded_wgs_scalar,reference,1,H2_CO_ratio,0.4182971566880049,1.0225375559163104e-20,-0.4182971566880049,0.05,1,0.0104912567018229,,,completed,poor,a2955d2a2f6e850b88d8b206f465d810e1ad86ab,5.3346906999545966e-20,-4.3121531440382865e-20,-4.3121531440382865e-08
R52-C-75,R52-C-75__P3__huayi_sy3sy2_phase3_wgs1__plateau_2022-10-06D_007__W002,3,validation,global_bounded_wgs_scalar,reference,1,dry_syngas_flow,135874.60175590846,135874.60175590846,0.0,0.05,1,0.0104912567018229,,,completed,poor,a2955d2a2f6e850b88d8b206f465d810e1ad86ab,61591.06088681066,74283.54086909781,1.206076657871064
R52-C-75,R52-C-75__P3__huayi_sy3sy2_phase3_wgs1__plateau_2022-10-06D_008__W001,3,validation,global_bounded_wgs_scalar,reference,1,CO_dry_vol_pct,63.853599986666666,86.64319623929421,22.789596252627547,0.05,1,0.0109995076601649,,,completed,poor,a2955d2a2f6e850b88d8b206f465d810e1ad86ab,86.81646581755568,-0.17326957826146838,-0.001995814695170769
R52-C-75,R52-C-75__P3__huayi_sy3sy2_phase3_wgs1__plateau_2022-10-06D_008__W001,3,validation,global_bounded_wgs_scalar,reference,1,H2_dry_vol_pct,26.517612319999994,3.159798022111388e-19,-26.517612319999994,0.05,1,0.0109995076601649,,,completed,poor,a2955d2a2f6e850b88d8b206f465d810e1ad86ab,4.423592561648073e-18,-4.107612759436934e-18,-4.107612759436934e-06
R52-C-75,R52-C-75__P3__huayi_sy3sy2_phase3_wgs1__plateau_2022-10-06D_008__W001,3,validation,global_bounded_wgs_scalar,reference,1,CO2_dry_vol_pct,8.9145837584,10.223013869114451,1.3084301107144525,0.05,1,0.0109995076601649,,,completed,poor,a2955d2a2f6e850b88d8b206f465d810e1ad86ab,10.081931611941574,0.1410822571728776,0.0139935741089309
R52-C-75,R52-C-75__P3__huayi_sy3sy2_phase3_wgs1__plateau_2022-10-06D_008__W001,3,validation,global_bounded_wgs_scalar,reference,1,H2_CO_ratio,0.415288680405837,3.646908423581867e-21,-0.415288680405837,0.05,1,0.0109995076601649,,,completed,poor,a2955d2a2f6e850b88d8b206f465d810e1ad86ab,5.095338217227396e-20,-4.7306473748692094e-20,-4.730647374869209e-08
R52-C-75,R52-C-75__P3__huayi_sy3sy2_phase3_wgs1__plateau_2022-10-06D_008__W001,3,validation,global_bounded_wgs_scalar,reference,1,dry_syngas_flow,134121.55277157546,134121.55277157546,0.0,0.05,1,0.0109995076601649,,,completed,poor,a2955d2a2f6e850b88d8b206f465d810e1ad86ab,60781.91252710952,73339.64024446593,1.206603036910948
R52-C-75,R52-C-75__P3__huayi_sy3sy2_phase3_wgs1__plateau_2022-10-06D_008__W002,3,validation,global_bounded_wgs_scalar,reference,1,CO_dry_vol_pct,63.81669654769232,86.88192523727474,23.065228689582423,0.05,1,0.0102258402300845,,,completed,poor,a2955d2a2f6e850b88d8b206f465d810e1ad86ab,87.04344343467415,-0.16151819739940265,-0.0018556044088561547
R52-C-75,R52-C-75__P3__huayi_sy3sy2_phase3_wgs1__plateau_2022-10-06D_008__W002,3,validation,global_bounded_wgs_scalar,reference,1,H2_dry_vol_pct,26.535925223076926,3.0272878905584892e-24,-26.535925223076926,0.05,1,0.0102258402300845,,,completed,poor,a2955d2a2f6e850b88d8b206f465d810e1ad86ab,7.077996774083836e-14,-7.077996773781108e-14,-0.07077996773781108
R52-C-75,R52-C-75__P3__huayi_sy3sy2_phase3_wgs1__plateau_2022-10-06D_008__W002,3,validation,global_bounded_wgs_scalar,reference,1,CO2_dry_vol_pct,8.936552717999998,10.111614620000148,1.1750619020001505,0.05,1,0.0102258402300845,,,completed,poor,a2955d2a2f6e850b88d8b206f465d810e1ad86ab,9.978710296383106,0.1329043236170424,0.013318787665898573
R52-C-75,R52-C-75__P3__huayi_sy3sy2_phase3_wgs1__plateau_2022-10-06D_008__W002,3,validation,global_bounded_wgs_scalar,reference,1,H2_CO_ratio,0.4158141698900238,3.484370175143977e-26,-0.4158141698900238,0.05,1,0.0102258402300845,,,completed,poor,a2955d2a2f6e850b88d8b206f465d810e1ad86ab,8.13156797892061e-16,-8.131567978572173e-16,-0.0008131567978572174
R52-C-75,R52-C-75__P3__huayi_sy3sy2_phase3_wgs1__plateau_2022-10-06D_008__W002,3,validation,global_bounded_wgs_scalar,reference,1,dry_syngas_flow,133308.63133560153,133308.63133560153,0.0,0.05,1,0.0102258402300845,,,completed,poor,a2955d2a2f6e850b88d8b206f465d810e1ad86ab,61650.23297416316,71658.39836143836,1.162337835632665
R52-C-75,R52-C-75__P3__huayi_sy3sy2_phase3_wgs1__plateau_2022-10-06D_008__W003,3,validation,global_bounded_wgs_scalar,reference,1,CO_dry_vol_pct,63.5154361625,86.77687349415076,23.26143733165076,0.05,1,0.0105311279034893,,,completed,poor,a2955d2a2f6e850b88d8b206f465d810e1ad86ab,86.95010147558905,-0.17322798143828777,-0.0019922688817898726
R52-C-75,R52-C-75__P3__huayi_sy3sy2_phase3_wgs1__plateau_2022-10-06D_008__W003,3,validation,global_bounded_wgs_scalar,reference,1,H2_dry_vol_pct,26.49120874444445,1.2148834173898e-20,-26.49120874444445,0.05,1,0.0105311279034893,,,completed,poor,a2955d2a2f6e850b88d8b206f465d810e1ad86ab,4.850565278167127e-17,-4.849350394749737e-17,-4.849350394749737e-05
R52-C-75,R52-C-75__P3__huayi_sy3sy2_phase3_wgs1__plateau_2022-10-06D_008__W003,3,validation,global_bounded_wgs_scalar,reference,1,CO2_dry_vol_pct,9.279453070833334,10.16356043214811,0.8841073613147756,0.05,1,0.0105311279034893,,,completed,poor,a2955d2a2f6e850b88d8b206f465d810e1ad86ab,10.02158277168729,0.14197766046081917,0.014167189324817102
R52-C-75,R52-C-75__P3__huayi_sy3sy2_phase3_wgs1__plateau_2022-10-06D_008__W003,3,validation,global_bounded_wgs_scalar,reference,1,H2_CO_ratio,0.4170886921523589,1.4000082838565162e-22,-0.4170886921523589,0.05,1,0.0105311279034893,,,completed,poor,a2955d2a2f6e850b88d8b206f465d810e1ad86ab,5.578561952028207e-19,-5.577161943744351e-19,-5.577161943744351e-07
R52-C-75,R52-C-75__P3__huayi_sy3sy2_phase3_wgs1__plateau_2022-10-06D_008__W003,3,validation,global_bounded_wgs_scalar,reference,1,dry_syngas_flow,133376.4278806256,133376.4278806256,0.0,0.05,1,0.0105311279034893,,,completed,poor,a2955d2a2f6e850b88d8b206f465d810e1ad86ab,61461.43238065794,71914.99549996766,1.1700832980033098
R52-C-75,R52-C-75__P3__huayi_sy3sy2_phase3_wgs1__plateau_2022-10-06D_008__W004,3,validation,global_bounded_wgs_scalar,reference,1,CO_dry_vol_pct,63.57969426533334,86.82477250312316,23.24507823778982,0.05,1,0.0103726618112972,,,completed,poor,a2955d2a2f6e850b88d8b206f465d810e1ad86ab,86.99656381941033,-0.1717913162871696,-0.0019746908239247052
R52-C-75,R52-C-75__P3__huayi_sy3sy2_phase3_wgs1__plateau_2022-10-06D_008__W004,3,validation,global_bounded_wgs_scalar,reference,1,H2_dry_vol_pct,26.74104287066667,3.5106164033936974e-19,-26.74104287066667,0.05,1,0.0103726618112972,,,completed,poor,a2955d2a2f6e850b88d8b206f465d810e1ad86ab,5.61755632140839e-16,-5.614045705004997e-16,-0.0005614045705004996
R52-C-75,R52-C-75__P3__huayi_sy3sy2_phase3_wgs1__plateau_2022-10-06D_008__W004,3,validation,global_bounded_wgs_scalar,reference,1,CO2_dry_vol_pct,8.956267522666668,10.141487857729173,1.185220335062505,0.05,1,0.0103726618112972,,,completed,poor,a2955d2a2f6e850b88d8b206f465d810e1ad86ab,10.000374193943157,0.1411136637860153,0.014110838359576829
R52-C-75,R52-C-75__P3__huayi_sy3sy2_phase3_wgs1__plateau_2022-10-06D_008__W004,3,validation,global_bounded_wgs_scalar,reference,1,H2_CO_ratio,0.4205863022749198,4.043334986299466e-21,-0.4205863022749198,0.05,1,0.0103726618112972,,,completed,poor,a2955d2a2f6e850b88d8b206f465d810e1ad86ab,6.457216325313096e-18,-6.453172990326796e-18,-6.453172990326796e-06
R52-C-75,R52-C-75__P3__huayi_sy3sy2_phase3_wgs1__plateau_2022-10-06D_008__W004,3,validation,global_bounded_wgs_scalar,reference,1,dry_syngas_flow,135419.98943085957,135419.98943085957,0.0,0.05,1,0.0103726618112972,,,completed,poor,a2955d2a2f6e850b88d8b206f465d810e1ad86ab,61777.5837334147,73642.40569744486,1.192057073893174
R52-C-75,R52-C-75__P3__huayi_sy3sy2_phase3_wgs1__shift_evening_handover_2022-10-06__W001,3,validation,global_bounded_wgs_scalar,reference,1,CO_dry_vol_pct,63.44894384799999,86.16121256600569,22.712268718005696,0.05,1,0.0126115602496242,,,completed,poor,a2955d2a2f6e850b88d8b206f465d810e1ad86ab,86.36609893387224,-0.2048863678665498,-0.0023723008263164085
R52-C-75,R52-C-75__P3__huayi_sy3sy2_phase3_wgs1__shift_evening_handover_2022-10-06__W001,3,validation,global_bounded_wgs_scalar,reference,1,H2_dry_vol_pct,26.788322192000003,1.1999024698506685e-18,-26.788322192000003,0.05,1,0.0126115602496242,,,completed,poor,a2955d2a2f6e850b88d8b206f465d810e1ad86ab,2.175937119251933e-14,-2.175817129004948e-14,-0.02175817129004948
R52-C-75,R52-C-75__P3__huayi_sy3sy2_phase3_wgs1__shift_evening_handover_2022-10-06__W001,3,validation,global_bounded_wgs_scalar,reference,1,CO2_dry_vol_pct,9.0302085228,10.443166009146596,1.4129574863465957,0.05,1,0.0126115602496242,,,completed,poor,a2955d2a2f6e850b88d8b206f465d810e1ad86ab,10.279717266983614,0.16344874216298244,0.01590012039416171
R52-C-75,R52-C-75__P3__huayi_sy3sy2_phase3_wgs1__shift_evening_handover_2022-10-06__W001,3,validation,global_bounded_wgs_scalar,reference,1,H2_CO_ratio,0.4222046685309872,1.392624864618121e-20,-0.4222046685309872,0.05,1,0.0126115602496242,,,completed,poor,a2955d2a2f6e850b88d8b206f465d810e1ad86ab,2.5194342990042636e-16,-2.519295036517802e-16,-0.0002519295036517802
R52-C-75,R52-C-75__P3__huayi_sy3sy2_phase3_wgs1__shift_evening_handover_2022-10-06__W001,3,validation,global_bounded_wgs_scalar,reference,1,dry_syngas_flow,135140.453213659,135140.453213659,0.0,0.05,1,0.0126115602496242,,,completed,poor,a2955d2a2f6e850b88d8b206f465d810e1ad86ab,59211.05838549447,75929.39482816453,1.282351589357263
R52-C-75,R52-C-75__P3__huayi_sy3sy2_phase3_wgs1__plateau_2022-10-06N_009__W001,3,validation,global_bounded_wgs_scalar,reference,1,CO_dry_vol_pct,63.505468836,85.61986020493232,22.114391368932324,0.05,1,0.0145943155998884,,,completed,poor,a2955d2a2f6e850b88d8b206f465d810e1ad86ab,85.85324265031221,-0.23338244537988828,-0.0027183882422528345
R52-C-75,R52-C-75__P3__huayi_sy3sy2_phase3_wgs1__plateau_2022-10-06N_009__W001,3,validation,global_bounded_wgs_scalar,reference,1,H2_dry_vol_pct,26.893257156,2.4852867603056875e-20,-26.893257156,0.05,1,0.0145943155998884,,,completed,poor,a2955d2a2f6e850b88d8b206f465d810e1ad86ab,5.831750050983755e-15,-5.831725198116152e-15,-0.005831725198116152
R52-C-75,R52-C-75__P3__huayi_sy3sy2_phase3_wgs1__plateau_2022-10-06N_009__W001,3,validation,global_bounded_wgs_scalar,reference,1,CO2_dry_vol_pct,8.874796975066667,10.675153134715892,1.8003561596492244,0.05,1,0.0145943155998884,,,completed,poor,a2955d2a2f6e850b88d8b206f465d810e1ad86ab,10.49318368637605,0.1819694483398422,0.017341681398001674
R52-C-75,R52-C-75__P3__huayi_sy3sy2_phase3_wgs1__plateau_2022-10-06N_009__W001,3,validation,global_bounded_wgs_scalar,reference,1,H2_CO_ratio,0.423478054206208,2.9026989233071853e-22,-0.423478054206208,0.05,1,0.0145943155998884,,,completed,poor,a2955d2a2f6e850b88d8b206f465d810e1ad86ab,6.792696316360448e-17,-6.792667289371215e-17,-6.792667289371216e-05
R52-C-75,R52-C-75__P3__huayi_sy3sy2_phase3_wgs1__plateau_2022-10-06N_009__W001,3,validation,global_bounded_wgs_scalar,reference,1,dry_syngas_flow,131907.59827649317,131907.59827649317,0.0,0.05,1,0.0145943155998884,,,completed,poor,a2955d2a2f6e850b88d8b206f465d810e1ad86ab,55887.22768625599,76020.37059023717,1.3602458690025951
R52-C-75,R52-C-75__P3__huayi_sy3sy2_phase3_wgs1__plateau_2022-10-06N_009__W002,3,validation,global_bounded_wgs_scalar,reference,1,CO_dry_vol_pct,63.26050072933334,85.65020672922557,22.38970599989224,0.05,1,0.0144711741904492,,,completed,poor,a2955d2a2f6e850b88d8b206f465d810e1ad86ab,85.88349581552569,-0.23328908630011824,-0.0027163436244050177
R52-C-75,R52-C-75__P3__huayi_sy3sy2_phase3_wgs1__plateau_2022-10-06N_009__W002,3,validation,global_bounded_wgs_scalar,reference,1,H2_dry_vol_pct,26.963837829333336,1.5034749462528665e-19,-26.963837829333336,0.05,1,0.0144711741904492,,,completed,poor,a2955d2a2f6e850b88d8b206f465d810e1ad86ab,5.0306184887746e-16,-5.029115013828348e-16,-0.0005029115013828348
R52-C-75,R52-C-75__P3__huayi_sy3sy2_phase3_wgs1__plateau_2022-10-06N_009__W002,3,validation,global_bounded_wgs_scalar,reference,1,CO2_dry_vol_pct,9.047495996,10.66313026466714,1.6156342686671383,0.05,1,0.0144711741904492,,,completed,poor,a2955d2a2f6e850b88d8b206f465d810e1ad86ab,10.4809645445371,0.1821657201300404,0.017380625547959612
R52-C-75,R52-C-75__P3__huayi_sy3sy2_phase3_wgs1__plateau_2022-10-06N_009__W002,3,validation,global_bounded_wgs_scalar,reference,1,H2_CO_ratio,0.4262355706231905,1.7553663950934174e-21,-0.4262355706231905,0.05,1,0.0144711741904492,,,completed,poor,a2955d2a2f6e850b88d8b206f465d810e1ad86ab,5.857491525007513e-18,-5.85573615861242e-18,-5.85573615861242e-06
R52-C-75,R52-C-75__P3__huayi_sy3sy2_phase3_wgs1__plateau_2022-10-06N_009__W002,3,validation,global_bounded_wgs_scalar,reference,1,dry_syngas_flow,132803.01852078288,132803.01852078288,0.0,0.05,1,0.0144711741904492,,,completed,poor,a2955d2a2f6e850b88d8b206f465d810e1ad86ab,56091.47744930184,76711.54107148104,1.3676149133496547
R52-C-75,R52-C-75__P3__huayi_sy3sy2_phase3_wgs1__plateau_2022-10-06N_009__W003,3,validation,global_bounded_wgs_scalar,reference,1,CO_dry_vol_pct,63.03257118666667,85.66231919809906,22.629748011432383,0.05,1,0.0144017013203859,,,completed,poor,a2955d2a2f6e850b88d8b206f465d810e1ad86ab,85.89929887912314,-0.2369796810240814,-0.0027588080940865126
R52-C-75,R52-C-75__P3__huayi_sy3sy2_phase3_wgs1__plateau_2022-10-06N_009__W003,3,validation,global_bounded_wgs_scalar,reference,1,H2_dry_vol_pct,26.890413262666662,1.1499306038963553e-18,-26.890413262666662,0.05,1,0.0144017013203859,,,completed,poor,a2955d2a2f6e850b88d8b206f465d810e1ad86ab,6.721978887221468e-18,-5.572048283325112e-18,-5.5720482833251125e-06
R52-C-75,R52-C-75__P3__huayi_sy3sy2_phase3_wgs1__plateau_2022-10-06N_009__W003,3,validation,global_bounded_wgs_scalar,reference,1,CO2_dry_vol_pct,9.361530194799998,10.659847936855952,1.2983177420559535,0.05,1,0.0144017013203859,,,completed,poor,a2955d2a2f6e850b88d8b206f465d810e1ad86ab,10.474633488956703,0.18521444789924857,0.017682188889426846
R52-C-75,R52-C-75__P3__huayi_sy3sy2_phase3_wgs1__plateau_2022-10-06N_009__W003,3,validation,global_bounded_wgs_scalar,reference,1,H2_CO_ratio,0.4266124085838284,1.3423995692167456e-20,-0.4266124085838284,0.05,1,0.0144017013203859,,,completed,poor,a2955d2a2f6e850b88d8b206f465d810e1ad86ab,7.82541764011437e-20,-6.483018070897625e-20,-6.483018070897625e-08
R52-C-75,R52-C-75__P3__huayi_sy3sy2_phase3_wgs1__plateau_2022-10-06N_009__W003,3,validation,global_bounded_wgs_scalar,reference,1,dry_syngas_flow,132063.53439233353,132063.53439233353,0.0,0.05,1,0.0144017013203859,,,completed,poor,a2955d2a2f6e850b88d8b206f465d810e1ad86ab,56404.708106973885,75658.82628535965,1.3413565786364772
R52-C-75,R52-C-75__P3__huayi_sy3sy2_phase3_wgs1__plateau_2022-10-06N_009__W004,3,validation,global_bounded_wgs_scalar,reference,1,CO_dry_vol_pct,62.921082448,85.73028052021444,22.80919807221444,0.05,1,0.0141403538159768,,,completed,poor,a2955d2a2f6e850b88d8b206f465d810e1ad86ab,85.96484883523674,-0.23456831502230102,-0.002728653841663619
R52-C-75,R52-C-75__P3__huayi_sy3sy2_phase3_wgs1__plateau_2022-10-06N_009__W004,3,validation,global_bounded_wgs_scalar,reference,1,H2_dry_vol_pct,26.83922825866667,9.978106735129604e-18,-26.83922825866667,0.05,1,0.0141403538159768,,,completed,poor,a2955d2a2f6e850b88d8b206f465d810e1ad86ab,2.1126949210917795e-15,-2.1027168143566498e-15,-0.00210271681435665
R52-C-75,R52-C-75__P3__huayi_sy3sy2_phase3_wgs1__plateau_2022-10-06N_009__W004,3,validation,global_bounded_wgs_scalar,reference,1,CO2_dry_vol_pct,9.543855275866663,10.631786358148837,1.0879310822821715,0.05,1,0.0141403538159768,,,completed,poor,a2955d2a2f6e850b88d8b206f465d810e1ad86ab,10.447922271269512,0.18386408687932487,0.01759814842659466
R52-C-75,R52-C-75__P3__huayi_sy3sy2_phase3_wgs1__plateau_2022-10-06N_009__W004,3,validation,global_bounded_wgs_scalar,reference,1,H2_CO_ratio,0.4265533244478994,1.163895262511926e-19,-0.4265533244478994,0.05,1,0.0141403538159768,,,completed,poor,a2955d2a2f6e850b88d8b206f465d810e1ad86ab,2.4576265179515934e-17,-2.445987565326474e-17,-2.445987565326474e-05
R52-C-75,R52-C-75__P3__huayi_sy3sy2_phase3_wgs1__plateau_2022-10-06N_009__W004,3,validation,global_bounded_wgs_scalar,reference,1,dry_syngas_flow,132300.85343571915,132300.85343571915,0.0,0.05,1,0.0141403538159768,,,completed,poor,a2955d2a2f6e850b88d8b206f465d810e1ad86ab,56695.27597407261,75605.57746164655,1.3335428069213708
R52-C-75,R52-C-75__P3__huayi_sy3sy2_phase3_wgs1__plateau_2022-10-06N_009__W005,3,validation,global_bounded_wgs_scalar,reference,1,CO_dry_vol_pct,63.264685152,85.55643182624965,22.29174667424965,0.05,1,0.0148297291563107,,,completed,poor,a2955d2a2f6e850b88d8b206f465d810e1ad86ab,85.7942216090941,-0.23778978284444463,-0.0027716293520080046
R52-C-75,R52-C-75__P3__huayi_sy3sy2_phase3_wgs1__plateau_2022-10-06N_009__W005,3,validation,global_bounded_wgs_scalar,reference,1,H2_dry_vol_pct,26.94345734533333,2.35338231299768e-20,-26.94345734533333,0.05,1,0.0148297291563107,,,completed,poor,a2955d2a2f6e850b88d8b206f465d810e1ad86ab,6.085505130594318e-16,-6.085269792363018e-16,-0.0006085269792363018
R52-C-75,R52-C-75__P3__huayi_sy3sy2_phase3_wgs1__plateau_2022-10-06N_009__W005,3,validation,global_bounded_wgs_scalar,reference,1,CO2_dry_vol_pct,9.072720219466667,10.701916290501355,1.6291960710346878,0.05,1,0.0148297291563107,,,completed,poor,a2955d2a2f6e850b88d8b206f465d810e1ad86ab,10.51697090343326,0.1849453870680957,0.017585423480416817
R52-C-75,R52-C-75__P3__huayi_sy3sy2_phase3_wgs1__plateau_2022-10-06N_009__W005,3,validation,global_bounded_wgs_scalar,reference,1,H2_CO_ratio,0.4258877098286567,2.7506784268154065e-22,-0.4258877098286567,0.05,1,0.0148297291563107,,,completed,poor,a2955d2a2f6e850b88d8b206f465d810e1ad86ab,7.093141025653015e-18,-7.092865957810334e-18,-7.092865957810334e-06
R52-C-75,R52-C-75__P3__huayi_sy3sy2_phase3_wgs1__plateau_2022-10-06N_009__W005,3,validation,global_bounded_wgs_scalar,reference,1,dry_syngas_flow,131373.77535044306,131373.77535044306,0.0,0.05,1,0.0148297291563107,,,completed,poor,a2955d2a2f6e850b88d8b206f465d810e1ad86ab,55549.91302501024,75823.86232543283,1.3649681555989952
R52-C-75,R52-C-75__P3__huayi_sy3sy2_phase3_wgs1__plateau_2022-10-06N_009__W006,3,validation,global_bounded_wgs_scalar,reference,1,CO_dry_vol_pct,63.13173942266665,85.52975760728246,22.39801818461581,0.05,1,0.014928662370059,,,completed,poor,a2955d2a2f6e850b88d8b206f465d810e1ad86ab,85.76952550493392,-0.23976789765146123,-0.002795490545621224
R52-C-75,R52-C-75__P3__huayi_sy3sy2_phase3_wgs1__plateau_2022-10-06N_009__W006,3,validation,global_bounded_wgs_scalar,reference,1,H2_dry_vol_pct,26.882579798666665,3.0892074890455373e-18,-26.882579798666665,0.05,1,0.014928662370059,,,completed,poor,a2955d2a2f6e850b88d8b206f465d810e1ad86ab,2.3419928090676876e-16,-2.311100734177232e-16,-0.0002311100734177232
R52-C-75,R52-C-75__P3__huayi_sy3sy2_phase3_wgs1__plateau_2022-10-06N_009__W006,3,validation,global_bounded_wgs_scalar,reference,1,CO2_dry_vol_pct,9.281603524,10.713173906209509,1.4315703822095092,0.05,1,0.014928662370059,,,completed,poor,a2955d2a2f6e850b88d8b206f465d810e1ad86ab,10.52688667671619,0.18628722949331866,0.017696327054166603
R52-C-75,R52-C-75__P3__huayi_sy3sy2_phase3_wgs1__plateau_2022-10-06N_009__W006,3,validation,global_bounded_wgs_scalar,reference,1,H2_CO_ratio,0.4258200932730205,3.611851097754666e-20,-0.4258200932730205,0.05,1,0.014928662370059,,,completed,poor,a2955d2a2f6e850b88d8b206f465d810e1ad86ab,2.7305651923339176e-18,-2.694446681356371e-18,-2.6944466813563707e-06
R52-C-75,R52-C-75__P3__huayi_sy3sy2_phase3_wgs1__plateau_2022-10-06N_009__W006,3,validation,global_bounded_wgs_scalar,reference,1,dry_syngas_flow,132230.71248544115,132230.71248544115,0.0,0.05,1,0.014928662370059,,,completed,poor,a2955d2a2f6e850b88d8b206f465d810e1ad86ab,55516.80843874544,76713.90404669571,1.3818140164043855
R52-C-75,R52-C-75__P3__huayi_sy3sy2_phase3_wgs1__plateau_2022-10-06N_009__W007,3,validation,global_bounded_wgs_scalar,reference,1,CO_dry_vol_pct,63.10433602799999,85.45999523861549,22.3556592106155,0.05,1,0.0151892907444387,,,completed,poor,a2955d2a2f6e850b88d8b206f465d810e1ad86ab,85.70484589821584,-0.24485065960034547,-0.0028569056630838962
R52-C-75,R52-C-75__P3__huayi_sy3sy2_phase3_wgs1__plateau_2022-10-06N_009__W007,3,validation,global_bounded_wgs_scalar,reference,1,H2_dry_vol_pct,26.833734896,4.8338619870568984e-20,-26.833734896,0.05,1,0.0151892907444387,,,completed,poor,a2955d2a2f6e850b88d8b206f465d810e1ad86ab,3.350350603415581e-15,-3.3503022647957107e-15,-0.003350302264795711
R52-C-75,R52-C-75__P3__huayi_sy3sy2_phase3_wgs1__plateau_2022-10-06N_009__W007,3,validation,global_bounded_wgs_scalar,reference,1,CO2_dry_vol_pct,9.351692752666668,10.74242704332844,1.390734290661772,0.05,1,0.0151892907444387,,,completed,poor,a2955d2a2f6e850b88d8b206f465d810e1ad86ab,10.552711339146017,0.189715704182424,0.017977910897520755
R52-C-75,R52-C-75__P3__huayi_sy3sy2_phase3_wgs1__plateau_2022-10-06N_009__W007,3,validation,global_bounded_wgs_scalar,reference,1,H2_CO_ratio,0.4252284009434102,5.656286281739337e-22,-0.4252284009434102,0.05,1,0.0151892907444387,,,completed,poor,a2955d2a2f6e850b88d8b206f465d810e1ad86ab,3.909172892504235e-17,-3.909116329641418e-17,-3.909116329641418e-05
R52-C-75,R52-C-75__P3__huayi_sy3sy2_phase3_wgs1__plateau_2022-10-06N_009__W007,3,validation,global_bounded_wgs_scalar,reference,1,dry_syngas_flow,131399.53838643982,131399.53838643982,0.0,0.05,1,0.0151892907444387,,,completed,poor,a2955d2a2f6e850b88d8b206f465d810e1ad86ab,55312.37198005925,76087.16640638057,1.375590373050913
R52-C-75,R52-C-75__P3__huayi_sy3sy2_phase3_wgs1__shift_morning_handover_2022-10-07__W001,3,validation,global_bounded_wgs_scalar,reference,1,CO_dry_vol_pct,63.39040095733332,85.66544468710123,22.27504372976791,0.05,1,0.0144075625915344,,,completed,poor,a2955d2a2f6e850b88d8b206f465d810e1ad86ab,85.89904534398426,-0.2336006568830271,-0.0027194790809090966
R52-C-75,R52-C-75__P3__huayi_sy3sy2_phase3_wgs1__shift_morning_handover_2022-10-07__W001,3,validation,global_bounded_wgs_scalar,reference,1,H2_dry_vol_pct,26.93548702,3.0722431394919684e-18,-26.93548702,0.05,1,0.0144075625915344,,,completed,poor,a2955d2a2f6e850b88d8b206f465d810e1ad86ab,1.4850521105496447e-14,-1.4847448862356955e-14,-0.014847448862356956
R52-C-75,R52-C-75__P3__huayi_sy3sy2_phase3_wgs1__shift_morning_handover_2022-10-07__W001,3,validation,global_bounded_wgs_scalar,reference,1,CO2_dry_vol_pct,8.94907646,10.657195769286778,1.7081193092867777,0.05,1,0.0144075625915344,,,completed,poor,a2955d2a2f6e850b88d8b206f465d810e1ad86ab,10.474669474284317,0.18252629500246087,0.01742549447030948
R52-C-75,R52-C-75__P3__huayi_sy3sy2_phase3_wgs1__shift_morning_handover_2022-10-07__W001,3,validation,global_bounded_wgs_scalar,reference,1,H2_CO_ratio,0.4249137759666535,3.5863271949542113e-20,-0.4249137759666535,0.05,1,0.0144075625915344,,,completed,poor,a2955d2a2f6e850b88d8b206f465d810e1ad86ab,1.728834243270955e-16,-1.7284756105514594e-16,-0.00017284756105514595
R52-C-75,R52-C-75__P3__huayi_sy3sy2_phase3_wgs1__shift_morning_handover_2022-10-07__W001,3,validation,global_bounded_wgs_scalar,reference,1,dry_syngas_flow,133011.0847276633,133011.0847276633,0.0,0.05,1,0.0144075625915344,,,completed,poor,a2955d2a2f6e850b88d8b206f465d810e1ad86ab,56393.63204623975,76617.45268142357,1.3586188706306659
R52-C-75,R52-C-75__P3__huayi_sy3sy2_phase3_wgs1__plateau_2022-10-07D_010__W001,3,validation,global_bounded_wgs_scalar,reference,1,CO_dry_vol_pct,62.96597089333335,85.5186260473238,22.552655153990457,0.05,1,0.0149215662645733,,,completed,poor,a2955d2a2f6e850b88d8b206f465d810e1ad86ab,85.76794807292507,-0.24932202560125916,-0.0029069370458678872
R52-C-75,R52-C-75__P3__huayi_sy3sy2_phase3_wgs1__plateau_2022-10-07D_010__W001,3,validation,global_bounded_wgs_scalar,reference,1,H2_dry_vol_pct,26.73813447333333,1.7342252362706346e-19,-26.73813447333333,0.05,1,0.0149215662645733,,,completed,poor,a2955d2a2f6e850b88d8b206f465d810e1ad86ab,1.352554901440009e-13,-1.3525531672147727e-13,-0.13525531672147728
R52-C-75,R52-C-75__P3__huayi_sy3sy2_phase3_wgs1__plateau_2022-10-07D_010__W001,3,validation,global_bounded_wgs_scalar,reference,1,CO2_dry_vol_pct,9.588346974666669,10.721474116684456,1.1331271420177875,0.05,1,0.0149215662645733,,,completed,poor,a2955d2a2f6e850b88d8b206f465d810e1ad86ab,10.527708450535975,0.19376566614848123,0.01840530321093917
R52-C-75,R52-C-75__P3__huayi_sy3sy2_phase3_wgs1__plateau_2022-10-07D_010__W001,3,validation,global_bounded_wgs_scalar,reference,1,H2_CO_ratio,0.4246412335294508,2.027891836464911e-21,-0.4246412335294508,0.05,1,0.0149215662645733,,,completed,poor,a2955d2a2f6e850b88d8b206f465d810e1ad86ab,1.5769934245016397e-15,-1.5769913966098032e-15,-0.0015769913966098032
R52-C-75,R52-C-75__P3__huayi_sy3sy2_phase3_wgs1__plateau_2022-10-07D_010__W001,3,validation,global_bounded_wgs_scalar,reference,1,dry_syngas_flow,132469.2643577051,132469.2643577051,0.0,0.05,1,0.0149215662645733,,,completed,poor,a2955d2a2f6e850b88d8b206f465d810e1ad86ab,56084.629833077066,76384.63452462804,1.3619530832595177
R52-C-75,R52-C-75__P3__huayi_sy3sy2_phase3_wgs1__plateau_2022-10-07D_010__W002,3,validation,global_bounded_wgs_scalar,reference,1,CO_dry_vol_pct,62.85531542933333,85.52450729925864,22.669191869925317,0.05,1,0.0148983690231496,,,completed,poor,a2955d2a2f6e850b88d8b206f465d810e1ad86ab,85.77363926283358,-0.24913196357493916,-0.0029045283109829533
R52-C-75,R52-C-75__P3__huayi_sy3sy2_phase3_wgs1__plateau_2022-10-07D_010__W002,3,validation,global_bounded_wgs_scalar,reference,1,H2_dry_vol_pct,26.657991148,6.501655765019184e-20,-26.657991148,0.05,1,0.0148983690231496,,,completed,poor,a2955d2a2f6e850b88d8b206f465d810e1ad86ab,5.5390918509805117e-17,-5.5325901952154925e-17,-5.532590195215493e-05
R52-C-75,R52-C-75__P3__huayi_sy3sy2_phase3_wgs1__plateau_2022-10-07D_010__W002,3,validation,global_bounded_wgs_scalar,reference,1,CO2_dry_vol_pct,9.753374748133334,10.719115563568408,0.9657408154350726,0.05,1,0.0148983690231496,,,completed,poor,a2955d2a2f6e850b88d8b206f465d810e1ad86ab,10.525434678540007,0.1936808850284013,0.01840122436209608
R52-C-75,R52-C-75__P3__huayi_sy3sy2_phase3_wgs1__plateau_2022-10-07D_010__W002,3,validation,global_bounded_wgs_scalar,reference,1,H2_CO_ratio,0.4241169975533638,7.602096720965903e-22,-0.4241169975533638,0.05,1,0.0148983690231496,,,completed,poor,a2955d2a2f6e850b88d8b206f465d810e1ad86ab,6.457802069010082e-19,-6.450199972289116e-19,-6.450199972289116e-07
R52-C-75,R52-C-75__P3__huayi_sy3sy2_phase3_wgs1__plateau_2022-10-07D_010__W002,3,validation,global_bounded_wgs_scalar,reference,1,dry_syngas_flow,132149.45581598178,132149.45581598178,0.0,0.05,1,0.0148983690231496,,,completed,poor,a2955d2a2f6e850b88d8b206f465d810e1ad86ab,56120.22368822856,76029.23212775323,1.3547563985155795
R52-C-75,R52-C-75__P3__huayi_sy3sy2_phase3_wgs1__plateau_2022-10-07D_010__W003,3,validation,global_bounded_wgs_scalar,reference,1,CO_dry_vol_pct,63.403415990666666,85.48159743009046,22.078181439423798,0.05,1,0.0150650019223322,,,completed,poor,a2955d2a2f6e850b88d8b206f465d810e1ad86ab,85.73262498420549,-0.2510275541150264,-0.002928028322488355
R52-C-75,R52-C-75__P3__huayi_sy3sy2_phase3_wgs1__plateau_2022-10-07D_010__W003,3,validation,global_bounded_wgs_scalar,reference,1,H2_dry_vol_pct,26.58286163333333,6.856216778155339e-18,-26.58286163333333,0.05,1,0.0150650019223322,,,completed,poor,a2955d2a2f6e850b88d8b206f465d810e1ad86ab,1.905924351760892e-15,-1.899068134982737e-15,-0.0018990681349827369
R52-C-75,R52-C-75__P3__huayi_sy3sy2_phase3_wgs1__plateau_2022-10-07D_010__W003,3,validation,global_bounded_wgs_scalar,reference,1,CO2_dry_vol_pct,9.301813964,10.736634130081557,1.434820166081554,0.05,1,0.0150650019223322,,,completed,poor,a2955d2a2f6e850b88d8b206f465d810e1ad86ab,10.541801956697615,0.19483217338394176,0.018481866210753213
R52-C-75,R52-C-75__P3__huayi_sy3sy2_phase3_wgs1__plateau_2022-10-07D_010__W003,3,validation,global_bounded_wgs_scalar,reference,1,H2_CO_ratio,0.4192642164532229,8.020693323802902e-20,-0.4192642164532229,0.05,1,0.0150650019223322,,,completed,poor,a2955d2a2f6e850b88d8b206f465d810e1ad86ab,2.2231027594361196e-17,-2.2150820661123167e-17,-2.2150820661123167e-05
R52-C-75,R52-C-75__P3__huayi_sy3sy2_phase3_wgs1__plateau_2022-10-07D_010__W003,3,validation,global_bounded_wgs_scalar,reference,1,dry_syngas_flow,132476.53876136034,132476.53876136034,0.0,0.05,1,0.0150650019223322,,,completed,poor,a2955d2a2f6e850b88d8b206f465d810e1ad86ab,55930.64335599607,76545.89540536427,1.3685859988799525
R52-C-75,R52-C-75__P3__huayi_sy3sy2_phase3_wgs1__plateau_2022-10-07D_011__W001,3,validation,global_bounded_wgs_scalar,reference,1,CO_dry_vol_pct,63.43001651333332,85.40737255974358,21.977356046410257,0.05,1,0.0153496372267745,,,completed,poor,a2955d2a2f6e850b88d8b206f465d810e1ad86ab,85.66274751589954,-0.2553749561559613,-0.0029811670015436067
R52-C-75,R52-C-75__P3__huayi_sy3sy2_phase3_wgs1__plateau_2022-10-07D_011__W001,3,validation,global_bounded_wgs_scalar,reference,1,H2_dry_vol_pct,26.56116091066667,9.607054001572533e-19,-26.56116091066667,0.05,1,0.0153496372267745,,,completed,poor,a2955d2a2f6e850b88d8b206f465d810e1ad86ab,4.432011703752689e-15,-4.431050998352532e-15,-0.0044310509983525315
R52-C-75,R52-C-75__P3__huayi_sy3sy2_phase3_wgs1__plateau_2022-10-07D_011__W001,3,validation,global_bounded_wgs_scalar,reference,1,CO2_dry_vol_pct,9.272795867733333,10.767119403770208,1.494323536036875,0.05,1,0.0153496372267745,,,completed,poor,a2955d2a2f6e850b88d8b206f465d810e1ad86ab,10.569549041501206,0.19757036226900127,0.018692411709642826
R52-C-75,R52-C-75__P3__huayi_sy3sy2_phase3_wgs1__plateau_2022-10-07D_011__W001,3,validation,global_bounded_wgs_scalar,reference,1,H2_CO_ratio,0.4187424080626601,1.1248506672948251e-20,-0.4187424080626601,0.05,1,0.0153496372267745,,,completed,poor,a2955d2a2f6e850b88d8b206f465d810e1ad86ab,5.173791212954126e-17,-5.172666362286831e-17,-5.172666362286831e-05
R52-C-75,R52-C-75__P3__huayi_sy3sy2_phase3_wgs1__plateau_2022-10-07D_011__W001,3,validation,global_bounded_wgs_scalar,reference,1,dry_syngas_flow,132843.49896532786,132843.49896532786,0.0,0.05,1,0.0153496372267745,,,completed,poor,a2955d2a2f6e850b88d8b206f465d810e1ad86ab,55575.92705983591,77267.57190549196,1.3903064868769839
R52-C-75,R52-C-75__P3__huayi_sy3sy2_phase3_wgs1__plateau_2022-10-07D_011__W002,3,validation,global_bounded_wgs_scalar,reference,1,CO_dry_vol_pct,63.567002978666665,85.4425777945821,21.87557481591544,0.05,1,0.0152049651635492,,,completed,poor,a2955d2a2f6e850b88d8b206f465d810e1ad86ab,85.69757363427046,-0.25499583968834827,-0.002975531615125862
R52-C-75,R52-C-75__P3__huayi_sy3sy2_phase3_wgs1__plateau_2022-10-07D_011__W002,3,validation,global_bounded_wgs_scalar,reference,1,H2_dry_vol_pct,26.732952606666665,2.7000561858226946e-18,-26.732952606666665,0.05,1,0.0152049651635492,,,completed,poor,a2955d2a2f6e850b88d8b206f465d810e1ad86ab,1.8933651931334516e-17,-1.6233595745511822e-17,-1.6233595745511823e-05
R52-C-75,R52-C-75__P3__huayi_sy3sy2_phase3_wgs1__plateau_2022-10-07D_011__W002,3,validation,global_bounded_wgs_scalar,reference,1,CO2_dry_vol_pct,8.969777699733333,10.753385720723664,1.7836080209903322,0.05,1,0.0152049651635492,,,completed,poor,a2955d2a2f6e850b88d8b206f465d810e1ad86ab,10.555788325848022,0.19759739487564154,0.018719340401302253
R52-C-75,R52-C-75__P3__huayi_sy3sy2_phase3_wgs1__plateau_2022-10-07D_011__W002,3,validation,global_bounded_wgs_scalar,reference,1,H2_CO_ratio,0.4205463424006211,3.160082777832464e-20,-0.4205463424006211,0.05,1,0.0152049651635492,,,completed,poor,a2955d2a2f6e850b88d8b206f465d810e1ad86ab,2.209356826383116e-19,-1.8933485485998697e-19,-1.8933485485998696e-07
R52-C-75,R52-C-75__P3__huayi_sy3sy2_phase3_wgs1__plateau_2022-10-07D_011__W002,3,validation,global_bounded_wgs_scalar,reference,1,dry_syngas_flow,133380.6213765183,133380.6213765183,0.0,0.05,1,0.0152049651635492,,,completed,poor,a2955d2a2f6e850b88d8b206f465d810e1ad86ab,55754.18468286325,77626.43669365507,1.3922979438261704
R52-C-75,R52-C-75__P3__huayi_sy3sy2_phase3_wgs1__plateau_2022-10-07D_011__W003,3,validation,global_bounded_wgs_scalar,reference,1,CO_dry_vol_pct,63.59141076774194,85.52066302491424,21.9292522571723,0.05,1,0.0149401155256927,,,completed,poor,a2955d2a2f6e850b88d8b206f465d810e1ad86ab,85.76512612587115,-0.2444631009569065,-0.0028503788427725976
R52-C-75,R52-C-75__P3__huayi_sy3sy2_phase3_wgs1__plateau_2022-10-07D_011__W003,3,validation,global_bounded_wgs_scalar,reference,1,H2_dry_vol_pct,26.787900341935487,2.0410509331164072e-16,-26.787900341935487,0.05,1,0.0149401155256927,,,completed,poor,a2955d2a2f6e850b88d8b206f465d810e1ad86ab,3.075979383958402e-16,-1.0349284508419947e-16,-0.00010349284508419948
R52-C-75,R52-C-75__P3__huayi_sy3sy2_phase3_wgs1__plateau_2022-10-07D_011__W003,3,validation,global_bounded_wgs_scalar,reference,1,CO2_dry_vol_pct,8.89509560532258,10.718653220316174,1.8235576149935948,0.05,1,0.0149401155256927,,,completed,poor,a2955d2a2f6e850b88d8b206f465d810e1ad86ab,10.528732951530191,0.18992026878598267,0.01803828339652025
R52-C-75,R52-C-75__P3__huayi_sy3sy2_phase3_wgs1__plateau_2022-10-07D_011__W003,3,validation,global_bounded_wgs_scalar,reference,1,H2_CO_ratio,0.4212517706223059,2.386617293322199e-18,-0.4212517706223059,0.05,1,0.0149401155256927,,,completed,poor,a2955d2a2f6e850b88d8b206f465d810e1ad86ab,3.586515315612098e-18,-1.1998980222898992e-18,-1.1998980222898991e-06
R52-C-75,R52-C-75__P3__huayi_sy3sy2_phase3_wgs1__plateau_2022-10-07D_011__W003,3,validation,global_bounded_wgs_scalar,reference,1,dry_syngas_flow,133466.0802545373,133466.0802545373,0.0,0.05,1,0.0149401155256927,,,completed,poor,a2955d2a2f6e850b88d8b206f465d810e1ad86ab,56077.79062750961,77388.28962702767,1.3800167367696534
R52-C-75,R52-C-75__P3__huayi_sy3sy2_phase3_wgs1__shift_evening_handover_2022-10-07__W001,3,validation,global_bounded_wgs_scalar,reference,1,CO_dry_vol_pct,63.156291712,85.59489900793203,22.43860729593203,0.05,1,0.0146365912960478,,,completed,poor,a2955d2a2f6e850b88d8b206f465d810e1ad86ab,85.8390995924022,-0.24420058447017823,-0.0028448642358754766
R52-C-75,R52-C-75__P3__huayi_sy3sy2_phase3_wgs1__shift_evening_handover_2022-10-07__W001,3,validation,global_bounded_wgs_scalar,reference,1,H2_dry_vol_pct,26.671319209333333,6.542635371471268e-21,-26.671319209333333,0.05,1,0.0146365912960478,,,completed,poor,a2955d2a2f6e850b88d8b206f465d810e1ad86ab,1.0756451024607999e-15,-1.0756385598254284e-15,-0.0010756385598254283
R52-C-75,R52-C-75__P3__huayi_sy3sy2_phase3_wgs1__shift_evening_handover_2022-10-07__W001,3,validation,global_bounded_wgs_scalar,reference,1,CO2_dry_vol_pct,9.451090693333336,10.689475433493335,1.2383847401600008,0.05,1,0.0146365912960478,,,completed,poor,a2955d2a2f6e850b88d8b206f465d810e1ad86ab,10.499086569789169,0.1903888637041664,0.018133850258174374
R52-C-75,R52-C-75__P3__huayi_sy3sy2_phase3_wgs1__shift_evening_handover_2022-10-07__W001,3,validation,global_bounded_wgs_scalar,reference,1,H2_CO_ratio,0.4223112501763516,7.643721118083177e-23,-0.4223112501763516,0.05,1,0.0146365912960478,,,completed,poor,a2955d2a2f6e850b88d8b206f465d810e1ad86ab,1.2530945776090216e-17,-1.2530869338879035e-17,-1.2530869338879037e-05
R52-C-75,R52-C-75__P3__huayi_sy3sy2_phase3_wgs1__shift_evening_handover_2022-10-07__W001,3,validation,global_bounded_wgs_scalar,reference,1,dry_syngas_flow,132025.943710799,132025.943710799,0.0,0.05,1,0.0146365912960478,,,completed,poor,a2955d2a2f6e850b88d8b206f465d810e1ad86ab,56358.280542472,75667.66316832701,1.3426183772818143
R52-C-75,R52-C-75__P3__huayi_sy3sy2_phase3_wgs1__plateau_2022-10-07N_012__W001,3,validation,global_bounded_wgs_scalar,reference,1,CO_dry_vol_pct,63.14900446533335,85.50710183323534,22.35809736790199,0.05,1,0.014964455585454,,,completed,poor,a2955d2a2f6e850b88d8b206f465d810e1ad86ab,85.75726726293519,-0.2501654296998481,-0.0029171338789613127
R52-C-75,R52-C-75__P3__huayi_sy3sy2_phase3_wgs1__plateau_2022-10-07N_012__W001,3,validation,global_bounded_wgs_scalar,reference,1,H2_dry_vol_pct,26.600556624,1.2572852691038633e-15,-26.600556624,0.05,1,0.014964455585454,,,completed,poor,a2955d2a2f6e850b88d8b206f465d810e1ad86ab,2.411339026193413e-17,1.2331718788419293e-15,0.0012331718788419293
R52-C-75,R52-C-75__P3__huayi_sy3sy2_phase3_wgs1__plateau_2022-10-07N_012__W001,3,validation,global_bounded_wgs_scalar,reference,1,CO2_dry_vol_pct,9.532184241333336,10.726331645772213,1.1941474044388762,0.05,1,0.014964455585454,,,completed,poor,a2955d2a2f6e850b88d8b206f465d810e1ad86ab,10.531987928195573,0.19434371757663982,0.018452709868414782
R52-C-75,R52-C-75__P3__huayi_sy3sy2_phase3_wgs1__plateau_2022-10-07N_012__W001,3,validation,global_bounded_wgs_scalar,reference,1,H2_CO_ratio,0.4212370127965834,1.470386952835741e-17,-0.4212370127965834,0.05,1,0.014964455585454,,,completed,poor,a2955d2a2f6e850b88d8b206f465d810e1ad86ab,2.811818873379152e-19,1.4422687641019495e-17,1.4422687641019496e-05
R52-C-75,R52-C-75__P3__huayi_sy3sy2_phase3_wgs1__plateau_2022-10-07N_012__W001,3,validation,global_bounded_wgs_scalar,reference,1,dry_syngas_flow,131044.76919875536,131044.76919875536,0.0,0.05,1,0.014964455585454,,,completed,poor,a2955d2a2f6e850b88d8b206f465d810e1ad86ab,56032.09086865321,75012.67833010215,1.33874494360637
R52-C-75,R52-C-75__P3__huayi_sy3sy2_phase3_wgs1__plateau_2022-10-07N_012__W002,3,validation,global_bounded_wgs_scalar,reference,1,CO_dry_vol_pct,63.06900157866667,85.51411531120591,22.44511373253924,0.05,1,0.0149348510445193,,,completed,poor,a2955d2a2f6e850b88d8b206f465d810e1ad86ab,85.76437273895874,-0.2502574277528282,-0.002917964881694377
R52-C-75,R52-C-75__P3__huayi_sy3sy2_phase3_wgs1__plateau_2022-10-07N_012__W002,3,validation,global_bounded_wgs_scalar,reference,1,H2_dry_vol_pct,26.703218158666665,2.868774900822732e-19,-26.703218158666665,0.05,1,0.0149348510445193,,,completed,poor,a2955d2a2f6e850b88d8b206f465d810e1ad86ab,2.233499281137931e-15,-2.2332124036478484e-15,-0.0022332124036478487
R52-C-75,R52-C-75__P3__huayi_sy3sy2_phase3_wgs1__plateau_2022-10-07N_012__W002,3,validation,global_bounded_wgs_scalar,reference,1,CO2_dry_vol_pct,9.516697389466666,10.723647888361052,1.2069504988943862,0.05,1,0.0149348510445193,,,completed,poor,a2955d2a2f6e850b88d8b206f465d810e1ad86ab,10.529145713372817,0.1945021749882354,0.018472740361186457
R52-C-75,R52-C-75__P3__huayi_sy3sy2_phase3_wgs1__plateau_2022-10-07N_012__W002,3,validation,global_bounded_wgs_scalar,reference,1,H2_CO_ratio,0.4233992677063366,3.354738443334866e-21,-0.4233992677063366,0.05,1,0.0149348510445193,,,completed,poor,a2955d2a2f6e850b88d8b206f465d810e1ad86ab,2.604227384646115e-17,-2.6038919108017817e-17,-2.6038919108017817e-05
R52-C-75,R52-C-75__P3__huayi_sy3sy2_phase3_wgs1__plateau_2022-10-07N_012__W002,3,validation,global_bounded_wgs_scalar,reference,1,dry_syngas_flow,131668.34057762215,131668.34057762215,0.0,0.05,1,0.0149348510445193,,,completed,poor,a2955d2a2f6e850b88d8b206f465d810e1ad86ab,56089.42033539451,75578.92024222764,1.347471943733648
R52-C-75,R52-C-75__P3__huayi_sy3sy2_phase3_wgs1__plateau_2022-10-07N_013__W001,3,validation,global_bounded_wgs_scalar,reference,1,CO_dry_vol_pct,62.88505483333334,85.59945341322202,22.71439857988868,0.05,1,0.0146289408120734,,,completed,poor,a2955d2a2f6e850b88d8b206f465d810e1ad86ab,85.84169116049189,-0.24223774726986846,-0.0028219125694643457
R52-C-75,R52-C-75__P3__huayi_sy3sy2_phase3_wgs1__plateau_2022-10-07N_013__W001,3,validation,global_bounded_wgs_scalar,reference,1,H2_dry_vol_pct,26.601400842666667,1.2695160294712069e-18,-26.601400842666667,0.05,1,0.0146289408120734,,,completed,poor,a2955d2a2f6e850b88d8b206f465d810e1ad86ab,9.684618181244793e-18,-8.415102151773587e-18,-8.415102151773587e-06
R52-C-75,R52-C-75__P3__huayi_sy3sy2_phase3_wgs1__plateau_2022-10-07N_013__W001,3,validation,global_bounded_wgs_scalar,reference,1,CO2_dry_vol_pct,9.792279007733336,10.68685022544634,0.8945712177130041,0.05,1,0.0146289408120734,,,completed,poor,a2955d2a2f6e850b88d8b206f465d810e1ad86ab,10.498014777791091,0.18883544765524896,0.017987729266178667
R52-C-75,R52-C-75__P3__huayi_sy3sy2_phase3_wgs1__plateau_2022-10-07N_013__W001,3,validation,global_bounded_wgs_scalar,reference,1,H2_CO_ratio,0.423014118770965,1.4830889437374755e-20,-0.423014118770965,0.05,1,0.0146289408120734,,,completed,poor,a2955d2a2f6e850b88d8b206f465d810e1ad86ab,1.1281951753651004e-19,-9.798862809913529e-20,-9.798862809913529e-08
R52-C-75,R52-C-75__P3__huayi_sy3sy2_phase3_wgs1__plateau_2022-10-07N_013__W001,3,validation,global_bounded_wgs_scalar,reference,1,dry_syngas_flow,131592.4604701897,131592.4604701897,0.0,0.05,1,0.0146289408120734,,,completed,poor,a2955d2a2f6e850b88d8b206f465d810e1ad86ab,56296.49237098302,75295.96809920667,1.3374895118335397
R52-C-75,R52-C-75__P3__huayi_sy3sy2_phase3_wgs1__plateau_2022-10-07N_013__W002,3,validation,global_bounded_wgs_scalar,reference,1,CO_dry_vol_pct,63.35694926133333,85.55818046070584,22.201231199372515,0.05,1,0.0148034752135722,,,completed,poor,a2955d2a2f6e850b88d8b206f465d810e1ad86ab,85.79941516652835,-0.2412347058225066,-0.002811612472582633
R52-C-75,R52-C-75__P3__huayi_sy3sy2_phase3_wgs1__plateau_2022-10-07N_013__W002,3,validation,global_bounded_wgs_scalar,reference,1,H2_dry_vol_pct,26.6731104,5.122395383462751e-20,-26.6731104,0.05,1,0.0148034752135722,,,completed,poor,a2955d2a2f6e850b88d8b206f465d810e1ad86ab,1.2535526960240693e-14,-1.2535475736286858e-14,-0.012535475736286859
R52-C-75,R52-C-75__P3__huayi_sy3sy2_phase3_wgs1__plateau_2022-10-07N_013__W002,3,validation,global_bounded_wgs_scalar,reference,1,CO2_dry_vol_pct,9.245454039466669,10.70267066107704,1.457216621610371,0.05,1,0.0148034752135722,,,completed,poor,a2955d2a2f6e850b88d8b206f465d810e1ad86ab,10.51496168076661,0.18770898031042904,0.017851608594425597
R52-C-75,R52-C-75__P3__huayi_sy3sy2_phase3_wgs1__plateau_2022-10-07N_013__W002,3,validation,global_bounded_wgs_scalar,reference,1,H2_CO_ratio,0.4209977463394885,5.987031696887599e-22,-0.4209977463394885,0.05,1,0.0148034752135722,,,completed,poor,a2955d2a2f6e850b88d8b206f465d810e1ad86ab,1.4610270869458085e-16,-1.4610210999141117e-16,-0.00014610210999141117
R52-C-75,R52-C-75__P3__huayi_sy3sy2_phase3_wgs1__plateau_2022-10-07N_013__W002,3,validation,global_bounded_wgs_scalar,reference,1,dry_syngas_flow,132474.12425161866,132474.12425161866,0.0,0.05,1,0.0148034752135722,,,completed,poor,a2955d2a2f6e850b88d8b206f465d810e1ad86ab,56007.42884768528,76466.69540393338,1.3652955862674574
R52-C-75,R52-C-75__P3__huayi_sy3sy2_phase3_wgs1__plateau_2022-10-07N_013__W003,3,validation,global_bounded_wgs_scalar,reference,1,CO_dry_vol_pct,63.73691160266669,85.80693948907565,22.07002788640896,0.05,1,0.0138955759419743,,,completed,poor,a2955d2a2f6e850b88d8b206f465d810e1ad86ab,86.03003201272531,-0.2230925236496688,-0.002593193544513265
R52-C-75,R52-C-75__P3__huayi_sy3sy2_phase3_wgs1__plateau_2022-10-07N_013__W003,3,validation,global_bounded_wgs_scalar,reference,1,H2_dry_vol_pct,26.88808170133333,2.9343464591183e-17,-26.88808170133333,0.05,1,0.0138955759419743,,,completed,poor,a2955d2a2f6e850b88d8b206f465d810e1ad86ab,3.995140918721883e-15,-3.9657974541307e-15,-0.0039657974541307
R52-C-75,R52-C-75__P3__huayi_sy3sy2_phase3_wgs1__plateau_2022-10-07N_013__W003,3,validation,global_bounded_wgs_scalar,reference,1,CO2_dry_vol_pct,8.629130959866668,10.596294991600647,1.9671640317339807,0.05,1,0.0138955759419743,,,completed,poor,a2955d2a2f6e850b88d8b206f465d810e1ad86ab,10.42098690053097,0.17530809106967737,0.01682259969645918
R52-C-75,R52-C-75__P3__huayi_sy3sy2_phase3_wgs1__plateau_2022-10-07N_013__W003,3,validation,global_bounded_wgs_scalar,reference,1,H2_CO_ratio,0.4218614310006409,3.4197076327280975e-19,-0.4218614310006409,0.05,1,0.0138955759419743,,,completed,poor,a2955d2a2f6e850b88d8b206f465d810e1ad86ab,4.6438910055629567e-17,-4.609693929235676e-17,-4.609693929235676e-05
R52-C-75,R52-C-75__P3__huayi_sy3sy2_phase3_wgs1__plateau_2022-10-07N_013__W003,3,validation,global_bounded_wgs_scalar,reference,1,dry_syngas_flow,132516.12744620998,132516.12744620998,0.0,0.05,1,0.0138955759419743,,,completed,poor,a2955d2a2f6e850b88d8b206f465d810e1ad86ab,56822.38056079583,75693.74688541415,1.3321115049804597
R52-C-75,R52-C-75__P3__huayi_sy3sy2_phase3_wgs1__plateau_2022-10-07N_013__W004,3,validation,global_bounded_wgs_scalar,reference,1,CO_dry_vol_pct,63.410470132,85.66103393817907,22.250563806179077,0.05,1,0.0144136184529477,,,completed,poor,a2955d2a2f6e850b88d8b206f465d810e1ad86ab,85.89682237879302,-0.23578844061394477,-0.002745019362580732
R52-C-75,R52-C-75__P3__huayi_sy3sy2_phase3_wgs1__plateau_2022-10-07N_013__W004,3,validation,global_bounded_wgs_scalar,reference,1,H2_dry_vol_pct,26.901885147999995,2.9175400327466127e-19,-26.901885147999995,0.05,1,0.0144136184529477,,,completed,poor,a2955d2a2f6e850b88d8b206f465d810e1ad86ab,1.7921081859327206e-16,-1.7891906458999739e-16,-0.0001789190645899974
R52-C-75,R52-C-75__P3__huayi_sy3sy2_phase3_wgs1__plateau_2022-10-07N_013__W004,3,validation,global_bounded_wgs_scalar,reference,1,CO2_dry_vol_pct,8.933076006533334,10.659852476511928,1.726776469978594,0.05,1,0.0144136184529477,,,completed,poor,a2955d2a2f6e850b88d8b206f465d810e1ad86ab,10.475627158607944,0.18422531790398367,0.01758608960730371
R52-C-75,R52-C-75__P3__huayi_sy3sy2_phase3_wgs1__plateau_2022-10-07N_013__W004,3,validation,global_bounded_wgs_scalar,reference,1,H2_CO_ratio,0.4242536251772812,3.40591269870987e-21,-0.4242536251772812,0.05,1,0.0144136184529477,,,completed,poor,a2955d2a2f6e850b88d8b206f465d810e1ad86ab,2.0863498046875043e-18,-2.0829438919887943e-18,-2.082943891988794e-06
R52-C-75,R52-C-75__P3__huayi_sy3sy2_phase3_wgs1__plateau_2022-10-07N_013__W004,3,validation,global_bounded_wgs_scalar,reference,1,dry_syngas_flow,131594.2435228393,131594.2435228393,0.0,0.05,1,0.0144136184529477,,,completed,poor,a2955d2a2f6e850b88d8b206f465d810e1ad86ab,56375.835425820296,75218.40809701901,1.334231369324751
R52-C-75,R52-C-75__P3__huayi_sy3sy2_phase3_wgs1__shift_morning_handover_2022-10-09__W001,3,validation,global_bounded_wgs_scalar,reference,1,CO_dry_vol_pct,63.63103637333332,85.60775878874334,21.976722415410016,0.05,1,0.0146467886277399,,,completed,poor,a2955d2a2f6e850b88d8b206f465d810e1ad86ab,85.84057337610716,-0.23281458736381921,-0.0027121741876507638
R52-C-75,R52-C-75__P3__huayi_sy3sy2_phase3_wgs1__shift_morning_handover_2022-10-09__W001,3,validation,global_bounded_wgs_scalar,reference,1,H2_dry_vol_pct,26.336123365333336,8.784325073021175e-18,-26.336123365333336,0.05,1,0.0146467886277399,,,completed,poor,a2955d2a2f6e850b88d8b206f465d810e1ad86ab,5.808755850610487e-15,-5.799971525537466e-15,-0.005799971525537466
R52-C-75,R52-C-75__P3__huayi_sy3sy2_phase3_wgs1__shift_morning_handover_2022-10-09__W001,3,validation,global_bounded_wgs_scalar,reference,1,CO2_dry_vol_pct,9.230614622933334,10.679705017725713,1.4490903947923766,0.05,1,0.0146467886277399,,,completed,poor,a2955d2a2f6e850b88d8b206f465d810e1ad86ab,10.498270219649132,0.18143479807658025,0.01728235169037629
R52-C-75,R52-C-75__P3__huayi_sy3sy2_phase3_wgs1__shift_morning_handover_2022-10-09__W001,3,validation,global_bounded_wgs_scalar,reference,1,H2_CO_ratio,0.4138872857864837,1.0261131931626081e-19,-0.4138872857864837,0.05,1,0.0146467886277399,,,completed,poor,a2955d2a2f6e850b88d8b206f465d810e1ad86ab,6.766911755306721e-17,-6.756650623375095e-17,-6.756650623375095e-05
R52-C-75,R52-C-75__P3__huayi_sy3sy2_phase3_wgs1__shift_morning_handover_2022-10-09__W001,3,validation,global_bounded_wgs_scalar,reference,1,dry_syngas_flow,129996.4930274862,129996.4930274862,0.0,0.05,1,0.0146467886277399,,,completed,poor,a2955d2a2f6e850b88d8b206f465d810e1ad86ab,55561.615205087066,74434.87782239914,1.3396816767771735
R52-C-75,R52-C-75__P3__huayi_sy3sy2_phase3_wgs1__plateau_2022-10-09D_014__W001,3,validation,global_bounded_wgs_scalar,reference,1,CO_dry_vol_pct,63.740561376,85.58621118837917,21.845649812379165,0.05,1,0.0147121888438999,,,completed,poor,a2955d2a2f6e850b88d8b206f465d810e1ad86ab,85.82315478967175,-0.2369436012925803,-0.0027608353698167117
R52-C-75,R52-C-75__P3__huayi_sy3sy2_phase3_wgs1__plateau_2022-10-09D_014__W001,3,validation,global_bounded_wgs_scalar,reference,1,H2_dry_vol_pct,26.487032301333333,2.273909292712808e-17,-26.487032301333333,0.05,1,0.0147121888438999,,,completed,poor,a2955d2a2f6e850b88d8b206f465d810e1ad86ab,1.0532433833641996e-15,-1.0305042904370714e-15,-0.0010305042904370715
R52-C-75,R52-C-75__P3__huayi_sy3sy2_phase3_wgs1__plateau_2022-10-09D_014__W001,3,validation,global_bounded_wgs_scalar,reference,1,CO2_dry_vol_pct,9.021134639866665,10.689894178619475,1.668759538752811,0.05,1,0.0147121888438999,,,completed,poor,a2955d2a2f6e850b88d8b206f465d810e1ad86ab,10.505355150959037,0.1845390276604384,0.017566186483813615
R52-C-75,R52-C-75__P3__huayi_sy3sy2_phase3_wgs1__plateau_2022-10-09D_014__W001,3,validation,global_bounded_wgs_scalar,reference,1,H2_CO_ratio,0.4155466080054968,2.656864068568042e-19,-0.4155466080054968,0.05,1,0.0147121888438999,,,completed,poor,a2955d2a2f6e850b88d8b206f465d810e1ad86ab,1.2272252004082126e-17,-1.2006565597225322e-17,-1.2006565597225322e-05
R52-C-75,R52-C-75__P3__huayi_sy3sy2_phase3_wgs1__plateau_2022-10-09D_014__W001,3,validation,global_bounded_wgs_scalar,reference,1,dry_syngas_flow,131840.57819571625,131840.57819571625,0.0,0.05,1,0.0147121888438999,,,completed,poor,a2955d2a2f6e850b88d8b206f465d810e1ad86ab,55507.02208777875,76333.5561079375,1.3752053927019123
R52-C-75,R52-C-75__P3__huayi_sy3sy2_phase3_wgs1__plateau_2022-10-09D_014__W002,3,validation,global_bounded_wgs_scalar,reference,1,CO_dry_vol_pct,63.625034205405406,85.73661358542152,22.11157938001612,0.05,1,0.0141481326725468,,,completed,poor,a2955d2a2f6e850b88d8b206f465d810e1ad86ab,85.96507803542158,-0.228464450000061,-0.002657642559295102
R52-C-75,R52-C-75__P3__huayi_sy3sy2_phase3_wgs1__plateau_2022-10-09D_014__W002,3,validation,global_bounded_wgs_scalar,reference,1,H2_dry_vol_pct,26.53407218513513,2.5703875760273942e-20,-26.53407218513513,0.05,1,0.0141481326725468,,,completed,poor,a2955d2a2f6e850b88d8b206f465d810e1ad86ab,1.0289383890367224e-16,-1.0286813502791197e-16,-0.00010286813502791197
R52-C-75,R52-C-75__P3__huayi_sy3sy2_phase3_wgs1__plateau_2022-10-09D_014__W002,3,validation,global_bounded_wgs_scalar,reference,1,CO2_dry_vol_pct,9.090208024324324,10.626726560449791,1.5365185361254683,0.05,1,0.0141481326725468,,,completed,poor,a2955d2a2f6e850b88d8b206f465d810e1ad86ab,10.447711886487431,0.17901467396236015,0.017134342515119423
R52-C-75,R52-C-75__P3__huayi_sy3sy2_phase3_wgs1__plateau_2022-10-09D_014__W002,3,validation,global_bounded_wgs_scalar,reference,1,H2_CO_ratio,0.4170350224565832,2.9980045496740473e-22,-0.4170350224565832,0.05,1,0.0141481326725468,,,completed,poor,a2955d2a2f6e850b88d8b206f465d810e1ad86ab,1.1969260222305065e-18,-1.196626221775539e-18,-1.196626221775539e-06
R52-C-75,R52-C-75__P3__huayi_sy3sy2_phase3_wgs1__plateau_2022-10-09D_014__W002,3,validation,global_bounded_wgs_scalar,reference,1,dry_syngas_flow,132246.15910471155,132246.15910471155,0.0,0.05,1,0.0141481326725468,,,completed,poor,a2955d2a2f6e850b88d8b206f465d810e1ad86ab,56135.414345937854,76110.7447587737,1.3558418628521502
R52-C-75,R52-C-75__P3__huayi_sy3sy2_phase3_wgs1__plateau_2022-10-09D_014__W003,3,validation,global_bounded_wgs_scalar,reference,1,CO_dry_vol_pct,63.596988644,85.83922401793214,22.24223537393214,0.05,1,0.0137732718229721,,,completed,poor,a2955d2a2f6e850b88d8b206f465d810e1ad86ab,86.06115094272123,-0.22192692478908782,-0.0025787120246252957
R52-C-75,R52-C-75__P3__huayi_sy3sy2_phase3_wgs1__plateau_2022-10-09D_014__W003,3,validation,global_bounded_wgs_scalar,reference,1,H2_dry_vol_pct,26.524921236,2.0263005048058283e-15,-26.524921236,0.05,1,0.0137732718229721,,,completed,poor,a2955d2a2f6e850b88d8b206f465d810e1ad86ab,1.2440312964607345e-16,1.9018973751597547e-15,0.0019018973751597547
R52-C-75,R52-C-75__P3__huayi_sy3sy2_phase3_wgs1__plateau_2022-10-09D_014__W003,3,validation,global_bounded_wgs_scalar,reference,1,CO2_dry_vol_pct,9.133404927733332,10.582776573630504,1.4493716458971715,0.05,1,0.0137732718229721,,,completed,poor,a2955d2a2f6e850b88d8b206f465d810e1ad86ab,10.408129626718686,0.17464694691181748,0.0167798589348351
R52-C-75,R52-C-75__P3__huayi_sy3sy2_phase3_wgs1__plateau_2022-10-09D_014__W003,3,validation,global_bounded_wgs_scalar,reference,1,H2_CO_ratio,0.4170757519446523,2.360576447408852e-17,-0.4170757519446523,0.05,1,0.0137732718229721,,,completed,poor,a2955d2a2f6e850b88d8b206f465d810e1ad86ab,1.4455201712195445e-18,2.2160244302868976e-17,2.2160244302868975e-05
R52-C-75,R52-C-75__P3__huayi_sy3sy2_phase3_wgs1__plateau_2022-10-09D_014__W003,3,validation,global_bounded_wgs_scalar,reference,1,dry_syngas_flow,133928.5809733848,133928.5809733848,0.0,0.05,1,0.0137732718229721,,,completed,poor,a2955d2a2f6e850b88d8b206f465d810e1ad86ab,56561.419088076145,77367.16188530864,1.367843366249957
R52-C-75,R52-C-75__P3__huayi_sy3sy2_phase3_wgs1__plateau_2022-10-09D_014__W004,3,validation,global_bounded_wgs_scalar,reference,1,CO_dry_vol_pct,63.387516137333336,85.6449320397518,22.257415902418455,0.05,1,0.0145035157496499,,,completed,poor,a2955d2a2f6e850b88d8b206f465d810e1ad86ab,85.87624014082486,-0.23130810107306843,-0.0026935052197645812
R52-C-75,R52-C-75__P3__huayi_sy3sy2_phase3_wgs1__plateau_2022-10-09D_014__W004,3,validation,global_bounded_wgs_scalar,reference,1,H2_dry_vol_pct,26.5980029,3.258514716410256e-19,-26.5980029,0.05,1,0.0145035157496499,,,completed,poor,a2955d2a2f6e850b88d8b206f465d810e1ad86ab,2.6664937549522354e-15,-2.6661679034805944e-15,-0.0026661679034805943
R52-C-75,R52-C-75__P3__huayi_sy3sy2_phase3_wgs1__plateau_2022-10-09D_014__W004,3,validation,global_bounded_wgs_scalar,reference,1,CO2_dry_vol_pct,9.270947878666666,10.664402535478615,1.3934546568119508,0.05,1,0.0145035157496499,,,completed,poor,a2955d2a2f6e850b88d8b206f465d810e1ad86ab,10.483860771076662,0.18054176440195313,0.01722092350749637
R52-C-75,R52-C-75__P3__huayi_sy3sy2_phase3_wgs1__plateau_2022-10-09D_014__W004,3,validation,global_bounded_wgs_scalar,reference,1,H2_CO_ratio,0.4196343334224648,3.8046789679251866e-21,-0.4196343334224648,0.05,1,0.0145035157496499,,,completed,poor,a2955d2a2f6e850b88d8b206f465d810e1ad86ab,3.1050425013712336e-17,-3.104662033474441e-17,-3.104662033474441e-05
R52-C-75,R52-C-75__P3__huayi_sy3sy2_phase3_wgs1__plateau_2022-10-09D_014__W004,3,validation,global_bounded_wgs_scalar,reference,1,dry_syngas_flow,133375.62190245293,133375.62190245293,0.0,0.05,1,0.0145035157496499,,,completed,poor,a2955d2a2f6e850b88d8b206f465d810e1ad86ab,55719.118563903874,77656.50333854905,1.3937137797591923
R52-C-75,R52-C-75__P3__huayi_sy3sy2_phase3_wgs1__plateau_2022-10-09D_014__W005,3,validation,global_bounded_wgs_scalar,reference,1,CO_dry_vol_pct,62.61618982799999,85.65604750739345,23.039857679393464,0.05,1,0.0144526064097595,,,completed,poor,a2955d2a2f6e850b88d8b206f465d810e1ad86ab,85.8883860400681,-0.2323385326746461,-0.00270512165132847
R52-C-75,R52-C-75__P3__huayi_sy3sy2_phase3_wgs1__plateau_2022-10-09D_014__W005,3,validation,global_bounded_wgs_scalar,reference,1,H2_dry_vol_pct,26.59501441733333,8.041106899361663e-21,-26.59501441733333,0.05,1,0.0144526064097595,,,completed,poor,a2955d2a2f6e850b88d8b206f465d810e1ad86ab,7.186283126197094e-16,-7.1862027151281e-16,-0.00071862027151281
R52-C-75,R52-C-75__P3__huayi_sy3sy2_phase3_wgs1__plateau_2022-10-09D_014__W005,3,validation,global_bounded_wgs_scalar,reference,1,CO2_dry_vol_pct,10.0661192648,10.660413729189203,0.5942944643892041,0.05,1,0.0144526064097595,,,completed,poor,a2955d2a2f6e850b88d8b206f465d810e1ad86ab,10.478961422870233,0.18145230631897036,0.017315867383856612
R52-C-75,R52-C-75__P3__huayi_sy3sy2_phase3_wgs1__plateau_2022-10-09D_014__W005,3,validation,global_bounded_wgs_scalar,reference,1,H2_CO_ratio,0.4247432691418862,9.387669794905713e-23,-0.4247432691418862,0.05,1,0.0144526064097595,,,completed,poor,a2955d2a2f6e850b88d8b206f465d810e1ad86ab,8.367002172848602e-18,-8.366908296150653e-18,-8.366908296150653e-06
R52-C-75,R52-C-75__P3__huayi_sy3sy2_phase3_wgs1__plateau_2022-10-09D_014__W005,3,validation,global_bounded_wgs_scalar,reference,1,dry_syngas_flow,132247.16922585663,132247.16922585663,0.0,0.05,1,0.0144526064097595,,,completed,poor,a2955d2a2f6e850b88d8b206f465d810e1ad86ab,55866.0719397019,76381.09728615473,1.3672179667221884
R52-C-75,R52-C-75__P3__huayi_sy3sy2_phase3_wgs1__plateau_2022-10-09D_014__W006,3,validation,global_bounded_wgs_scalar,reference,1,CO_dry_vol_pct,62.90352648870969,85.71645437634051,22.81292788763082,0.05,1,0.0142087920290238,,,completed,poor,a2955d2a2f6e850b88d8b206f465d810e1ad86ab,85.94866646592122,-0.23221208958071315,-0.0027017532572513572
R52-C-75,R52-C-75__P3__huayi_sy3sy2_phase3_wgs1__plateau_2022-10-09D_014__W006,3,validation,global_bounded_wgs_scalar,reference,1,H2_dry_vol_pct,26.54743136129032,6.2950458781097e-18,-26.54743136129032,0.05,1,0.0142087920290238,,,completed,poor,a2955d2a2f6e850b88d8b206f465d810e1ad86ab,2.495286053794174e-13,-2.495223103335393e-13,-0.2495223103335393
R52-C-75,R52-C-75__P3__huayi_sy3sy2_phase3_wgs1__plateau_2022-10-09D_014__W006,3,validation,global_bounded_wgs_scalar,reference,1,CO2_dry_vol_pct,9.81636658032258,10.636348782694744,0.819982202372163,0.05,1,0.0142087920290238,,,completed,poor,a2955d2a2f6e850b88d8b206f465d810e1ad86ab,10.45447354600705,0.181875236687695,0.017396881429496743
R52-C-75,R52-C-75__P3__huayi_sy3sy2_phase3_wgs1__plateau_2022-10-09D_014__W006,3,validation,global_bounded_wgs_scalar,reference,1,H2_CO_ratio,0.4220389768208398,7.344034379293295e-20,-0.4220389768208398,0.05,1,0.0142087920290238,,,completed,poor,a2955d2a2f6e850b88d8b206f465d810e1ad86ab,2.9032283529187257e-15,-2.903154912574933e-15,-0.002903154912574933
R52-C-75,R52-C-75__P3__huayi_sy3sy2_phase3_wgs1__plateau_2022-10-09D_014__W006,3,validation,global_bounded_wgs_scalar,reference,1,dry_syngas_flow,132736.94815261435,132736.94815261435,0.0,0.05,1,0.0142087920290238,,,completed,poor,a2955d2a2f6e850b88d8b206f465d810e1ad86ab,56077.74804553584,76659.2001070785,1.3670163795598615
R52-C-75,R52-C-75__P3__huayi_sy3sy2_phase3_wgs1__plateau_2022-10-09D_015__W001,3,validation,global_bounded_wgs_scalar,reference,1,CO_dry_vol_pct,63.271916524000005,87.38612704977442,24.11421052577441,0.05,1,0.0086720893897949,,,completed,poor,a2955d2a2f6e850b88d8b206f465d810e1ad86ab,87.52746639291158,-0.14133934313716168,-0.001614799890387414
R52-C-75,R52-C-75__P3__huayi_sy3sy2_phase3_wgs1__plateau_2022-10-09D_015__W001,3,validation,global_bounded_wgs_scalar,reference,1,H2_dry_vol_pct,26.64901363466667,3.2726578150244616e-19,-26.64901363466667,0.05,1,0.0086720893897949,,,completed,poor,a2955d2a2f6e850b88d8b206f465d810e1ad86ab,1.4117603974329144e-14,-1.4117276708547641e-14,-0.014117276708547642
R52-C-75,R52-C-75__P3__huayi_sy3sy2_phase3_wgs1__plateau_2022-10-09D_015__W001,3,validation,global_bounded_wgs_scalar,reference,1,CO2_dry_vol_pct,9.323292692,9.869619122978794,0.5463264309787927,0.05,1,0.0086720893897949,,,completed,poor,a2955d2a2f6e850b88d8b206f465d810e1ad86ab,9.750516114014166,0.11910300896462722,0.012215046626449191
R52-C-75,R52-C-75__P3__huayi_sy3sy2_phase3_wgs1__plateau_2022-10-09D_015__W001,3,validation,global_bounded_wgs_scalar,reference,1,H2_CO_ratio,0.4211808130725526,3.745054192824432e-21,-0.4211808130725526,0.05,1,0.0086720893897949,,,completed,poor,a2955d2a2f6e850b88d8b206f465d810e1ad86ab,1.6129341515445098e-16,-1.6128967010025817e-16,-0.00016128967010025817
R52-C-75,R52-C-75__P3__huayi_sy3sy2_phase3_wgs1__plateau_2022-10-09D_015__W001,3,validation,global_bounded_wgs_scalar,reference,1,dry_syngas_flow,134447.88973925493,134447.88973925493,0.0,0.05,1,0.0086720893897949,,,completed,poor,a2955d2a2f6e850b88d8b206f465d810e1ad86ab,62448.42131968523,71999.46841956969,1.1529429711439918
R52-C-75,R52-C-75__P3__huayi_sy3sy2_phase3_wgs1__shift_evening_handover_2022-10-09__W001,3,validation,global_bounded_wgs_scalar,reference,1,CO_dry_vol_pct,63.61560398533333,87.39443614254616,23.778832157212825,0.05,1,0.0086383110330828,,,completed,poor,a2955d2a2f6e850b88d8b206f465d810e1ad86ab,87.53757680276271,-0.14314066021655947,-0.0016351910281807332
R52-C-75,R52-C-75__P3__huayi_sy3sy2_phase3_wgs1__shift_evening_handover_2022-10-09__W001,3,validation,global_bounded_wgs_scalar,reference,1,H2_dry_vol_pct,26.73415048933333,2.469922345160716e-19,-26.73415048933333,0.05,1,0.0086383110330828,,,completed,poor,a2955d2a2f6e850b88d8b206f465d810e1ad86ab,7.209500557339129e-13,-7.209498087416784e-13,-0.7209498087416785
R52-C-75,R52-C-75__P3__huayi_sy3sy2_phase3_wgs1__shift_evening_handover_2022-10-09__W001,3,validation,global_bounded_wgs_scalar,reference,1,CO2_dry_vol_pct,8.884175634133333,9.866376147315568,0.9822005131822332,0.05,1,0.0086383110330828,,,completed,poor,a2955d2a2f6e850b88d8b206f465d810e1ad86ab,9.745672509354746,0.12070363796082262,0.012385357485074605
R52-C-75,R52-C-75__P3__huayi_sy3sy2_phase3_wgs1__shift_evening_handover_2022-10-09__W001,3,validation,global_bounded_wgs_scalar,reference,1,H2_CO_ratio,0.4202428252415836,2.826178020225576e-21,-0.4202428252415836,0.05,1,0.0086383110330828,,,completed,poor,a2955d2a2f6e850b88d8b206f465d810e1ad86ab,8.235892311233814e-15,-8.235889485055794e-15,-0.008235889485055794
R52-C-75,R52-C-75__P3__huayi_sy3sy2_phase3_wgs1__shift_evening_handover_2022-10-09__W001,3,validation,global_bounded_wgs_scalar,reference,1,dry_syngas_flow,135611.25904985415,135611.25904985415,0.0,0.05,1,0.0086383110330828,,,completed,poor,a2955d2a2f6e850b88d8b206f465d810e1ad86ab,62578.90028103948,73032.35876881468,1.1670444581293233
R52-C-75,R52-C-75__P3__huayi_sy3sy2_phase3_wgs1__plateau_2022-10-09N_016__W001,3,validation,global_bounded_wgs_scalar,reference,1,CO_dry_vol_pct,63.57898174133332,87.35241366306784,23.773431921734517,0.05,1,0.008760163469257,,,completed,poor,a2955d2a2f6e850b88d8b206f465d810e1ad86ab,87.49769246496784,-0.1452788019000053,-0.0016603729516429448
R52-C-75,R52-C-75__P3__huayi_sy3sy2_phase3_wgs1__plateau_2022-10-09N_016__W001,3,validation,global_bounded_wgs_scalar,reference,1,H2_dry_vol_pct,26.63288796133333,2.671716690037281e-18,-26.63288796133333,0.05,1,0.008760163469257,,,completed,poor,a2955d2a2f6e850b88d8b206f465d810e1ad86ab,7.432114099176255e-16,-7.405396932275883e-16,-0.0007405396932275883
R52-C-75,R52-C-75__P3__huayi_sy3sy2_phase3_wgs1__plateau_2022-10-09N_016__W001,3,validation,global_bounded_wgs_scalar,reference,1,CO2_dry_vol_pct,9.042767862133331,9.887167854393452,0.8443999922601204,0.05,1,0.008760163469257,,,completed,poor,a2955d2a2f6e850b88d8b206f465d810e1ad86ab,9.764928577700234,0.1222392766932181,0.012518194651456122
R52-C-75,R52-C-75__P3__huayi_sy3sy2_phase3_wgs1__plateau_2022-10-09N_016__W001,3,validation,global_bounded_wgs_scalar,reference,1,H2_CO_ratio,0.4188932190971368,3.058549361145895e-20,-0.4188932190971368,0.05,1,0.008760163469257,,,completed,poor,a2955d2a2f6e850b88d8b206f465d810e1ad86ab,8.494068688899322e-18,-8.463483195287864e-18,-8.463483195287864e-06
R52-C-75,R52-C-75__P3__huayi_sy3sy2_phase3_wgs1__plateau_2022-10-09N_016__W001,3,validation,global_bounded_wgs_scalar,reference,1,dry_syngas_flow,134664.33131861346,134664.33131861346,0.0,0.05,1,0.008760163469257,,,completed,poor,a2955d2a2f6e850b88d8b206f465d810e1ad86ab,62434.33297176395,72229.99834684952,1.1568954917723824
R52-C-75,R52-C-75__P3__huayi_sy3sy2_phase3_wgs1__plateau_2022-10-09N_016__W002,3,validation,global_bounded_wgs_scalar,reference,1,CO_dry_vol_pct,63.81169583733334,87.18488898628584,23.373193148952502,0.05,1,0.0092559457896693,,,completed,poor,a2955d2a2f6e850b88d8b206f465d810e1ad86ab,87.33853781802917,-0.15364883174332533,-0.0017592329294939012
R52-C-75,R52-C-75__P3__huayi_sy3sy2_phase3_wgs1__plateau_2022-10-09N_016__W002,3,validation,global_bounded_wgs_scalar,reference,1,H2_dry_vol_pct,26.68631851066667,5.676068243283269e-19,-26.68631851066667,0.05,1,0.0092559457896693,,,completed,poor,a2955d2a2f6e850b88d8b206f465d810e1ad86ab,2.1084494091931274e-14,-2.1083926485106947e-14,-0.021083926485106947
R52-C-75,R52-C-75__P3__huayi_sy3sy2_phase3_wgs1__plateau_2022-10-09N_016__W002,3,validation,global_bounded_wgs_scalar,reference,1,CO2_dry_vol_pct,8.74295436293333,9.969279872843702,1.226325509910371,0.05,1,0.0092559457896693,,,completed,poor,a2955d2a2f6e850b88d8b206f465d810e1ad86ab,9.840989984849251,0.12828988799445007,0.013036278686591435
R52-C-75,R52-C-75__P3__huayi_sy3sy2_phase3_wgs1__plateau_2022-10-09N_016__W002,3,validation,global_bounded_wgs_scalar,reference,1,H2_CO_ratio,0.4182040930376027,6.51038076584133e-21,-0.4182040930376027,0.05,1,0.0092559457896693,,,completed,poor,a2955d2a2f6e850b88d8b206f465d810e1ad86ab,2.4141111837549944e-16,-2.4140460799473357e-16,-0.00024140460799473357
R52-C-75,R52-C-75__P3__huayi_sy3sy2_phase3_wgs1__plateau_2022-10-09N_016__W002,3,validation,global_bounded_wgs_scalar,reference,1,dry_syngas_flow,134817.42750773233,134817.42750773233,0.0,0.05,1,0.0092559457896693,,,completed,poor,a2955d2a2f6e850b88d8b206f465d810e1ad86ab,61832.78254602915,72984.64496170318,1.180355176598634
R52-C-75,R52-C-75__P3__huayi_sy3sy2_phase3_wgs1__plateau_2022-10-09N_016__W003,3,validation,global_bounded_wgs_scalar,reference,1,CO_dry_vol_pct,63.38696185199999,87.02244246845902,23.635480616459027,0.05,1,0.0097564009511804,,,completed,poor,a2955d2a2f6e850b88d8b206f465d810e1ad86ab,87.18311277115657,-0.16067030269755378,-0.0018429062417086525
R52-C-75,R52-C-75__P3__huayi_sy3sy2_phase3_wgs1__plateau_2022-10-09N_016__W003,3,validation,global_bounded_wgs_scalar,reference,1,H2_dry_vol_pct,26.529362196,7.66118841731705e-19,-26.529362196,0.05,1,0.0097564009511804,,,completed,poor,a2955d2a2f6e850b88d8b206f465d810e1ad86ab,2.1483945973071342e-19,5.512793820009915e-19,5.512793820009915e-07
R52-C-75,R52-C-75__P3__huayi_sy3sy2_phase3_wgs1__plateau_2022-10-09N_016__W003,3,validation,global_bounded_wgs_scalar,reference,1,CO2_dry_vol_pct,9.348603313333337,10.047241307411864,0.6986379940785277,0.05,1,0.0097564009511804,,,completed,poor,a2955d2a2f6e850b88d8b206f465d810e1ad86ab,9.914091074537023,0.13315023287484173,0.013430402431627823
R52-C-75,R52-C-75__P3__huayi_sy3sy2_phase3_wgs1__plateau_2022-10-09N_016__W003,3,validation,global_bounded_wgs_scalar,reference,1,H2_CO_ratio,0.4185289784033095,8.80369270271151e-21,-0.4185289784033095,0.05,1,0.0097564009511804,,,completed,poor,a2955d2a2f6e850b88d8b206f465d810e1ad86ab,2.4642324975782505e-21,6.339460205133259e-21,6.3394602051332596e-09
R52-C-75,R52-C-75__P3__huayi_sy3sy2_phase3_wgs1__plateau_2022-10-09N_016__W003,3,validation,global_bounded_wgs_scalar,reference,1,dry_syngas_flow,134161.68516554768,134161.68516554768,0.0,0.05,1,0.0097564009511804,,,completed,poor,a2955d2a2f6e850b88d8b206f465d810e1ad86ab,61110.50874966662,73051.17641588105,1.1953946695997615
R52-C-75,R52-C-75__P3__huayi_sy3sy2_phase3_wgs1__plateau_2022-10-09N_017__W001,3,validation,global_bounded_wgs_scalar,reference,1,CO_dry_vol_pct,63.03101568400001,86.69437216683802,23.66335648283801,0.05,1,0.0107897320566039,,,completed,poor,a2955d2a2f6e850b88d8b206f465d810e1ad86ab,86.87364538955326,-0.1792732227152385,-0.002063608841454194
R52-C-75,R52-C-75__P3__huayi_sy3sy2_phase3_wgs1__plateau_2022-10-09N_017__W001,3,validation,global_bounded_wgs_scalar,reference,1,H2_dry_vol_pct,26.57533979866667,8.148236331657831e-21,-26.57533979866667,0.05,1,0.0107897320566039,,,completed,poor,a2955d2a2f6e850b88d8b206f465d810e1ad86ab,1.5266120670917293e-17,-1.5257972434585634e-17,-1.5257972434585634e-05
R52-C-75,R52-C-75__P3__huayi_sy3sy2_phase3_wgs1__plateau_2022-10-09N_017__W001,3,validation,global_bounded_wgs_scalar,reference,1,CO2_dry_vol_pct,9.648434968,10.202738923830006,0.5543039558300062,0.05,1,0.0107897320566039,,,completed,poor,a2955d2a2f6e850b88d8b206f465d810e1ad86ab,10.056327578478266,0.1464113453517406,0.014559126501117391
R52-C-75,R52-C-75__P3__huayi_sy3sy2_phase3_wgs1__plateau_2022-10-09N_017__W001,3,validation,global_bounded_wgs_scalar,reference,1,H2_CO_ratio,0.4216253343188261,9.398806552260448e-23,-0.4216253343188261,0.05,1,0.0107897320566039,,,completed,poor,a2955d2a2f6e850b88d8b206f465d810e1ad86ab,1.7572787008605347e-19,-1.7563388202053087e-19,-1.7563388202053088e-07
R52-C-75,R52-C-75__P3__huayi_sy3sy2_phase3_wgs1__plateau_2022-10-09N_017__W001,3,validation,global_bounded_wgs_scalar,reference,1,dry_syngas_flow,135171.3384146401,135171.3384146401,0.0,0.05,1,0.0107897320566039,,,completed,poor,a2955d2a2f6e850b88d8b206f465d810e1ad86ab,59902.89465911692,75268.44375552319,1.2565076226089802
R52-C-75,R52-C-75__P3__huayi_sy3sy2_phase3_wgs1__plateau_2022-10-09N_017__W002,3,validation,global_bounded_wgs_scalar,reference,1,CO_dry_vol_pct,63.31748898000001,86.39425901695009,23.07677003695008,0.05,1,0.0117856465611609,,,completed,poor,a2955d2a2f6e850b88d8b206f465d810e1ad86ab,86.5902270004911,-0.19596798354100997,-0.002263165143797331
R52-C-75,R52-C-75__P3__huayi_sy3sy2_phase3_wgs1__plateau_2022-10-09N_017__W002,3,validation,global_bounded_wgs_scalar,reference,1,H2_dry_vol_pct,26.751666024,1.8952388874732676e-20,-26.751666024,0.05,1,0.0117856465611609,,,completed,poor,a2955d2a2f6e850b88d8b206f465d810e1ad86ab,1.1811408719984263e-14,-1.1811389767595389e-14,-0.011811389767595389
R52-C-75,R52-C-75__P3__huayi_sy3sy2_phase3_wgs1__plateau_2022-10-09N_017__W002,3,validation,global_bounded_wgs_scalar,reference,1,CO2_dry_vol_pct,9.180358248266668,10.340561394877216,1.160203146610547,0.05,1,0.0117856465611609,,,completed,poor,a2955d2a2f6e850b88d8b206f465d810e1ad86ab,10.182612932460327,0.15794846241688987,0.015511584645762069
R52-C-75,R52-C-75__P3__huayi_sy3sy2_phase3_wgs1__plateau_2022-10-09N_017__W002,3,validation,global_bounded_wgs_scalar,reference,1,H2_CO_ratio,0.4225033692933648,2.1937092916109533e-22,-0.4225033692933648,0.05,1,0.0117856465611609,,,completed,poor,a2955d2a2f6e850b88d8b206f465d810e1ad86ab,1.3640579461602836e-16,-1.364055752450992e-16,-0.0001364055752450992
R52-C-75,R52-C-75__P3__huayi_sy3sy2_phase3_wgs1__plateau_2022-10-09N_017__W002,3,validation,global_bounded_wgs_scalar,reference,1,dry_syngas_flow,135246.86720652872,135246.86720652872,0.0,0.05,1,0.0117856465611609,,,completed,poor,a2955d2a2f6e850b88d8b206f465d810e1ad86ab,58835.22034081052,76411.64686571821,1.298739877629318
R52-C-75,R52-C-75__P3__huayi_sy3sy2_phase3_wgs1__plateau_2022-10-09N_017__W003,3,validation,global_bounded_wgs_scalar,reference,1,CO_dry_vol_pct,63.19876112666668,86.21524898754613,23.01648786087945,0.05,1,0.0124064073130561,,,completed,poor,a2955d2a2f6e850b88d8b206f465d810e1ad86ab,86.42022707288973,-0.20497808534359763,-0.002371876264230505
R52-C-75,R52-C-75__P3__huayi_sy3sy2_phase3_wgs1__plateau_2022-10-09N_017__W003,3,validation,global_bounded_wgs_scalar,reference,1,H2_dry_vol_pct,26.675932976,2.260509979328121e-20,-26.675932976,0.05,1,0.0124064073130561,,,completed,poor,a2955d2a2f6e850b88d8b206f465d810e1ad86ab,7.538354431236263e-15,-7.53833182613647e-15,-0.00753833182613647
R52-C-75,R52-C-75__P3__huayi_sy3sy2_phase3_wgs1__plateau_2022-10-09N_017__W003,3,validation,global_bounded_wgs_scalar,reference,1,CO2_dry_vol_pct,9.38341130573333,10.420466398826402,1.0370550930930715,0.05,1,0.0124064073130561,,,completed,poor,a2955d2a2f6e850b88d8b206f465d810e1ad86ab,10.256526764180105,0.16393963464629735,0.015983932808408412
R52-C-75,R52-C-75__P3__huayi_sy3sy2_phase3_wgs1__plateau_2022-10-09N_017__W003,3,validation,global_bounded_wgs_scalar,reference,1,H2_CO_ratio,0.4220973062465988,2.6219375410661445e-22,-0.4220973062465988,0.05,1,0.0124064073130561,,,completed,poor,a2955d2a2f6e850b88d8b206f465d810e1ad86ab,8.722905142193344e-17,-8.722878922817934e-17,-8.722878922817934e-05
R52-C-75,R52-C-75__P3__huayi_sy3sy2_phase3_wgs1__plateau_2022-10-09N_017__W003,3,validation,global_bounded_wgs_scalar,reference,1,dry_syngas_flow,135172.51831524185,135172.51831524185,0.0,0.05,1,0.0124064073130561,,,completed,poor,a2955d2a2f6e850b88d8b206f465d810e1ad86ab,58097.61364725058,77074.90466799127,1.3266449313385658
R52-C-75,R52-C-75__P4__huayi_sy3sy2_phase4_wgs1__shift_evening_handover_2022-10-10__W001,4,test,global_bounded_wgs_scalar,reference,1,CO_dry_vol_pct,64.01460700533333,82.80047041599278,18.785863410659445,0.05,1,0.0134254972160918,,,completed,poor,a2955d2a2f6e850b88d8b206f465d810e1ad86ab,83.07939122144148,-0.27892080544870623,-0.0033572803236516877
R52-C-75,R52-C-75__P4__huayi_sy3sy2_phase4_wgs1__shift_evening_handover_2022-10-10__W001,4,test,global_bounded_wgs_scalar,reference,1,H2_dry_vol_pct,26.57001626,2.191669734216e-20,-26.57001626,0.05,1,0.0134254972160918,,,completed,poor,a2955d2a2f6e850b88d8b206f465d810e1ad86ab,5.148656368989856e-15,-5.1486344522925136e-15,-0.005148634452292513
R52-C-75,R52-C-75__P4__huayi_sy3sy2_phase4_wgs1__shift_evening_handover_2022-10-10__W001,4,test,global_bounded_wgs_scalar,reference,1,CO2_dry_vol_pct,8.649984683066664,13.389225876124833,4.739241193058168,0.05,1,0.0134254972160918,,,completed,poor,a2955d2a2f6e850b88d8b206f465d810e1ad86ab,13.167521537598123,0.22170433852670968,0.016837211003882708
R52-C-75,R52-C-75__P4__huayi_sy3sy2_phase4_wgs1__shift_evening_handover_2022-10-10__W001,4,test,global_bounded_wgs_scalar,reference,1,H2_CO_ratio,0.4150645684105619,2.646929085311914e-22,-0.4150645684105619,0.05,1,0.0134254972160918,,,completed,poor,a2955d2a2f6e850b88d8b206f465d810e1ad86ab,6.197272624767464e-17,-6.19724615547661e-17,-6.197246155476611e-05
R52-C-75,R52-C-75__P4__huayi_sy3sy2_phase4_wgs1__shift_evening_handover_2022-10-10__W001,4,test,global_bounded_wgs_scalar,reference,1,dry_syngas_flow,135760.67350561445,135760.67350561445,0.0,0.05,1,0.0134254972160918,,,completed,poor,a2955d2a2f6e850b88d8b206f465d810e1ad86ab,54158.980333272746,81601.69317234171,1.5067066010142263
R52-C-75,R52-C-75__P4__huayi_sy3sy2_phase4_wgs1__plateau_2022-10-10N_005__W001,4,test,global_bounded_wgs_scalar,reference,1,CO_dry_vol_pct,63.82818893200001,82.81971867623305,18.99152974423304,0.05,1,0.0133466738293231,,,completed,poor,a2955d2a2f6e850b88d8b206f465d810e1ad86ab,83.10022341949006,-0.280504743257012,-0.0033754992672044167
R52-C-75,R52-C-75__P4__huayi_sy3sy2_phase4_wgs1__plateau_2022-10-10N_005__W001,4,test,global_bounded_wgs_scalar,reference,1,H2_dry_vol_pct,26.570929213333336,1.9671414555544336e-19,-26.570929213333336,0.05,1,0.0133466738293231,,,completed,poor,a2955d2a2f6e850b88d8b206f465d810e1ad86ab,1.7782971128128054e-17,-1.758625698257261e-17,-1.758625698257261e-05
R52-C-75,R52-C-75__P4__huayi_sy3sy2_phase4_wgs1__plateau_2022-10-10N_005__W001,4,test,global_bounded_wgs_scalar,reference,1,CO2_dry_vol_pct,8.839892853199999,13.381961885668296,4.542069032468296,0.05,1,0.0133466738293231,,,completed,poor,a2955d2a2f6e850b88d8b206f465d810e1ad86ab,13.158757962817813,0.22320392285048385,0.01696238531639403
R52-C-75,R52-C-75__P4__huayi_sy3sy2_phase4_wgs1__plateau_2022-10-10N_005__W001,4,test,global_bounded_wgs_scalar,reference,1,H2_CO_ratio,0.4162924484200933,2.3752090528640598e-21,-0.4162924484200933,0.05,1,0.0133466738293231,,,completed,poor,a2955d2a2f6e850b88d8b206f465d810e1ad86ab,2.139942637501657e-19,-2.1161905469730166e-19,-2.1161905469730166e-07
R52-C-75,R52-C-75__P4__huayi_sy3sy2_phase4_wgs1__plateau_2022-10-10N_005__W001,4,test,global_bounded_wgs_scalar,reference,1,dry_syngas_flow,135005.1046139279,135005.1046139279,0.0,0.05,1,0.0133466738293231,,,completed,poor,a2955d2a2f6e850b88d8b206f465d810e1ad86ab,54358.83584132297,80646.26877260492,1.4835908003625518
R52-C-75,R52-C-75__P4__huayi_sy3sy2_phase4_wgs1__plateau_2022-10-10N_005__W002,4,test,global_bounded_wgs_scalar,reference,1,CO_dry_vol_pct,64.31116436800001,82.90715807280725,18.59599370480724,0.05,1,0.0130801552090463,,,completed,poor,a2955d2a2f6e850b88d8b206f465d810e1ad86ab,83.17700556634318,-0.2698474935359343,-0.0032442559298519113
R52-C-75,R52-C-75__P4__huayi_sy3sy2_phase4_wgs1__plateau_2022-10-10N_005__W002,4,test,global_bounded_wgs_scalar,reference,1,H2_dry_vol_pct,26.508811098666666,1.2840925320953951e-20,-26.508811098666666,0.05,1,0.0130801552090463,,,completed,poor,a2955d2a2f6e850b88d8b206f465d810e1ad86ab,3.7933009808205197e-16,-3.7931725715673104e-16,-0.000379317257156731
R52-C-75,R52-C-75__P4__huayi_sy3sy2_phase4_wgs1__plateau_2022-10-10N_005__W002,4,test,global_bounded_wgs_scalar,reference,1,CO2_dry_vol_pct,8.3981092376,13.34137544118851,4.943266203588511,0.05,1,0.0130801552090463,,,completed,poor,a2955d2a2f6e850b88d8b206f465d810e1ad86ab,13.125961942419984,0.21541349876852678,0.01641125425423958
R52-C-75,R52-C-75__P4__huayi_sy3sy2_phase4_wgs1__plateau_2022-10-10N_005__W002,4,test,global_bounded_wgs_scalar,reference,1,H2_CO_ratio,0.4121971485284492,1.54883192470273e-22,-0.4121971485284492,0.05,1,0.0130801552090463,,,completed,poor,a2955d2a2f6e850b88d8b206f465d810e1ad86ab,4.560516401128348e-18,-4.560361517935878e-18,-4.560361517935878e-06
R52-C-75,R52-C-75__P4__huayi_sy3sy2_phase4_wgs1__plateau_2022-10-10N_005__W002,4,test,global_bounded_wgs_scalar,reference,1,dry_syngas_flow,135495.13680565485,135495.13680565485,0.0,0.05,1,0.0130801552090463,,,completed,poor,a2955d2a2f6e850b88d8b206f465d810e1ad86ab,54469.08585808664,81026.0509475682,1.4875603229081702
R52-C-75,R52-C-75__P4__huayi_sy3sy2_phase4_wgs1__plateau_2022-10-10N_005__W003,4,test,global_bounded_wgs_scalar,reference,1,CO_dry_vol_pct,64.49385571333333,82.9856201094181,18.49176439608476,0.05,1,0.0128255775967434,,,completed,poor,a2955d2a2f6e850b88d8b206f465d810e1ad86ab,83.24946731015652,-0.26384720073842516,-0.003169356024290567
R52-C-75,R52-C-75__P4__huayi_sy3sy2_phase4_wgs1__plateau_2022-10-10N_005__W003,4,test,global_bounded_wgs_scalar,reference,1,H2_dry_vol_pct,26.58790125466667,1.3208692292865532e-20,-26.58790125466667,0.05,1,0.0128255775967434,,,completed,poor,a2955d2a2f6e850b88d8b206f465d810e1ad86ab,1.0704776988676119e-14,-1.0704763779983825e-14,-0.010704763779983825
R52-C-75,R52-C-75__P4__huayi_sy3sy2_phase4_wgs1__plateau_2022-10-10N_005__W003,4,test,global_bounded_wgs_scalar,reference,1,CO2_dry_vol_pct,8.124114556799997,13.306142032443615,5.182027475643618,0.05,1,0.0128255775967434,,,completed,poor,a2955d2a2f6e850b88d8b206f465d810e1ad86ab,13.094861656936285,0.21128037550733048,0.016134601574459267
R52-C-75,R52-C-75__P4__huayi_sy3sy2_phase4_wgs1__plateau_2022-10-10N_005__W003,4,test,global_bounded_wgs_scalar,reference,1,H2_CO_ratio,0.4122555915079969,1.5916844720145036e-22,-0.4122555915079969,0.05,1,0.0128255775967434,,,completed,poor,a2955d2a2f6e850b88d8b206f465d810e1ad86ab,1.2858673255882953e-16,-1.2858657339038233e-16,-0.00012858657339038233
R52-C-75,R52-C-75__P4__huayi_sy3sy2_phase4_wgs1__plateau_2022-10-10N_005__W003,4,test,global_bounded_wgs_scalar,reference,1,dry_syngas_flow,135364.9627240593,135364.9627240593,0.0,0.05,1,0.0128255775967434,,,completed,poor,a2955d2a2f6e850b88d8b206f465d810e1ad86ab,54726.16781224125,80638.79491181805,1.473496101325418
R52-C-75,R52-C-75__P4__huayi_sy3sy2_phase4_wgs1__plateau_2022-10-10N_006__W001,4,test,global_bounded_wgs_scalar,reference,1,CO_dry_vol_pct,63.77916357866667,82.7454179873337,18.966254408667027,0.05,1,0.0136186316761181,,,completed,poor,a2955d2a2f6e850b88d8b206f465d810e1ad86ab,83.02640173168263,-0.28098374434893003,-0.0033842698044049702
R52-C-75,R52-C-75__P4__huayi_sy3sy2_phase4_wgs1__plateau_2022-10-10N_006__W001,4,test,global_bounded_wgs_scalar,reference,1,H2_dry_vol_pct,26.443332844,1.279187022198859e-18,-26.443332844,0.05,1,0.0136186316761181,,,completed,poor,a2955d2a2f6e850b88d8b206f465d810e1ad86ab,6.858849093852924e-16,-6.846057223630936e-16,-0.0006846057223630936
R52-C-75,R52-C-75__P4__huayi_sy3sy2_phase4_wgs1__plateau_2022-10-10N_006__W001,4,test,global_bounded_wgs_scalar,reference,1,CO2_dry_vol_pct,9.051822255066666,13.412694985354372,4.360872730287706,0.05,1,0.0136186316761181,,,completed,poor,a2955d2a2f6e850b88d8b206f465d810e1ad86ab,13.189864516422045,0.22283046893232772,0.01689406806680179
R52-C-75,R52-C-75__P4__huayi_sy3sy2_phase4_wgs1__plateau_2022-10-10N_006__W001,4,test,global_bounded_wgs_scalar,reference,1,H2_CO_ratio,0.4146093339609317,1.5459309449553703e-20,-0.4146093339609317,0.05,1,0.0136186316761181,,,completed,poor,a2955d2a2f6e850b88d8b206f465d810e1ad86ab,8.261045824939812e-18,-8.245586515490259e-18,-8.24558651549026e-06
R52-C-75,R52-C-75__P4__huayi_sy3sy2_phase4_wgs1__plateau_2022-10-10N_006__W001,4,test,global_bounded_wgs_scalar,reference,1,dry_syngas_flow,133351.22348692224,133351.22348692224,0.0,0.05,1,0.0136186316761181,,,completed,poor,a2955d2a2f6e850b88d8b206f465d810e1ad86ab,53895.523444243234,79455.700042679,1.4742541674148253
R52-C-75,R52-C-75__P4__huayi_sy3sy2_phase4_wgs1__plateau_2022-10-11D_007__W001,4,test,global_bounded_wgs_scalar,reference,1,CO_dry_vol_pct,63.626893033333324,82.93918504175628,19.31229200842295,0.05,1,0.0129396000162892,,,completed,poor,a2955d2a2f6e850b88d8b206f465d810e1ad86ab,83.2138957317649,-0.27471069000861803,-0.003301259814756562
R52-C-75,R52-C-75__P4__huayi_sy3sy2_phase4_wgs1__plateau_2022-10-11D_007__W001,4,test,global_bounded_wgs_scalar,reference,1,H2_dry_vol_pct,26.43668682133333,2.625983603684336e-22,-26.43668682133333,0.05,1,0.0129396000162892,,,completed,poor,a2955d2a2f6e850b88d8b206f465d810e1ad86ab,1.1246456049790277e-16,-1.1246429789954242e-16,-0.00011246429789954242
R52-C-75,R52-C-75__P4__huayi_sy3sy2_phase4_wgs1__plateau_2022-10-11D_007__W001,4,test,global_bounded_wgs_scalar,reference,1,CO2_dry_vol_pct,9.1923174696,13.33002356840772,4.137706098807719,0.05,1,0.0129396000162892,,,completed,poor,a2955d2a2f6e850b88d8b206f465d810e1ad86ab,13.110315682746213,0.21970788566150645,0.016758397812697393
R52-C-75,R52-C-75__P4__huayi_sy3sy2_phase4_wgs1__plateau_2022-10-11D_007__W001,4,test,global_bounded_wgs_scalar,reference,1,H2_CO_ratio,0.4154965959629,3.1661555419941334e-24,-0.4154965959629,0.05,1,0.0129396000162892,,,completed,poor,a2955d2a2f6e850b88d8b206f465d810e1ad86ab,1.3515117818834691e-18,-1.3515086157279272e-18,-1.3515086157279273e-06
R52-C-75,R52-C-75__P4__huayi_sy3sy2_phase4_wgs1__plateau_2022-10-11D_007__W001,4,test,global_bounded_wgs_scalar,reference,1,dry_syngas_flow,136035.22563336554,136035.22563336554,0.0,0.05,1,0.0129396000162892,,,completed,poor,a2955d2a2f6e850b88d8b206f465d810e1ad86ab,55407.49731611876,80627.72831724677,1.455177227320663
R52-C-75,R52-C-75__P4__huayi_sy3sy2_phase4_wgs1__plateau_2022-10-11D_007__W002,4,test,global_bounded_wgs_scalar,reference,1,CO_dry_vol_pct,64.09863798533333,82.75159550902302,18.652957523689693,0.05,1,0.0135768944520477,,,completed,poor,a2955d2a2f6e850b88d8b206f465d810e1ad86ab,83.03631040935619,-0.2847149003331708,-0.003428799990384572
R52-C-75,R52-C-75__P4__huayi_sy3sy2_phase4_wgs1__plateau_2022-10-11D_007__W002,4,test,global_bounded_wgs_scalar,reference,1,H2_dry_vol_pct,26.54015314933333,7.233569570014383e-20,-26.54015314933333,0.05,1,0.0135768944520477,,,completed,poor,a2955d2a2f6e850b88d8b206f465d810e1ad86ab,5.0302947293545065e-19,-4.3069377723530683e-19,-4.3069377723530685e-07
R52-C-75,R52-C-75__P4__huayi_sy3sy2_phase4_wgs1__plateau_2022-10-11D_007__W002,4,test,global_bounded_wgs_scalar,reference,1,CO2_dry_vol_pct,8.621761675599998,13.411688933596784,4.789927257996787,0.05,1,0.0135768944520477,,,completed,poor,a2955d2a2f6e850b88d8b206f465d810e1ad86ab,13.185783083165992,0.2259058504307916,0.017132531985847754
R52-C-75,R52-C-75__P4__huayi_sy3sy2_phase4_wgs1__plateau_2022-10-11D_007__W002,4,test,global_bounded_wgs_scalar,reference,1,H2_CO_ratio,0.4140545108796176,8.741305258852264e-22,-0.4140545108796176,0.05,1,0.0135768944520477,,,completed,poor,a2955d2a2f6e850b88d8b206f465d810e1ad86ab,6.0579458607396334e-21,-5.183815334854407e-21,-5.1838153348544075e-09
R52-C-75,R52-C-75__P4__huayi_sy3sy2_phase4_wgs1__plateau_2022-10-11D_007__W002,4,test,global_bounded_wgs_scalar,reference,1,dry_syngas_flow,137970.48403627425,137970.48403627425,0.0,0.05,1,0.0135768944520477,,,completed,poor,a2955d2a2f6e850b88d8b206f465d810e1ad86ab,54633.435763540525,83337.04827273372,1.525385455043054
R52-C-75,R52-C-75__P4__huayi_sy3sy2_phase4_wgs1__plateau_2022-10-11D_007__W003,4,test,global_bounded_wgs_scalar,reference,1,CO_dry_vol_pct,64.07335221866667,82.92297656704483,18.84962434837816,0.05,1,0.013014446367597,,,completed,poor,a2955d2a2f6e850b88d8b206f465d810e1ad86ab,83.19444027782924,-0.2714637107844169,-0.003263003030946049
R52-C-75,R52-C-75__P4__huayi_sy3sy2_phase4_wgs1__plateau_2022-10-11D_007__W003,4,test,global_bounded_wgs_scalar,reference,1,H2_dry_vol_pct,26.416445604,1.3837586393103554e-18,-26.416445604,0.05,1,0.013014446367597,,,completed,poor,a2955d2a2f6e850b88d8b206f465d810e1ad86ab,2.1149798688165956e-17,-1.97660400488556e-17,-1.9766040048855603e-05
R52-C-75,R52-C-75__P4__huayi_sy3sy2_phase4_wgs1__plateau_2022-10-11D_007__W003,4,test,global_bounded_wgs_scalar,reference,1,CO2_dry_vol_pct,8.779726567466666,13.335445879483734,4.555719312017068,0.05,1,0.013014446367597,,,completed,poor,a2955d2a2f6e850b88d8b206f465d810e1ad86ab,13.118546525301793,0.2168993541819404,0.01653379463674621
R52-C-75,R52-C-75__P4__huayi_sy3sy2_phase4_wgs1__plateau_2022-10-11D_007__W003,4,test,global_bounded_wgs_scalar,reference,1,H2_CO_ratio,0.4122867225679864,1.6687276513663975e-20,-0.4122867225679864,0.05,1,0.013014446367597,,,completed,poor,a2955d2a2f6e850b88d8b206f465d810e1ad86ab,2.5422129913412294e-19,-2.3753402262045896e-19,-2.3753402262045895e-07
R52-C-75,R52-C-75__P4__huayi_sy3sy2_phase4_wgs1__plateau_2022-10-11D_007__W003,4,test,global_bounded_wgs_scalar,reference,1,dry_syngas_flow,136825.0943745475,136825.0943745475,0.0,0.05,1,0.013014446367597,,,completed,poor,a2955d2a2f6e850b88d8b206f465d810e1ad86ab,55220.314898154415,81604.7794763931,1.4778035878082345
R52-C-75,R52-C-75__P4__huayi_sy3sy2_phase4_wgs1__plateau_2022-10-11D_008__W001,4,test,global_bounded_wgs_scalar,reference,1,CO_dry_vol_pct,64.444292672,82.54622877960612,18.10193610760612,0.05,1,0.0142631707831138,,,completed,poor,a2955d2a2f6e850b88d8b206f465d810e1ad86ab,82.84726897567137,-0.30104019606524446,-0.0036336767619177266
R52-C-75,R52-C-75__P4__huayi_sy3sy2_phase4_wgs1__plateau_2022-10-11D_008__W001,4,test,global_bounded_wgs_scalar,reference,1,H2_dry_vol_pct,26.184946909333338,1.0908172391681682e-17,-26.184946909333338,0.05,1,0.0142631707831138,,,completed,poor,a2955d2a2f6e850b88d8b206f465d810e1ad86ab,6.070298863978478e-17,-4.97948162481031e-17,-4.9794816248103096e-05
R52-C-75,R52-C-75__P4__huayi_sy3sy2_phase4_wgs1__plateau_2022-10-11D_008__W001,4,test,global_bounded_wgs_scalar,reference,1,CO2_dry_vol_pct,8.629577009866667,13.50180649988866,4.872229490021992,0.05,1,0.0142631707831138,,,completed,poor,a2955d2a2f6e850b88d8b206f465d810e1ad86ab,13.264825547386822,0.23698095250183826,0.017865365183677342
R52-C-75,R52-C-75__P4__huayi_sy3sy2_phase4_wgs1__plateau_2022-10-11D_008__W001,4,test,global_bounded_wgs_scalar,reference,1,H2_CO_ratio,0.406323052860725,1.3214622343082325e-19,-0.406323052860725,0.05,1,0.0142631707831138,,,completed,poor,a2955d2a2f6e850b88d8b206f465d810e1ad86ab,7.327095918829937e-19,-6.005633684521705e-19,-6.005633684521704e-07
R52-C-75,R52-C-75__P4__huayi_sy3sy2_phase4_wgs1__plateau_2022-10-11D_008__W001,4,test,global_bounded_wgs_scalar,reference,1,dry_syngas_flow,137156.36284060925,137156.36284060925,0.0,0.05,1,0.0142631707831138,,,completed,poor,a2955d2a2f6e850b88d8b206f465d810e1ad86ab,53993.89877367545,83162.4640669338,1.540219653622779
R52-C-75,R52-C-75__P4__huayi_sy3sy2_phase4_wgs1__plateau_2022-10-11D_008__W002,4,test,global_bounded_wgs_scalar,reference,1,CO_dry_vol_pct,64.04580293866667,82.38796289713241,18.342159958465743,0.05,1,0.014822966766696,,,completed,poor,a2955d2a2f6e850b88d8b206f465d810e1ad86ab,82.69777404924864,-0.30981115211622523,-0.0037463058187240297
R52-C-75,R52-C-75__P4__huayi_sy3sy2_phase4_wgs1__plateau_2022-10-11D_008__W002,4,test,global_bounded_wgs_scalar,reference,1,H2_dry_vol_pct,26.15345603733333,5.193043058500369e-18,-26.15345603733333,0.05,1,0.014822966766696,,,completed,poor,a2955d2a2f6e850b88d8b206f465d810e1ad86ab,2.1888344972536944e-13,-2.1887825668231095e-13,-0.21887825668231095
R52-C-75,R52-C-75__P4__huayi_sy3sy2_phase4_wgs1__plateau_2022-10-11D_008__W002,4,test,global_bounded_wgs_scalar,reference,1,CO2_dry_vol_pct,9.0779215036,13.568523464265372,4.490601960665371,0.05,1,0.014822966766696,,,completed,poor,a2955d2a2f6e850b88d8b206f465d810e1ad86ab,13.326243081542824,0.24228038272254793,0.018180696632955184
R52-C-75,R52-C-75__P4__huayi_sy3sy2_phase4_wgs1__plateau_2022-10-11D_008__W002,4,test,global_bounded_wgs_scalar,reference,1,H2_CO_ratio,0.4083561392281232,6.303157495208706e-20,-0.4083561392281232,0.05,1,0.014822966766696,,,completed,poor,a2955d2a2f6e850b88d8b206f465d810e1ad86ab,2.646787682519952e-15,-2.646724650945e-15,-0.0026467246509449998
R52-C-75,R52-C-75__P4__huayi_sy3sy2_phase4_wgs1__plateau_2022-10-11D_008__W002,4,test,global_bounded_wgs_scalar,reference,1,dry_syngas_flow,135991.79501952455,135991.79501952455,0.0,0.05,1,0.014822966766696,,,completed,poor,a2955d2a2f6e850b88d8b206f465d810e1ad86ab,53348.67724502425,82643.11777450031,1.549112781089775
R52-C-75,R52-C-75__P4__huayi_sy3sy2_phase4_wgs1__plateau_2022-10-11D_008__W003,4,test,global_bounded_wgs_scalar,reference,1,CO_dry_vol_pct,64.256238388,82.24842749350938,17.992189105509382,0.05,1,0.0153143084610089,,,completed,poor,a2955d2a2f6e850b88d8b206f465d810e1ad86ab,82.5678652035833,-0.3194377100739132,-0.0038687897438827107
R52-C-75,R52-C-75__P4__huayi_sy3sy2_phase4_wgs1__plateau_2022-10-11D_008__W003,4,test,global_bounded_wgs_scalar,reference,1,H2_dry_vol_pct,26.36602994,3.512196828340191e-15,-26.36602994,0.05,1,0.0153143084610089,,,completed,poor,a2955d2a2f6e850b88d8b206f465d810e1ad86ab,3.620563280026493e-18,3.5085762650601642e-15,0.003508576265060164
R52-C-75,R52-C-75__P4__huayi_sy3sy2_phase4_wgs1__plateau_2022-10-11D_008__W003,4,test,global_bounded_wgs_scalar,reference,1,CO2_dry_vol_pct,8.608786961733331,13.627345573385984,5.018558611652653,0.05,1,0.0153143084610089,,,completed,poor,a2955d2a2f6e850b88d8b206f465d810e1ad86ab,13.37890534228346,0.24844023110252422,0.018569548460541048
R52-C-75,R52-C-75__P4__huayi_sy3sy2_phase4_wgs1__plateau_2022-10-11D_008__W003,4,test,global_bounded_wgs_scalar,reference,1,H2_CO_ratio,0.4103342401837222,4.2702297604624177e-17,-0.4103342401837221,0.05,1,0.0153143084610089,,,completed,poor,a2955d2a2f6e850b88d8b206f465d810e1ad86ab,4.384954450620055e-20,4.2658448060117973e-17,4.2658448060117976e-05
R52-C-75,R52-C-75__P4__huayi_sy3sy2_phase4_wgs1__plateau_2022-10-11D_008__W003,4,test,global_bounded_wgs_scalar,reference,1,dry_syngas_flow,136978.1755701889,136978.1755701889,0.0,0.05,1,0.0153143084610089,,,completed,poor,a2955d2a2f6e850b88d8b206f465d810e1ad86ab,52896.43619335379,84081.73937683512,1.589553955383475
R52-C-75,R52-C-75__P4__huayi_sy3sy2_phase4_wgs1__shift_evening_handover_2022-10-11__W001,4,test,global_bounded_wgs_scalar,reference,1,CO_dry_vol_pct,64.19336817733334,82.20128747270648,18.007919295373142,0.05,1,0.0154865449158327,,,completed,poor,a2955d2a2f6e850b88d8b206f465d810e1ad86ab,82.52309753298853,-0.32181006028204706,-0.0038996362218881057
R52-C-75,R52-C-75__P4__huayi_sy3sy2_phase4_wgs1__shift_evening_handover_2022-10-11__W001,4,test,global_bounded_wgs_scalar,reference,1,H2_dry_vol_pct,26.30245188,1.5707895090183933e-22,-26.30245188,0.05,1,0.0154865449158327,,,completed,poor,a2955d2a2f6e850b88d8b206f465d810e1ad86ab,4.846632592135323e-16,-4.846631021345814e-16,-0.0004846631021345814
R52-C-75,R52-C-75__P4__huayi_sy3sy2_phase4_wgs1__shift_evening_handover_2022-10-11__W001,4,test,global_bounded_wgs_scalar,reference,1,CO2_dry_vol_pct,8.784614966399998,13.646721669746512,4.862106703346514,0.05,1,0.0154865449158327,,,completed,poor,a2955d2a2f6e850b88d8b206f465d810e1ad86ab,13.396878929666833,0.24984274007967855,0.018649324323325202
R52-C-75,R52-C-75__P4__huayi_sy3sy2_phase4_wgs1__shift_evening_handover_2022-10-11__W001,4,test,global_bounded_wgs_scalar,reference,1,H2_CO_ratio,0.409741372657507,1.9109062124360853e-24,-0.409741372657507,0.05,1,0.0154865449158327,,,completed,poor,a2955d2a2f6e850b88d8b206f465d810e1ad86ab,5.873061890579042e-18,-5.87305997967283e-18,-5.87305997967283e-06
R52-C-75,R52-C-75__P4__huayi_sy3sy2_phase4_wgs1__shift_evening_handover_2022-10-11__W001,4,test,global_bounded_wgs_scalar,reference,1,dry_syngas_flow,136616.59951076444,136616.59951076444,0.0,0.05,1,0.0154865449158327,,,completed,poor,a2955d2a2f6e850b88d8b206f465d810e1ad86ab,52782.87087163781,83833.72863912664,1.588275272919526
R52-C-75,R52-C-75__P4__huayi_sy3sy2_phase4_wgs1__plateau_2022-10-11N_009__W001,4,test,global_bounded_wgs_scalar,reference,1,CO_dry_vol_pct,63.91786433733334,82.22439402774503,18.306529690411693,0.05,1,0.0154035032283617,,,completed,poor,a2955d2a2f6e850b88d8b206f465d810e1ad86ab,82.54475145439623,-0.32035742665119926,-0.003881015097951905
R52-C-75,R52-C-75__P4__huayi_sy3sy2_phase4_wgs1__plateau_2022-10-11N_009__W001,4,test,global_bounded_wgs_scalar,reference,1,H2_dry_vol_pct,26.21391532,1.5688416994186112e-20,-26.21391532,0.05,1,0.0154035032283617,,,completed,poor,a2955d2a2f6e850b88d8b206f465d810e1ad86ab,1.571508717145849e-16,-1.5713518329759072e-16,-0.0001571351832975907
R52-C-75,R52-C-75__P4__huayi_sy3sy2_phase4_wgs1__plateau_2022-10-11N_009__W001,4,test,global_bounded_wgs_scalar,reference,1,CO2_dry_vol_pct,9.138149151733332,13.637130614276836,4.498981462543503,0.05,1,0.0154035032283617,,,completed,poor,a2955d2a2f6e850b88d8b206f465d810e1ad86ab,13.388187144478383,0.24894346979845317,0.018594262771500288
R52-C-75,R52-C-75__P4__huayi_sy3sy2_phase4_wgs1__plateau_2022-10-11N_009__W001,4,test,global_bounded_wgs_scalar,reference,1,H2_CO_ratio,0.410123458800239,1.9080003178731068e-22,-0.410123458800239,0.05,1,0.0154035032283617,,,completed,poor,a2955d2a2f6e850b88d8b206f465d810e1ad86ab,1.9038263359652437e-18,-1.9036355359334563e-18,-1.9036355359334563e-06
R52-C-75,R52-C-75__P4__huayi_sy3sy2_phase4_wgs1__plateau_2022-10-11N_009__W001,4,test,global_bounded_wgs_scalar,reference,1,dry_syngas_flow,135307.58787081367,135307.58787081367,0.0,0.05,1,0.0154035032283617,,,completed,poor,a2955d2a2f6e850b88d8b206f465d810e1ad86ab,52852.561573709936,82455.02629710373,1.5600951749918348
R52-C-75,R52-C-75__P4__huayi_sy3sy2_phase4_wgs1__plateau_2022-10-11N_009__W002,4,test,global_bounded_wgs_scalar,reference,1,CO_dry_vol_pct,63.931436388,82.4982106367721,18.5667742487721,0.05,1,0.0144427463530298,,,completed,poor,a2955d2a2f6e850b88d8b206f465d810e1ad86ab,82.79983435913931,-0.3016237223672107,-0.0036428058667235482
R52-C-75,R52-C-75__P4__huayi_sy3sy2_phase4_wgs1__plateau_2022-10-11N_009__W002,4,test,global_bounded_wgs_scalar,reference,1,H2_dry_vol_pct,26.263043389333337,3.5837365696569814e-21,-26.263043389333337,0.05,1,0.0144427463530298,,,completed,poor,a2955d2a2f6e850b88d8b206f465d810e1ad86ab,7.569567778497084e-15,-7.569564194760514e-15,-0.007569564194760514
R52-C-75,R52-C-75__P4__huayi_sy3sy2_phase4_wgs1__plateau_2022-10-11N_009__W002,4,test,global_bounded_wgs_scalar,reference,1,CO2_dry_vol_pct,9.063825851066666,13.521268086704149,4.457442235637483,0.05,1,0.0144427463530298,,,completed,poor,a2955d2a2f6e850b88d8b206f465d810e1ad86ab,13.284362326293556,0.2369057604105933,0.017833431111833574
R52-C-75,R52-C-75__P4__huayi_sy3sy2_phase4_wgs1__plateau_2022-10-11N_009__W002,4,test,global_bounded_wgs_scalar,reference,1,H2_CO_ratio,0.4108069567492254,4.3440173332190977e-23,-0.4108069567492254,0.05,1,0.0144427463530298,,,completed,poor,a2955d2a2f6e850b88d8b206f465d810e1ad86ab,9.14200835917683e-17,-9.142004015159496e-17,-9.142004015159497e-05
R52-C-75,R52-C-75__P4__huayi_sy3sy2_phase4_wgs1__plateau_2022-10-11N_009__W002,4,test,global_bounded_wgs_scalar,reference,1,dry_syngas_flow,136523.3210220265,136523.3210220265,0.0,0.05,1,0.0144427463530298,,,completed,poor,a2955d2a2f6e850b88d8b206f465d810e1ad86ab,53816.23519202521,82707.08583000129,1.5368426560291473
R52-C-75,R52-C-75__P4__huayi_sy3sy2_phase4_wgs1__plateau_2022-10-11N_009__W003,4,test,global_bounded_wgs_scalar,reference,1,CO_dry_vol_pct,64.51372475733334,82.41279002372961,17.899065266396278,0.05,1,0.0147527256086831,,,completed,poor,a2955d2a2f6e850b88d8b206f465d810e1ad86ab,82.71772342853852,-0.3049334048089065,-0.00368643371903658
R52-C-75,R52-C-75__P4__huayi_sy3sy2_phase4_wgs1__plateau_2022-10-11N_009__W003,4,test,global_bounded_wgs_scalar,reference,1,H2_dry_vol_pct,26.241503150666663,4.2096400213378486e-21,-26.241503150666663,0.05,1,0.0147527256086831,,,completed,poor,a2955d2a2f6e850b88d8b206f465d810e1ad86ab,5.798733669770872e-19,-5.756637269557493e-19,-5.756637269557494e-07
R52-C-75,R52-C-75__P4__huayi_sy3sy2_phase4_wgs1__plateau_2022-10-11N_009__W003,4,test,global_bounded_wgs_scalar,reference,1,CO2_dry_vol_pct,8.492468518533332,13.556675644269037,5.064207125735704,0.05,1,0.0147527256086831,,,completed,poor,a2955d2a2f6e850b88d8b206f465d810e1ad86ab,13.31801787457277,0.23865776969626573,0.017919916608005126
R52-C-75,R52-C-75__P4__huayi_sy3sy2_phase4_wgs1__plateau_2022-10-11N_009__W003,4,test,global_bounded_wgs_scalar,reference,1,H2_CO_ratio,0.4067595263541621,5.107993577363104e-23,-0.4067595263541621,0.05,1,0.0147527256086831,,,completed,poor,a2955d2a2f6e850b88d8b206f465d810e1ad86ab,7.010267484912726e-21,-6.959187549139095e-21,-6.959187549139095e-09
R52-C-75,R52-C-75__P4__huayi_sy3sy2_phase4_wgs1__plateau_2022-10-11N_009__W003,4,test,global_bounded_wgs_scalar,reference,1,dry_syngas_flow,138279.71452432888,138279.71452432888,0.0,0.05,1,0.0147527256086831,,,completed,poor,a2955d2a2f6e850b88d8b206f465d810e1ad86ab,53534.43149526929,84745.28302905959,1.5830051923975008
R52-C-75,R52-C-75__P4__huayi_sy3sy2_phase4_wgs1__plateau_2022-10-11N_009__W004,4,test,global_bounded_wgs_scalar,reference,1,CO_dry_vol_pct,64.815687,82.41244601356719,17.596759013567194,0.05,1,0.0147405931971115,,,completed,poor,a2955d2a2f6e850b88d8b206f465d810e1ad86ab,82.71996539964181,-0.3075193860746168,-0.0037175956806668156
R52-C-75,R52-C-75__P4__huayi_sy3sy2_phase4_wgs1__plateau_2022-10-11N_009__W004,4,test,global_bounded_wgs_scalar,reference,1,H2_dry_vol_pct,26.31384755466667,1.3665756364726325e-19,-26.31384755466667,0.05,1,0.0147405931971115,,,completed,poor,a2955d2a2f6e850b88d8b206f465d810e1ad86ab,3.061316817096197e-16,-3.0599502414597243e-16,-0.0003059950241459724
R52-C-75,R52-C-75__P4__huayi_sy3sy2_phase4_wgs1__plateau_2022-10-11N_009__W004,4,test,global_bounded_wgs_scalar,reference,1,CO2_dry_vol_pct,8.0893161844,13.557877762103196,5.468561577703197,0.05,1,0.0147405931971115,,,completed,poor,a2955d2a2f6e850b88d8b206f465d810e1ad86ab,13.317160881583428,0.24071688051976814,0.018075690656606875
R52-C-75,R52-C-75__P4__huayi_sy3sy2_phase4_wgs1__plateau_2022-10-11N_009__W004,4,test,global_bounded_wgs_scalar,reference,1,H2_CO_ratio,0.4059818060279888,1.6582151150417977e-21,-0.4059818060279888,0.05,1,0.0147405931971115,,,completed,poor,a2955d2a2f6e850b88d8b206f465d810e1ad86ab,3.700819750475201e-18,-3.699161535360159e-18,-3.6991615353601593e-06
R52-C-75,R52-C-75__P4__huayi_sy3sy2_phase4_wgs1__plateau_2022-10-11N_009__W004,4,test,global_bounded_wgs_scalar,reference,1,dry_syngas_flow,138936.53846362265,138936.53846362265,0.0,0.05,1,0.0147405931971115,,,completed,poor,a2955d2a2f6e850b88d8b206f465d810e1ad86ab,53531.18827751755,85405.3501861051,1.5954316153668182
R52-C-75,R52-C-75__P4__huayi_sy3sy2_phase4_wgs1__plateau_2022-10-11N_009__W005,4,test,global_bounded_wgs_scalar,reference,1,CO_dry_vol_pct,64.46017079333336,82.34790423855607,17.887733445222707,0.05,1,0.0149510880574876,,,completed,poor,a2955d2a2f6e850b88d8b206f465d810e1ad86ab,82.6627730819824,-0.31486884342632493,-0.003809076706319152
R52-C-75,R52-C-75__P4__huayi_sy3sy2_phase4_wgs1__plateau_2022-10-11N_009__W005,4,test,global_bounded_wgs_scalar,reference,1,H2_dry_vol_pct,26.17235382933333,2.0710619906053552e-19,-26.17235382933333,0.05,1,0.0149510880574876,,,completed,poor,a2955d2a2f6e850b88d8b206f465d810e1ad86ab,7.339324929003167e-16,-7.337253867012561e-16,-0.000733725386701256
R52-C-75,R52-C-75__P4__huayi_sy3sy2_phase4_wgs1__plateau_2022-10-11N_009__W005,4,test,global_bounded_wgs_scalar,reference,1,CO2_dry_vol_pct,8.628939237866666,13.586451132573648,4.957511894706981,0.05,1,0.0149510880574876,,,completed,poor,a2955d2a2f6e850b88d8b206f465d810e1ad86ab,13.340534844225207,0.24591628834844137,0.018433765304011973
R52-C-75,R52-C-75__P4__huayi_sy3sy2_phase4_wgs1__plateau_2022-10-11N_009__W005,4,test,global_bounded_wgs_scalar,reference,1,H2_CO_ratio,0.4060283721132489,2.5150148139843785e-21,-0.4060283721132489,0.05,1,0.0149510880574876,,,completed,poor,a2955d2a2f6e850b88d8b206f465d810e1ad86ab,8.878633821931246e-18,-8.876118807117263e-18,-8.876118807117262e-06
R52-C-75,R52-C-75__P4__huayi_sy3sy2_phase4_wgs1__plateau_2022-10-11N_009__W005,4,test,global_bounded_wgs_scalar,reference,1,dry_syngas_flow,137489.2152743003,137489.2152743003,0.0,0.05,1,0.0149510880574876,,,completed,poor,a2955d2a2f6e850b88d8b206f465d810e1ad86ab,53370.162268080305,84119.05300622,1.5761438495106475
R52-C-75,R52-C-75__P1__huayi_sy3_phase1_wgs1__shift_morning_handover_2022-09-28__W001,1,train,low_capacity_alpha_wgs_xt,reference,1,CO_dry_vol_pct,61.58272897733334,79.72761511736593,18.14488614003259,0.0531780817495797,1,0.0051152128203926,,,completed,poor,a2955d2a2f6e850b88d8b206f465d810e1ad86ab,79.84411292758917,-0.1164978102232368,-0.0014590657463861983
R52-C-75,R52-C-75__P1__huayi_sy3_phase1_wgs1__shift_morning_handover_2022-09-28__W001,1,train,low_capacity_alpha_wgs_xt,reference,1,H2_dry_vol_pct,28.04748375466668,1.757295896918931e-15,-28.04748375466668,0.0531780817495797,1,0.0051152128203926,,,completed,poor,a2955d2a2f6e850b88d8b206f465d810e1ad86ab,4.159132496477343e-17,1.7157045719541574e-15,0.0017157045719541574
R52-C-75,R52-C-75__P1__huayi_sy3_phase1_wgs1__shift_morning_handover_2022-09-28__W001,1,train,low_capacity_alpha_wgs_xt,reference,1,CO2_dry_vol_pct,9.640943049733332,17.640630257812454,7.999687208079122,0.0531780817495797,1,0.0051152128203926,,,completed,poor,a2955d2a2f6e850b88d8b206f465d810e1ad86ab,17.53228332881843,0.10834692899402398,0.006179852730073689
R52-C-75,R52-C-75__P1__huayi_sy3_phase1_wgs1__shift_morning_handover_2022-09-28__W001,1,train,low_capacity_alpha_wgs_xt,reference,1,H2_CO_ratio,0.455449205751745,2.204124498559301e-17,-0.455449205751745,0.0531780817495797,1,0.0051152128203926,,,completed,poor,a2955d2a2f6e850b88d8b206f465d810e1ad86ab,5.209065946100837e-19,2.1520338390982925e-17,2.1520338390982926e-05
R52-C-75,R52-C-75__P1__huayi_sy3_phase1_wgs1__shift_morning_handover_2022-09-28__W001,1,train,low_capacity_alpha_wgs_xt,reference,1,dry_syngas_flow,127960.92149288942,127960.92149288942,0.0,0.0531780817495797,1,0.0051152128203926,,,completed,poor,a2955d2a2f6e850b88d8b206f465d810e1ad86ab,60872.95157348457,67087.96991940486,1.1020981927977922
R52-C-75,R52-C-75__P1__huayi_sy3_phase1_wgs1__plateau_2022-09-28D_007__W001,1,train,low_capacity_alpha_wgs_xt,reference,1,CO_dry_vol_pct,61.553889556,78.39598729601512,16.84209774001512,0.0667138478490846,1,0.0076035373123937,,,completed,poor,a2955d2a2f6e850b88d8b206f465d810e1ad86ab,78.51331160952584,-0.11732431351072137,-0.0014943238427416769
R52-C-75,R52-C-75__P1__huayi_sy3_phase1_wgs1__plateau_2022-09-28D_007__W001,1,train,low_capacity_alpha_wgs_xt,reference,1,H2_dry_vol_pct,28.2814948,1.2795441705601257e-19,-28.2814948,0.0667138478490846,1,0.0076035373123937,,,completed,poor,a2955d2a2f6e850b88d8b206f465d810e1ad86ab,1.536861723551377e-13,-1.5368604440072065e-13,-0.15368604440072064
R52-C-75,R52-C-75__P1__huayi_sy3_phase1_wgs1__plateau_2022-09-28D_007__W001,1,train,low_capacity_alpha_wgs_xt,reference,1,CO2_dry_vol_pct,9.431882005066669,18.43206803318152,9.00018602811485,0.0667138478490846,1,0.0076035373123937,,,completed,poor,a2955d2a2f6e850b88d8b206f465d810e1ad86ab,18.32869750601418,0.10337052716733908,0.0056398184941084985
R52-C-75,R52-C-75__P1__huayi_sy3_phase1_wgs1__plateau_2022-09-28D_007__W001,1,train,low_capacity_alpha_wgs_xt,reference,1,H2_CO_ratio,0.459466820509318,1.632155183821717e-21,-0.459466820509318,0.0667138478490846,1,0.0076035373123937,,,completed,poor,a2955d2a2f6e850b88d8b206f465d810e1ad86ab,1.9574537005835745e-15,-1.9574520684283906e-15,-0.0019574520684283907
R52-C-75,R52-C-75__P1__huayi_sy3_phase1_wgs1__plateau_2022-09-28D_007__W001,1,train,low_capacity_alpha_wgs_xt,reference,1,dry_syngas_flow,118317.4940019678,118317.4940019678,0.0,0.0667138478490846,1,0.0076035373123937,,,completed,poor,a2955d2a2f6e850b88d8b206f465d810e1ad86ab,53094.86586948383,65222.62813248397,1.228416854707049
R52-C-75,R52-C-75__P1__huayi_sy3_phase1_wgs1__plateau_2022-09-28D_007__W002,1,train,low_capacity_alpha_wgs_xt,reference,1,CO_dry_vol_pct,60.87766345466667,78.39245166336175,17.514788208695087,0.0676306482125162,1,0.0076094101489744,,,completed,poor,a2955d2a2f6e850b88d8b206f465d810e1ad86ab,78.51007725674211,-0.11762559338035317,-0.0014982228713862587
R52-C-75,R52-C-75__P1__huayi_sy3_phase1_wgs1__plateau_2022-09-28D_007__W002,1,train,low_capacity_alpha_wgs_xt,reference,1,H2_dry_vol_pct,28.031562656,2.6838110276809042e-20,-28.031562656,0.0676306482125162,1,0.0076094101489744,,,completed,poor,a2955d2a2f6e850b88d8b206f465d810e1ad86ab,3.1703625967999217e-16,-3.1700942156971537e-16,-0.0003170094215697154
R52-C-75,R52-C-75__P1__huayi_sy3_phase1_wgs1__plateau_2022-09-28D_007__W002,1,train,low_capacity_alpha_wgs_xt,reference,1,CO2_dry_vol_pct,10.373013522666668,18.434263614593835,8.061250091927167,0.0676306482125162,1,0.0076094101489744,,,completed,poor,a2955d2a2f6e850b88d8b206f465d810e1ad86ab,18.33061291556249,0.10365069903134483,0.005654513545662541
R52-C-75,R52-C-75__P1__huayi_sy3_phase1_wgs1__plateau_2022-09-28D_007__W002,1,train,low_capacity_alpha_wgs_xt,reference,1,H2_CO_ratio,0.4604704475327328,3.4235579711244515e-22,-0.4604704475327328,0.0676306482125162,1,0.0076094101489744,,,completed,poor,a2955d2a2f6e850b88d8b206f465d810e1ad86ab,4.038160077759527e-18,-4.037817721962415e-18,-4.037817721962415e-06
R52-C-75,R52-C-75__P1__huayi_sy3_phase1_wgs1__plateau_2022-09-28D_007__W002,1,train,low_capacity_alpha_wgs_xt,reference,1,dry_syngas_flow,117737.07092232766,117737.07092232766,0.0,0.0676306482125162,1,0.0076094101489744,,,completed,poor,a2955d2a2f6e850b88d8b206f465d810e1ad86ab,53207.04858299819,64530.02233932947,1.212809656951155
R52-C-75,R52-C-75__P1__huayi_sy3_phase1_wgs1__plateau_2022-09-28D_007__W003,1,train,low_capacity_alpha_wgs_xt,reference,1,CO_dry_vol_pct,61.46766286266667,78.34286163472169,16.875198772055015,0.0646572551911028,1,0.0076895265075381,,,completed,poor,a2955d2a2f6e850b88d8b206f465d810e1ad86ab,78.46785728846906,-0.12499565374737642,-0.0015929535744535319
R52-C-75,R52-C-75__P1__huayi_sy3_phase1_wgs1__plateau_2022-09-28D_007__W003,1,train,low_capacity_alpha_wgs_xt,reference,1,H2_dry_vol_pct,28.147541232,5.764439895802504e-21,-28.147541232,0.0646572551911028,1,0.0076895265075381,,,completed,poor,a2955d2a2f6e850b88d8b206f465d810e1ad86ab,3.446763587963039e-17,-3.446187143973459e-17,-3.44618714397346e-05
R52-C-75,R52-C-75__P1__huayi_sy3_phase1_wgs1__plateau_2022-09-28D_007__W003,1,train,low_capacity_alpha_wgs_xt,reference,1,CO2_dry_vol_pct,9.667996970933332,18.465228707530425,8.797231736597093,0.0646572551911028,1,0.0076895265075381,,,completed,poor,a2955d2a2f6e850b88d8b206f465d810e1ad86ab,18.35526508408379,0.10996362344663524,0.00599084910748507
R52-C-75,R52-C-75__P1__huayi_sy3_phase1_wgs1__plateau_2022-09-28D_007__W003,1,train,low_capacity_alpha_wgs_xt,reference,1,H2_CO_ratio,0.4579281692698128,7.357964434181065e-23,-0.4579281692698128,0.0646572551911028,1,0.0076895265075381,,,completed,poor,a2955d2a2f6e850b88d8b206f465d810e1ad86ab,4.392580232300475e-19,-4.391844435857057e-19,-4.391844435857057e-07
R52-C-75,R52-C-75__P1__huayi_sy3_phase1_wgs1__plateau_2022-09-28D_007__W003,1,train,low_capacity_alpha_wgs_xt,reference,1,dry_syngas_flow,119649.07303922584,119649.07303922584,0.0,0.0646572551911028,1,0.0076895265075381,,,completed,poor,a2955d2a2f6e850b88d8b206f465d810e1ad86ab,53095.243747988825,66553.82929123702,1.253480059478171
R52-C-75,R52-C-75__P1__huayi_sy3_phase1_wgs1__plateau_2022-09-28D_008__W001,1,train,low_capacity_alpha_wgs_xt,reference,1,CO_dry_vol_pct,61.399839148000005,78.85395819775066,17.454119049750652,0.0647631146945784,1,0.0067086658836683,,,completed,poor,a2955d2a2f6e850b88d8b206f465d810e1ad86ab,78.96434122837134,-0.11038303062068167,-0.0013978845248825023
R52-C-75,R52-C-75__P1__huayi_sy3_phase1_wgs1__plateau_2022-09-28D_008__W001,1,train,low_capacity_alpha_wgs_xt,reference,1,H2_dry_vol_pct,28.088573688000004,9.021590097329807e-21,-28.088573688000004,0.0647631146945784,1,0.0067086658836683,,,completed,poor,a2955d2a2f6e850b88d8b206f465d810e1ad86ab,8.410364333429529e-18,-8.4013427433322e-18,-8.4013427433322e-06
R52-C-75,R52-C-75__P1__huayi_sy3_phase1_wgs1__plateau_2022-09-28D_008__W001,1,train,low_capacity_alpha_wgs_xt,reference,1,CO2_dry_vol_pct,9.771940580000004,18.1621756909609,8.390235110960896,0.0647631146945784,1,0.0067086658836683,,,completed,poor,a2955d2a2f6e850b88d8b206f465d810e1ad86ab,18.063165491897216,0.09901019906368447,0.005481331558862068
R52-C-75,R52-C-75__P1__huayi_sy3_phase1_wgs1__plateau_2022-09-28D_008__W001,1,train,low_capacity_alpha_wgs_xt,reference,1,H2_CO_ratio,0.4574752757984383,1.1440884266970322e-22,-0.4574752757984383,0.0647631146945784,1,0.0067086658836683,,,completed,poor,a2955d2a2f6e850b88d8b206f465d810e1ad86ab,1.0650838343735518e-19,-1.0639397459468548e-19,-1.0639397459468548e-07
R52-C-75,R52-C-75__P1__huayi_sy3_phase1_wgs1__plateau_2022-09-28D_008__W001,1,train,low_capacity_alpha_wgs_xt,reference,1,dry_syngas_flow,119579.50490662309,119579.50490662309,0.0,0.0647631146945784,1,0.0067086658836683,,,completed,poor,a2955d2a2f6e850b88d8b206f465d810e1ad86ab,54203.28063635919,65376.2242702639,1.2061303947423798
R52-C-75,R52-C-75__P1__huayi_sy3_phase1_wgs1__plateau_2022-09-28D_008__W002,1,train,low_capacity_alpha_wgs_xt,reference,1,CO_dry_vol_pct,61.489480728,78.8679656935855,17.378484965585507,0.063260849548616,1,0.0066745775005701,,,completed,poor,a2955d2a2f6e850b88d8b206f465d810e1ad86ab,78.98079719725777,-0.11283150367226824,-0.0014285941352360238
R52-C-75,R52-C-75__P1__huayi_sy3_phase1_wgs1__plateau_2022-09-28D_008__W002,1,train,low_capacity_alpha_wgs_xt,reference,1,H2_dry_vol_pct,28.02526572666667,3.161620153028439e-19,-28.02526572666667,0.063260849548616,1,0.0066745775005701,,,completed,poor,a2955d2a2f6e850b88d8b206f465d810e1ad86ab,1.808271636301202e-17,-1.7766554347709176e-17,-1.7766554347709177e-05
R52-C-75,R52-C-75__P1__huayi_sy3_phase1_wgs1__plateau_2022-09-28D_008__W002,1,train,low_capacity_alpha_wgs_xt,reference,1,CO2_dry_vol_pct,9.732724354933332,18.15467500011677,8.421950645183443,0.063260849548616,1,0.0066745775005701,,,completed,poor,a2955d2a2f6e850b88d8b206f465d810e1ad86ab,18.053402648976956,0.1012723511398157,0.0056095990938059845
R52-C-75,R52-C-75__P1__huayi_sy3_phase1_wgs1__plateau_2022-09-28D_008__W002,1,train,low_capacity_alpha_wgs_xt,reference,1,H2_CO_ratio,0.4557767085779336,4.0087507332341145e-21,-0.4557767085779336,0.063260849548616,1,0.0066745775005701,,,completed,poor,a2955d2a2f6e850b88d8b206f465d810e1ad86ab,2.2895079569594233e-19,-2.249420449627082e-19,-2.2494204496270822e-07
R52-C-75,R52-C-75__P1__huayi_sy3_phase1_wgs1__plateau_2022-09-28D_008__W002,1,train,low_capacity_alpha_wgs_xt,reference,1,dry_syngas_flow,120577.56866933992,120577.56866933992,0.0,0.063260849548616,1,0.0066745775005701,,,completed,poor,a2955d2a2f6e850b88d8b206f465d810e1ad86ab,54261.127544567826,66316.4411247721,1.2221721907695808
R52-C-75,R52-C-75__P1__huayi_sy3_phase1_wgs1__plateau_2022-09-28D_008__W003,1,train,low_capacity_alpha_wgs_xt,reference,1,CO_dry_vol_pct,61.724460024,78.91181852089323,17.187358496893232,0.0616194994324688,1,0.0065810091599902,,,completed,poor,a2955d2a2f6e850b88d8b206f465d810e1ad86ab,79.02782167007881,-0.1160031491855733,-0.001467877346662257
R52-C-75,R52-C-75__P1__huayi_sy3_phase1_wgs1__plateau_2022-09-28D_008__W003,1,train,low_capacity_alpha_wgs_xt,reference,1,H2_dry_vol_pct,28.168928183999995,1.3397532891909977e-18,-28.168928183999995,0.0616194994324688,1,0.0065810091599902,,,completed,poor,a2955d2a2f6e850b88d8b206f465d810e1ad86ab,5.334279488120904e-15,-5.3329397348317126e-15,-0.005332939734831713
R52-C-75,R52-C-75__P1__huayi_sy3_phase1_wgs1__plateau_2022-09-28D_008__W003,1,train,low_capacity_alpha_wgs_xt,reference,1,CO2_dry_vol_pct,9.391769280266663,18.12978551999752,8.73801623973086,0.0616194994324688,1,0.0065810091599902,,,completed,poor,a2955d2a2f6e850b88d8b206f465d810e1ad86ab,18.025473303903386,0.10431221609413299,0.005786933543184375
R52-C-75,R52-C-75__P1__huayi_sy3_phase1_wgs1__plateau_2022-09-28D_008__W003,1,train,low_capacity_alpha_wgs_xt,reference,1,H2_CO_ratio,0.4563724654431634,1.697785343568372e-20,-0.4563724654431634,0.0616194994324688,1,0.0065810091599902,,,completed,poor,a2955d2a2f6e850b88d8b206f465d810e1ad86ab,6.749875392479086e-17,-6.748177607135518e-17,-6.748177607135518e-05
R52-C-75,R52-C-75__P1__huayi_sy3_phase1_wgs1__plateau_2022-09-28D_008__W003,1,train,low_capacity_alpha_wgs_xt,reference,1,dry_syngas_flow,121695.5001073801,121695.5001073801,0.0,0.0616194994324688,1,0.0065810091599902,,,completed,poor,a2955d2a2f6e850b88d8b206f465d810e1ad86ab,54459.00736767526,67236.49273970485,1.2346257486069019
R52-C-75,R52-C-75__P1__huayi_sy3_phase1_wgs1__shift_evening_handover_2022-09-28__W001,1,train,low_capacity_alpha_wgs_xt,reference,1,CO_dry_vol_pct,61.73646282133333,78.96793315103747,17.231470329704138,0.061371178780981,1,0.0064814089600304,,,completed,poor,a2955d2a2f6e850b88d8b206f465d810e1ad86ab,79.0814290978812,-0.11349594684372732,-0.0014351782477685167
R52-C-75,R52-C-75__P1__huayi_sy3_phase1_wgs1__shift_evening_handover_2022-09-28__W001,1,train,low_capacity_alpha_wgs_xt,reference,1,H2_dry_vol_pct,28.166503622666667,2.123926225144784e-19,-28.166503622666667,0.061371178780981,1,0.0064814089600304,,,completed,poor,a2955d2a2f6e850b88d8b206f465d810e1ad86ab,1.3057153356216831e-14,-1.3056940963594317e-14,-0.013056940963594317
R52-C-75,R52-C-75__P1__huayi_sy3_phase1_wgs1__shift_evening_handover_2022-09-28__W001,1,train,low_capacity_alpha_wgs_xt,reference,1,CO2_dry_vol_pct,9.365316044399998,18.09578440590367,8.730468361503673,0.061371178780981,1,0.0064814089600304,,,completed,poor,a2955d2a2f6e850b88d8b206f465d810e1ad86ab,17.99349572814893,0.10228867775474271,0.005684758498301297
R52-C-75,R52-C-75__P1__huayi_sy3_phase1_wgs1__shift_evening_handover_2022-09-28__W001,1,train,low_capacity_alpha_wgs_xt,reference,1,H2_CO_ratio,0.4562450446745795,2.6896059455962606e-21,-0.4562450446745795,0.061371178780981,1,0.0064814089600304,,,completed,poor,a2955d2a2f6e850b88d8b206f465d810e1ad86ab,1.6511023517361635e-16,-1.6510754556767075e-16,-0.00016510754556767074
R52-C-75,R52-C-75__P1__huayi_sy3_phase1_wgs1__shift_evening_handover_2022-09-28__W001,1,train,low_capacity_alpha_wgs_xt,reference,1,dry_syngas_flow,121867.2214462184,121867.2214462184,0.0,0.061371178780981,1,0.0064814089600304,,,completed,poor,a2955d2a2f6e850b88d8b206f465d810e1ad86ab,54553.339577383624,67313.88186883478,1.2339094616444222
R52-C-75,R52-C-75__P1__huayi_sy3_phase1_wgs1__plateau_2022-09-28N_009__W001,1,train,low_capacity_alpha_wgs_xt,reference,1,CO_dry_vol_pct,61.98462266400001,78.9866445175205,17.002021853520496,0.0602501338421711,1,0.0064397883088053,,,completed,poor,a2955d2a2f6e850b88d8b206f465d810e1ad86ab,79.10226005312376,-0.11561553560325422,-0.0014615958573826937
R52-C-75,R52-C-75__P1__huayi_sy3_phase1_wgs1__plateau_2022-09-28N_009__W001,1,train,low_capacity_alpha_wgs_xt,reference,1,H2_dry_vol_pct,28.13315692,2.522143837007719e-20,-28.13315692,0.0602501338421711,1,0.0064397883088053,,,completed,poor,a2955d2a2f6e850b88d8b206f465d810e1ad86ab,1.0669971230375263e-14,-1.0669946008936894e-14,-0.010669946008936894
R52-C-75,R52-C-75__P1__huayi_sy3_phase1_wgs1__plateau_2022-09-28N_009__W001,1,train,low_capacity_alpha_wgs_xt,reference,1,CO2_dry_vol_pct,9.163403144533332,18.085389572847262,8.921986428313934,0.0602501338421711,1,0.0064397883088053,,,completed,poor,a2955d2a2f6e850b88d8b206f465d810e1ad86ab,17.981071271260333,0.1043183015869289,0.005801562099009299
R52-C-75,R52-C-75__P1__huayi_sy3_phase1_wgs1__plateau_2022-09-28N_009__W001,1,train,low_capacity_alpha_wgs_xt,reference,1,H2_CO_ratio,0.4538802368168525,3.1931269550870303e-22,-0.4538802368168525,0.0602501338421711,1,0.0064397883088053,,,completed,poor,a2955d2a2f6e850b88d8b206f465d810e1ad86ab,1.3488832333247482e-16,-1.348880040197793e-16,-0.0001348880040197793
R52-C-75,R52-C-75__P1__huayi_sy3_phase1_wgs1__plateau_2022-09-28N_009__W001,1,train,low_capacity_alpha_wgs_xt,reference,1,dry_syngas_flow,122651.20809922733,122651.20809922733,0.0,0.0602501338421711,1,0.0064397883088053,,,completed,poor,a2955d2a2f6e850b88d8b206f465d810e1ad86ab,54704.573183312794,67946.63491591453,1.2420649858326858
R52-C-75,R52-C-75__P1__huayi_sy3_phase1_wgs1__plateau_2022-09-28N_009__W002,1,train,low_capacity_alpha_wgs_xt,reference,1,CO_dry_vol_pct,61.85881827333332,79.12083508736448,17.262016814031163,0.0595843057063695,1,0.0061927752453957,,,completed,poor,a2955d2a2f6e850b88d8b206f465d810e1ad86ab,79.23487538857668,-0.11404030121219932,-0.0014392690169945108
R52-C-75,R52-C-75__P1__huayi_sy3_phase1_wgs1__plateau_2022-09-28N_009__W002,1,train,low_capacity_alpha_wgs_xt,reference,1,H2_dry_vol_pct,28.107991872000003,4.563104268344558e-17,-28.107991872000003,0.0595843057063695,1,0.0061927752453957,,,completed,poor,a2955d2a2f6e850b88d8b206f465d810e1ad86ab,2.6346433403035586e-17,1.9284609280409992e-17,1.9284609280409993e-05
R52-C-75,R52-C-75__P1__huayi_sy3_phase1_wgs1__plateau_2022-09-28N_009__W002,1,train,low_capacity_alpha_wgs_xt,reference,1,CO2_dry_vol_pct,9.296875770533331,18.005179705200007,8.708303934666676,0.0595843057063695,1,0.0061927752453957,,,completed,poor,a2955d2a2f6e850b88d8b206f465d810e1ad86ab,17.901761422189814,0.10341828301019262,0.005776989234255033
R52-C-75,R52-C-75__P1__huayi_sy3_phase1_wgs1__plateau_2022-09-28N_009__W002,1,train,low_capacity_alpha_wgs_xt,reference,1,H2_CO_ratio,0.4543918577567805,5.767259993282456e-19,-0.4543918577567805,0.0595843057063695,1,0.0061927752453957,,,completed,poor,a2955d2a2f6e850b88d8b206f465d810e1ad86ab,3.3251056777498206e-19,2.442154315532635e-19,2.442154315532635e-07
R52-C-75,R52-C-75__P1__huayi_sy3_phase1_wgs1__plateau_2022-09-28N_009__W002,1,train,low_capacity_alpha_wgs_xt,reference,1,dry_syngas_flow,123123.78011046618,123123.78011046618,0.0,0.0595843057063695,1,0.0061927752453957,,,completed,poor,a2955d2a2f6e850b88d8b206f465d810e1ad86ab,55135.087383751845,67988.69272671433,1.2331293184229253
R52-C-75,R52-C-75__P1__huayi_sy3_phase1_wgs1__plateau_2022-09-28N_009__W003,1,train,low_capacity_alpha_wgs_xt,reference,1,CO_dry_vol_pct,62.12407606799998,79.16866155197735,17.04458548397737,0.0602920373006056,1,0.006103139500459,,,completed,poor,a2955d2a2f6e850b88d8b206f465d810e1ad86ab,79.28297608140973,-0.1143145294323773,-0.001441854671487058
R52-C-75,R52-C-75__P1__huayi_sy3_phase1_wgs1__plateau_2022-09-28N_009__W003,1,train,low_capacity_alpha_wgs_xt,reference,1,H2_dry_vol_pct,28.305427888,3.142825157708904e-20,-28.305427888,0.0602920373006056,1,0.006103139500459,,,completed,poor,a2955d2a2f6e850b88d8b206f465d810e1ad86ab,2.3141580241210797e-18,-2.2827297725439906e-18,-2.2827297725439906e-06
R52-C-75,R52-C-75__P1__huayi_sy3_phase1_wgs1__plateau_2022-09-28N_009__W003,1,train,low_capacity_alpha_wgs_xt,reference,1,CO2_dry_vol_pct,8.821584091466667,17.97682677224954,9.155242680782877,0.0602920373006056,1,0.006103139500459,,,completed,poor,a2955d2a2f6e850b88d8b206f465d810e1ad86ab,17.872946885871173,0.10387988637836898,0.0058121297535152164
R52-C-75,R52-C-75__P1__huayi_sy3_phase1_wgs1__plateau_2022-09-28N_009__W003,1,train,low_capacity_alpha_wgs_xt,reference,1,H2_CO_ratio,0.4556347111538636,3.9697843769223203e-22,-0.4556347111538636,0.0602920373006056,1,0.006103139500459,,,completed,poor,a2955d2a2f6e850b88d8b206f465d810e1ad86ab,2.91885867370171e-20,-2.879160829932487e-20,-2.8791608299324868e-08
R52-C-75,R52-C-75__P1__huayi_sy3_phase1_wgs1__plateau_2022-09-28N_009__W003,1,train,low_capacity_alpha_wgs_xt,reference,1,dry_syngas_flow,122621.6420082224,122621.6420082224,0.0,0.0602920373006056,1,0.006103139500459,,,completed,poor,a2955d2a2f6e850b88d8b206f465d810e1ad86ab,55304.30766340001,67317.33434482239,1.2172168351611516
R52-C-75,R52-C-75__P1__huayi_sy3_phase1_wgs1__plateau_2022-09-28N_009__W004,1,train,low_capacity_alpha_wgs_xt,reference,1,CO_dry_vol_pct,61.73650178800001,79.18936448577519,17.452862697775174,0.0610120498225991,1,0.0060758371085456,,,completed,poor,a2955d2a2f6e850b88d8b206f465d810e1ad86ab,79.29992214300835,-0.11055765723315858,-0.0013941710690936176
R52-C-75,R52-C-75__P1__huayi_sy3_phase1_wgs1__plateau_2022-09-28N_009__W004,1,train,low_capacity_alpha_wgs_xt,reference,1,H2_dry_vol_pct,28.077803002666663,1.0124123012658285e-18,-28.077803002666663,0.0610120498225991,1,0.0060758371085456,,,completed,poor,a2955d2a2f6e850b88d8b206f465d810e1ad86ab,2.0942469362652514e-14,-2.0941456950351246e-14,-0.020941456950351246
R52-C-75,R52-C-75__P1__huayi_sy3_phase1_wgs1__plateau_2022-09-28N_009__W004,1,train,low_capacity_alpha_wgs_xt,reference,1,CO2_dry_vol_pct,9.484465930266666,17.963246927522214,8.478780997255548,0.0610120498225991,1,0.0060758371085456,,,completed,poor,a2955d2a2f6e850b88d8b206f465d810e1ad86ab,17.862723054564935,0.10052387295727883,0.005627578317718434
R52-C-75,R52-C-75__P1__huayi_sy3_phase1_wgs1__plateau_2022-09-28N_009__W004,1,train,low_capacity_alpha_wgs_xt,reference,1,H2_CO_ratio,0.4548055773543963,1.2784700418295287e-20,-0.4548055773543963,0.0610120498225991,1,0.0060758371085456,,,completed,poor,a2955d2a2f6e850b88d8b206f465d810e1ad86ab,2.6409192842440833e-16,-2.6407914372399e-16,-0.00026407914372399003
R52-C-75,R52-C-75__P1__huayi_sy3_phase1_wgs1__plateau_2022-09-28N_009__W004,1,train,low_capacity_alpha_wgs_xt,reference,1,dry_syngas_flow,122116.8031811882,122116.8031811882,0.0,0.0610120498225991,1,0.0060758371085456,,,completed,poor,a2955d2a2f6e850b88d8b206f465d810e1ad86ab,55162.880961713505,66953.92221947468,1.2137495549941437
R52-C-75,R52-C-75__P1__huayi_sy3_phase1_wgs1__plateau_2022-09-28N_009__W005,1,train,low_capacity_alpha_wgs_xt,reference,1,CO_dry_vol_pct,62.078165766666665,79.31674595034258,17.238580183675914,0.0602335601238667,1,0.0058549190523342,,,completed,poor,a2955d2a2f6e850b88d8b206f465d810e1ad86ab,79.42360186881608,-0.1068559184734994,-0.0013453925024704025
R52-C-75,R52-C-75__P1__huayi_sy3_phase1_wgs1__plateau_2022-09-28N_009__W005,1,train,low_capacity_alpha_wgs_xt,reference,1,H2_dry_vol_pct,28.235774562666663,2.6365489283078722e-17,-28.235774562666663,0.0602335601238667,1,0.0058549190523342,,,completed,poor,a2955d2a2f6e850b88d8b206f465d810e1ad86ab,3.305050777768681e-13,-3.30478712287585e-13,-0.330478712287585
R52-C-75,R52-C-75__P1__huayi_sy3_phase1_wgs1__plateau_2022-09-28N_009__W005,1,train,low_capacity_alpha_wgs_xt,reference,1,CO2_dry_vol_pct,8.93234274,17.885784137823396,8.953441397823397,0.0602335601238667,1,0.0058549190523342,,,completed,poor,a2955d2a2f6e850b88d8b206f465d810e1ad86ab,17.788158406809128,0.09762573101426852,0.005488242727639438
R52-C-75,R52-C-75__P1__huayi_sy3_phase1_wgs1__plateau_2022-09-28N_009__W005,1,train,low_capacity_alpha_wgs_xt,reference,1,H2_CO_ratio,0.4548484172816991,3.3240760153707293e-19,-0.4548484172816991,0.0602335601238667,1,0.0058549190523342,,,completed,poor,a2955d2a2f6e850b88d8b206f465d810e1ad86ab,4.161295509145545e-15,-4.160963101544008e-15,-0.004160963101544009
R52-C-75,R52-C-75__P1__huayi_sy3_phase1_wgs1__plateau_2022-09-28N_009__W005,1,train,low_capacity_alpha_wgs_xt,reference,1,dry_syngas_flow,122662.90779892437,122662.90779892437,0.0,0.0602335601238667,1,0.0058549190523342,,,completed,poor,a2955d2a2f6e850b88d8b206f465d810e1ad86ab,55416.8669151045,67246.04088381986,1.21345800705112
R52-C-75,R52-C-75__P1__huayi_sy3_phase1_wgs1__plateau_2022-09-28N_009__W006,1,train,low_capacity_alpha_wgs_xt,reference,1,CO_dry_vol_pct,62.18546928,79.28837119669923,17.10290191669923,0.0595772349435773,1,0.0058973014131683,,,completed,poor,a2955d2a2f6e850b88d8b206f465d810e1ad86ab,79.39836082926675,-0.10998963256751892,-0.0013852884545568103
R52-C-75,R52-C-75__P1__huayi_sy3_phase1_wgs1__plateau_2022-09-28N_009__W006,1,train,low_capacity_alpha_wgs_xt,reference,1,H2_dry_vol_pct,28.34067974133333,7.278826269036193e-21,-28.34067974133333,0.0595772349435773,1,0.0058973014131683,,,completed,poor,a2955d2a2f6e850b88d8b206f465d810e1ad86ab,2.7044481732708074e-16,-2.704375385008117e-16,-0.0002704375385008117
R52-C-75,R52-C-75__P1__huayi_sy3_phase1_wgs1__plateau_2022-09-28N_009__W006,1,train,low_capacity_alpha_wgs_xt,reference,1,CO2_dry_vol_pct,8.715642940266667,17.903824556797144,9.188181616530477,0.0595772349435773,1,0.0058973014131683,,,completed,poor,a2955d2a2f6e850b88d8b206f465d810e1ad86ab,17.803420266698616,0.10040429009852758,0.005639606805571753
R52-C-75,R52-C-75__P1__huayi_sy3_phase1_wgs1__plateau_2022-09-28N_009__W006,1,train,low_capacity_alpha_wgs_xt,reference,1,H2_CO_ratio,0.4557545783051447,9.180193966879232e-23,-0.4557545783051447,0.0595772349435773,1,0.0058973014131683,,,completed,poor,a2955d2a2f6e850b88d8b206f465d810e1ad86ab,3.4061763303732213e-18,-3.4060845284335524e-18,-3.4060845284335526e-06
R52-C-75,R52-C-75__P1__huayi_sy3_phase1_wgs1__plateau_2022-09-28N_009__W006,1,train,low_capacity_alpha_wgs_xt,reference,1,dry_syngas_flow,123128.82687673732,123128.82687673732,0.0,0.0595772349435773,1,0.0058973014131683,,,completed,poor,a2955d2a2f6e850b88d8b206f465d810e1ad86ab,55421.012588514044,67707.81428822328,1.221699336151351
R52-C-75,R52-C-75__P1__huayi_sy3_phase1_wgs1__plateau_2022-09-28N_009__W007,1,train,low_capacity_alpha_wgs_xt,reference,1,CO_dry_vol_pct,62.063059188,79.25089990670025,17.187840718700258,0.0590897259685222,1,0.0059544124719838,,,completed,poor,a2955d2a2f6e850b88d8b206f465d810e1ad86ab,79.36469414845332,-0.11379424175306951,-0.001433814405435936
R52-C-75,R52-C-75__P1__huayi_sy3_phase1_wgs1__plateau_2022-09-28N_009__W007,1,train,low_capacity_alpha_wgs_xt,reference,1,H2_dry_vol_pct,28.325271425333334,7.612782822797915e-18,-28.325271425333334,0.0590897259685222,1,0.0059544124719838,,,completed,poor,a2955d2a2f6e850b88d8b206f465d810e1ad86ab,1.318864142728385e-16,-1.242736314500406e-16,-0.00012427363145004058
R52-C-75,R52-C-75__P1__huayi_sy3_phase1_wgs1__plateau_2022-09-28N_009__W007,1,train,low_capacity_alpha_wgs_xt,reference,1,CO2_dry_vol_pct,8.843321537599998,17.927513032549275,9.084191494949277,0.0590897259685222,1,0.0059544124719838,,,completed,poor,a2955d2a2f6e850b88d8b206f465d810e1ad86ab,17.82376178288598,0.10375124966329352,0.0058209513192054325
R52-C-75,R52-C-75__P1__huayi_sy3_phase1_wgs1__plateau_2022-09-28N_009__W007,1,train,low_capacity_alpha_wgs_xt,reference,1,H2_CO_ratio,0.456396983230718,9.605926029559561e-20,-0.456396983230718,0.0590897259685222,1,0.0059544124719838,,,completed,poor,a2955d2a2f6e850b88d8b206f465d810e1ad86ab,1.6617768856532378e-18,-1.5657176253576422e-18,-1.5657176253576423e-06
R52-C-75,R52-C-75__P1__huayi_sy3_phase1_wgs1__plateau_2022-09-28N_009__W007,1,train,low_capacity_alpha_wgs_xt,reference,1,dry_syngas_flow,123478.23924333754,123478.23924333754,0.0,0.0590897259685222,1,0.0059544124719838,,,completed,poor,a2955d2a2f6e850b88d8b206f465d810e1ad86ab,55418.16856104902,68060.07068228853,1.2281183671256315
R52-C-75,R52-C-75__P1__huayi_sy3_phase1_wgs1__shift_morning_handover_2022-09-29__W001,1,train,low_capacity_alpha_wgs_xt,reference,1,CO_dry_vol_pct,62.14037912,79.0650206054466,16.924641485446607,0.0597915378978067,1,0.006290086598386,,,completed,poor,a2955d2a2f6e850b88d8b206f465d810e1ad86ab,79.18133500332223,-0.1163143978756267,-0.0014689623238954795
R52-C-75,R52-C-75__P1__huayi_sy3_phase1_wgs1__shift_morning_handover_2022-09-29__W001,1,train,low_capacity_alpha_wgs_xt,reference,1,H2_dry_vol_pct,28.465586670666664,3.224360895560547e-17,-28.465586670666664,0.0597915378978067,1,0.006290086598386,,,completed,poor,a2955d2a2f6e850b88d8b206f465d810e1ad86ab,4.773390258863883e-17,-1.549029363303336e-17,-1.549029363303336e-05
R52-C-75,R52-C-75__P1__huayi_sy3_phase1_wgs1__shift_morning_handover_2022-09-29__W001,1,train,low_capacity_alpha_wgs_xt,reference,1,CO2_dry_vol_pct,8.642732472,18.039127487579428,9.396395015579428,0.0597915378978067,1,0.006290086598386,,,completed,poor,a2955d2a2f6e850b88d8b206f465d810e1ad86ab,17.93386126032776,0.10526622725166845,0.005869691179363155
R52-C-75,R52-C-75__P1__huayi_sy3_phase1_wgs1__shift_morning_handover_2022-09-29__W001,1,train,low_capacity_alpha_wgs_xt,reference,1,H2_CO_ratio,0.4580915354365056,4.078113014920821e-19,-0.4580915354365056,0.0597915378978067,1,0.006290086598386,,,completed,poor,a2955d2a2f6e850b88d8b206f465d810e1ad86ab,6.028428617253807e-19,-1.9503156023329858e-19,-1.950315602332986e-07
R52-C-75,R52-C-75__P1__huayi_sy3_phase1_wgs1__shift_morning_handover_2022-09-29__W001,1,train,low_capacity_alpha_wgs_xt,reference,1,dry_syngas_flow,122976.13324366858,122976.13324366858,0.0,0.0597915378978067,1,0.006290086598386,,,completed,poor,a2955d2a2f6e850b88d8b206f465d810e1ad86ab,54954.834525702296,68021.29871796627,1.2377673284804964
R52-C-75,R52-C-75__P1__huayi_sy3_phase1_wgs1__plateau_2022-09-29D_010__W001,1,train,low_capacity_alpha_wgs_xt,reference,1,CO_dry_vol_pct,61.74018060000001,78.44956384846842,16.709383248468406,0.0620283504314115,1,0.0074588361660822,,,completed,poor,a2955d2a2f6e850b88d8b206f465d810e1ad86ab,78.57808093813196,-0.12851708966354636,-0.0016355335753838734
R52-C-75,R52-C-75__P1__huayi_sy3_phase1_wgs1__plateau_2022-09-29D_010__W001,1,train,low_capacity_alpha_wgs_xt,reference,1,H2_dry_vol_pct,28.071903456,2.8217710382707604e-20,-28.071903456,0.0620283504314115,1,0.0074588361660822,,,completed,poor,a2955d2a2f6e850b88d8b206f465d810e1ad86ab,1.941589992061837e-17,-1.9387682210235662e-17,-1.9387682210235663e-05
R52-C-75,R52-C-75__P1__huayi_sy3_phase1_wgs1__plateau_2022-09-29D_010__W001,1,train,low_capacity_alpha_wgs_xt,reference,1,CO2_dry_vol_pct,9.534305580266665,18.404484776208825,8.87017919594216,0.0620283504314115,1,0.0074588361660822,,,completed,poor,a2955d2a2f6e850b88d8b206f465d810e1ad86ab,18.290898659046718,0.11358611716210731,0.006209980126150192
R52-C-75,R52-C-75__P1__huayi_sy3_phase1_wgs1__plateau_2022-09-29D_010__W001,1,train,low_capacity_alpha_wgs_xt,reference,1,H2_CO_ratio,0.4546838420653195,3.59692380663994e-22,-0.4546838420653195,0.0620283504314115,1,0.0074588361660822,,,completed,poor,a2955d2a2f6e850b88d8b206f465d810e1ad86ab,2.4709053324813794e-19,-2.4673084086747396e-19,-2.46730840867474e-07
R52-C-75,R52-C-75__P1__huayi_sy3_phase1_wgs1__plateau_2022-09-29D_010__W001,1,train,low_capacity_alpha_wgs_xt,reference,1,dry_syngas_flow,121414.26915969362,121414.26915969362,0.0,0.0620283504314115,1,0.0074588361660822,,,completed,poor,a2955d2a2f6e850b88d8b206f465d810e1ad86ab,53503.14170727427,67911.12745241934,1.2692923309807462
R52-C-75,R52-C-75__P1__huayi_sy3_phase1_wgs1__plateau_2022-09-29D_011__W001,1,train,low_capacity_alpha_wgs_xt,reference,1,CO_dry_vol_pct,61.974708532,78.38969977125065,16.414991239250647,0.0625721543388711,1,0.0075816511774499,,,completed,poor,a2955d2a2f6e850b88d8b206f465d810e1ad86ab,78.51825912208784,-0.12855935083719316,-0.0016373178961761818
R52-C-75,R52-C-75__P1__huayi_sy3_phase1_wgs1__plateau_2022-09-29D_011__W001,1,train,low_capacity_alpha_wgs_xt,reference,1,H2_dry_vol_pct,27.911387060000003,7.281138389195936e-20,-27.911387060000003,0.0625721543388711,1,0.0075816511774499,,,completed,poor,a2955d2a2f6e850b88d8b206f465d810e1ad86ab,1.9486537325430867e-17,-1.9413725941538908e-17,-1.941372594153891e-05
R52-C-75,R52-C-75__P1__huayi_sy3_phase1_wgs1__plateau_2022-09-29D_011__W001,1,train,low_capacity_alpha_wgs_xt,reference,1,CO2_dry_vol_pct,9.449280493333331,18.4392247705646,8.989944277231269,0.0625721543388711,1,0.0075816511774499,,,completed,poor,a2955d2a2f6e850b88d8b206f465d810e1ad86ab,18.325865541780402,0.1133592287841978,0.006185750327904276
R52-C-75,R52-C-75__P1__huayi_sy3_phase1_wgs1__plateau_2022-09-29D_011__W001,1,train,low_capacity_alpha_wgs_xt,reference,1,H2_CO_ratio,0.4503697944548908,9.288386625338609e-22,-0.4503697944548908,0.0625721543388711,1,0.0075816511774499,,,completed,poor,a2955d2a2f6e850b88d8b206f465d810e1ad86ab,2.481784179031695e-19,-2.472495792406356e-19,-2.472495792406356e-07
R52-C-75,R52-C-75__P1__huayi_sy3_phase1_wgs1__plateau_2022-09-29D_011__W001,1,train,low_capacity_alpha_wgs_xt,reference,1,dry_syngas_flow,121043.06886467358,121043.06886467358,0.0,0.0625721543388711,1,0.0075816511774499,,,completed,poor,a2955d2a2f6e850b88d8b206f465d810e1ad86ab,53280.511822508604,67762.55704216498,1.2718075469676393
R52-C-75,R52-C-75__P1__huayi_sy3_phase1_wgs1__shift_evening_handover_2022-09-29__W001,1,train,low_capacity_alpha_wgs_xt,reference,1,CO_dry_vol_pct,61.18410681466668,78.15894590533192,16.97483909066524,0.0636771285810852,1,0.0080663846883685,,,completed,poor,a2955d2a2f6e850b88d8b206f465d810e1ad86ab,78.28727079390534,-0.12832488857341673,-0.001639153942551371
R52-C-75,R52-C-75__P1__huayi_sy3_phase1_wgs1__shift_evening_handover_2022-09-29__W001,1,train,low_capacity_alpha_wgs_xt,reference,1,H2_dry_vol_pct,28.454173558666668,1.9204443990713875e-16,-28.454173558666668,0.0636771285810852,1,0.0080663846883685,,,completed,poor,a2955d2a2f6e850b88d8b206f465d810e1ad86ab,6.338998117470655e-15,-6.146953677563516e-15,-0.006146953677563516
R52-C-75,R52-C-75__P1__huayi_sy3_phase1_wgs1__shift_evening_handover_2022-09-29__W001,1,train,low_capacity_alpha_wgs_xt,reference,1,CO2_dry_vol_pct,9.659957852000002,18.57220344184788,8.912245589847878,0.0636771285810852,1,0.0080663846883685,,,completed,poor,a2955d2a2f6e850b88d8b206f465d810e1ad86ab,18.46009694539224,0.1121064964556382,0.006072909410349586
R52-C-75,R52-C-75__P1__huayi_sy3_phase1_wgs1__shift_evening_handover_2022-09-29__W001,1,train,low_capacity_alpha_wgs_xt,reference,1,H2_CO_ratio,0.4650570504341708,2.4571012016941452e-18,-0.4650570504341708,0.0636771285810852,1,0.0080663846883685,,,completed,poor,a2955d2a2f6e850b88d8b206f465d810e1ad86ab,8.09709937923158e-17,-7.851389259062165e-17,-7.851389259062165e-05
R52-C-75,R52-C-75__P1__huayi_sy3_phase1_wgs1__shift_evening_handover_2022-09-29__W001,1,train,low_capacity_alpha_wgs_xt,reference,1,dry_syngas_flow,120298.65002232188,120298.65002232188,0.0,0.0636771285810852,1,0.0080663846883685,,,completed,poor,a2955d2a2f6e850b88d8b206f465d810e1ad86ab,52525.93532190186,67772.71470042001,1.2902714494293006
R52-C-75,R52-C-75__P1__huayi_sy3_phase1_wgs1__plateau_2022-09-29N_012__W001,1,train,low_capacity_alpha_wgs_xt,reference,1,CO_dry_vol_pct,61.67418077866667,78.24492941492494,16.570748636258273,0.0552714335107702,1,0.0078074014143255,,,completed,poor,a2955d2a2f6e850b88d8b206f465d810e1ad86ab,78.39782931791525,-0.1528999029903133,-0.0019503078633756642
R52-C-75,R52-C-75__P1__huayi_sy3_phase1_wgs1__plateau_2022-09-29N_012__W001,1,train,low_capacity_alpha_wgs_xt,reference,1,H2_dry_vol_pct,28.552613226666665,7.51399008707468e-18,-28.552613226666665,0.0552714335107702,1,0.0078074014143255,,,completed,poor,a2955d2a2f6e850b88d8b206f465d810e1ad86ab,6.626273353750616e-19,6.851362751699618e-18,6.851362751699618e-06
R52-C-75,R52-C-75__P1__huayi_sy3_phase1_wgs1__plateau_2022-09-29N_012__W001,1,train,low_capacity_alpha_wgs_xt,reference,1,CO2_dry_vol_pct,9.053745014933332,18.53037962889473,9.4766346139614,0.0552714335107702,1,0.0078074014143255,,,completed,poor,a2955d2a2f6e850b88d8b206f465d810e1ad86ab,18.39607735404993,0.13430227484479929,0.007300593069925986
R52-C-75,R52-C-75__P1__huayi_sy3_phase1_wgs1__plateau_2022-09-29N_012__W001,1,train,low_capacity_alpha_wgs_xt,reference,1,H2_CO_ratio,0.4629581748053324,9.603165525562369e-20,-0.4629581748053324,0.0552714335107702,1,0.0078074014143255,,,completed,poor,a2955d2a2f6e850b88d8b206f465d810e1ad86ab,8.452113293698552e-21,8.757954196192514e-20,8.757954196192514e-08
R52-C-75,R52-C-75__P1__huayi_sy3_phase1_wgs1__plateau_2022-09-29N_012__W001,1,train,low_capacity_alpha_wgs_xt,reference,1,dry_syngas_flow,126319.0030676498,126319.0030676498,0.0,0.0552714335107702,1,0.0078074014143255,,,completed,poor,a2955d2a2f6e850b88d8b206f465d810e1ad86ab,55237.26165480675,71081.74141284305,1.2868440484441994
R52-C-75,R52-C-75__P1__huayi_sy3_phase1_wgs1__plateau_2022-09-29N_012__W002,1,train,low_capacity_alpha_wgs_xt,reference,1,CO_dry_vol_pct,61.42981221466667,78.15305995501073,16.723247740344064,0.0559313746145504,1,0.0079890391553448,,,completed,poor,a2955d2a2f6e850b88d8b206f465d810e1ad86ab,78.30962262821444,-0.15656267320370887,-0.001999277584914582
R52-C-75,R52-C-75__P1__huayi_sy3_phase1_wgs1__plateau_2022-09-29N_012__W002,1,train,low_capacity_alpha_wgs_xt,reference,1,H2_dry_vol_pct,28.47387335333333,4.266859161963308e-23,-28.47387335333333,0.0559313746145504,1,0.0079890391553448,,,completed,poor,a2955d2a2f6e850b88d8b206f465d810e1ad86ab,1.1412813699674245e-16,-1.1412809432815082e-16,-0.00011412809432815083
R52-C-75,R52-C-75__P1__huayi_sy3_phase1_wgs1__plateau_2022-09-29N_012__W002,1,train,low_capacity_alpha_wgs_xt,reference,1,CO2_dry_vol_pct,9.406163038933334,18.584384762411503,9.178221723478172,0.0559313746145504,1,0.0079890391553448,,,completed,poor,a2955d2a2f6e850b88d8b206f465d810e1ad86ab,18.447331267762127,0.13705349464937555,0.007429448339168992
R52-C-75,R52-C-75__P1__huayi_sy3_phase1_wgs1__plateau_2022-09-29N_012__W002,1,train,low_capacity_alpha_wgs_xt,reference,1,H2_CO_ratio,0.4635200078628699,5.459618810088242e-25,-0.4635200078628699,0.0559313746145504,1,0.0079890391553448,,,completed,poor,a2955d2a2f6e850b88d8b206f465d810e1ad86ab,1.4573960793883693e-18,-1.4573955334264882e-18,-1.4573955334264883e-06
R52-C-75,R52-C-75__P1__huayi_sy3_phase1_wgs1__plateau_2022-09-29N_012__W002,1,train,low_capacity_alpha_wgs_xt,reference,1,dry_syngas_flow,125814.25163980546,125814.25163980546,0.0,0.0559313746145504,1,0.0079890391553448,,,completed,poor,a2955d2a2f6e850b88d8b206f465d810e1ad86ab,55466.94413562259,70347.30750418287,1.2682744398569392
R52-C-75,R52-C-75__P1__huayi_sy3_phase1_wgs1__plateau_2022-09-29N_013__W001,1,train,low_capacity_alpha_wgs_xt,reference,1,CO_dry_vol_pct,61.23517252666667,78.12952605387373,16.89435352720706,0.0576473411110419,1,0.0080422718923867,,,completed,poor,a2955d2a2f6e850b88d8b206f465d810e1ad86ab,78.28483301877469,-0.15530696490095863,-0.0019838704243478693
R52-C-75,R52-C-75__P1__huayi_sy3_phase1_wgs1__plateau_2022-09-29N_013__W001,1,train,low_capacity_alpha_wgs_xt,reference,1,H2_dry_vol_pct,28.351085056,2.885208591437202e-22,-28.351085056,0.0576473411110419,1,0.0080422718923867,,,completed,poor,a2955d2a2f6e850b88d8b206f465d810e1ad86ab,3.5189545740892526e-16,-3.5189516888806613e-16,-0.00035189516888806615
R52-C-75,R52-C-75__P1__huayi_sy3_phase1_wgs1__plateau_2022-09-29N_013__W001,1,train,low_capacity_alpha_wgs_xt,reference,1,CO2_dry_vol_pct,9.726155910799998,18.597556996662178,8.87140108586218,0.0576473411110419,1,0.0080422718923867,,,completed,poor,a2955d2a2f6e850b88d8b206f465d810e1ad86ab,18.46173103376681,0.13582596289536752,0.007357162914297668
R52-C-75,R52-C-75__P1__huayi_sy3_phase1_wgs1__plateau_2022-09-29N_013__W001,1,train,low_capacity_alpha_wgs_xt,reference,1,H2_CO_ratio,0.462987329843112,3.6928530571754975e-24,-0.462987329843112,0.0576473411110419,1,0.0080422718923867,,,completed,poor,a2955d2a2f6e850b88d8b206f465d810e1ad86ab,4.4950655681226504e-18,-4.495061875269593e-18,-4.495061875269593e-06
R52-C-75,R52-C-75__P1__huayi_sy3_phase1_wgs1__plateau_2022-09-29N_013__W001,1,train,low_capacity_alpha_wgs_xt,reference,1,dry_syngas_flow,124529.17825073126,124529.17825073126,0.0,0.0576473411110419,1,0.0080422718923867,,,completed,poor,a2955d2a2f6e850b88d8b206f465d810e1ad86ab,55456.80128077502,69072.37696995624,1.2455167873863882
R52-C-75,R52-C-75__P1__huayi_sy3_phase1_wgs1__plateau_2022-09-29N_013__W002,1,train,low_capacity_alpha_wgs_xt,reference,1,CO_dry_vol_pct,61.34796064933334,78.11659412965973,16.768633480326393,0.0568965861355287,1,0.0080650439053273,,,completed,poor,a2955d2a2f6e850b88d8b206f465d810e1ad86ab,78.2734984547738,-0.15690432511406982,-0.0020045651237210085
R52-C-75,R52-C-75__P1__huayi_sy3_phase1_wgs1__plateau_2022-09-29N_013__W002,1,train,low_capacity_alpha_wgs_xt,reference,1,H2_dry_vol_pct,28.42986280533333,5.280810413572138e-22,-28.42986280533333,0.0568965861355287,1,0.0080650439053273,,,completed,poor,a2955d2a2f6e850b88d8b206f465d810e1ad86ab,1.6805994962221608e-17,-1.680546688118025e-17,-1.680546688118025e-05
R52-C-75,R52-C-75__P1__huayi_sy3_phase1_wgs1__plateau_2022-09-29N_013__W002,1,train,low_capacity_alpha_wgs_xt,reference,1,CO2_dry_vol_pct,9.526292269066666,18.605431563329457,9.079139294262792,0.0568965861355287,1,0.0080650439053273,,,completed,poor,a2955d2a2f6e850b88d8b206f465d810e1ad86ab,18.468289972641973,0.13714159068748444,0.007425787167660857
R52-C-75,R52-C-75__P1__huayi_sy3_phase1_wgs1__plateau_2022-09-29N_013__W002,1,train,low_capacity_alpha_wgs_xt,reference,1,H2_CO_ratio,0.4634215858310622,6.76016469024101e-24,-0.4634215858310622,0.0568965861355287,1,0.0080650439053273,,,completed,poor,a2955d2a2f6e850b88d8b206f465d810e1ad86ab,2.1470862161516982e-19,-2.1470186145047957e-19,-2.1470186145047958e-07
R52-C-75,R52-C-75__P1__huayi_sy3_phase1_wgs1__plateau_2022-09-29N_013__W002,1,train,low_capacity_alpha_wgs_xt,reference,1,dry_syngas_flow,125086.64042199503,125086.64042199503,0.0,0.0568965861355287,1,0.0080650439053273,,,completed,poor,a2955d2a2f6e850b88d8b206f465d810e1ad86ab,55368.24917259482,69718.39124940021,1.2591763743887385
R52-C-75,R52-C-75__P1__huayi_sy3_phase1_wgs1__plateau_2022-09-29N_014__W001,1,train,low_capacity_alpha_wgs_xt,reference,1,CO_dry_vol_pct,61.89400353333333,77.1742316699623,15.280228136628963,0.0641607757890814,1,0.0101753987256564,,,completed,poor,a2955d2a2f6e850b88d8b206f465d810e1ad86ab,77.33632109959116,-0.16208942962886397,-0.002095903028799761
R52-C-75,R52-C-75__P1__huayi_sy3_phase1_wgs1__plateau_2022-09-29N_014__W001,1,train,low_capacity_alpha_wgs_xt,reference,1,H2_dry_vol_pct,28.386447073333336,2.4356479796945724e-21,-28.386447073333336,0.0641607757890814,1,0.0101753987256564,,,completed,poor,a2955d2a2f6e850b88d8b206f465d810e1ad86ab,1.6473866507260663e-14,-1.6473864071612682e-14,-0.016473864071612682
R52-C-75,R52-C-75__P1__huayi_sy3_phase1_wgs1__plateau_2022-09-29N_014__W001,1,train,low_capacity_alpha_wgs_xt,reference,1,CO2_dry_vol_pct,8.985238286399998,19.13803594854141,10.152797662141412,0.0641607757890814,1,0.0101753987256564,,,completed,poor,a2955d2a2f6e850b88d8b206f465d810e1ad86ab,19.00136831722932,0.1366676313120898,0.007192515245766151
R52-C-75,R52-C-75__P1__huayi_sy3_phase1_wgs1__plateau_2022-09-29N_014__W001,1,train,low_capacity_alpha_wgs_xt,reference,1,H2_CO_ratio,0.4586294172866595,3.156037872991969e-23,-0.4586294172866595,0.0641607757890814,1,0.0101753987256564,,,completed,poor,a2955d2a2f6e850b88d8b206f465d810e1ad86ab,2.1301590601971048e-16,-2.1301587445933176e-16,-0.00021301587445933176
R52-C-75,R52-C-75__P1__huayi_sy3_phase1_wgs1__plateau_2022-09-29N_014__W001,1,train,low_capacity_alpha_wgs_xt,reference,1,dry_syngas_flow,119976.87365274316,119976.87365274316,0.0,0.0641607757890814,1,0.0101753987256564,,,completed,poor,a2955d2a2f6e850b88d8b206f465d810e1ad86ab,50379.82642938155,69597.04722336162,1.3814467447782346
R52-C-75,R52-C-75__P1__huayi_sy3_phase1_wgs1__shift_morning_handover_2022-09-30__W001,1,train,low_capacity_alpha_wgs_xt,reference,1,CO_dry_vol_pct,61.39552760133334,77.67129685596919,16.275769254635847,0.0671704982865998,1,0.0091036650318558,,,completed,poor,a2955d2a2f6e850b88d8b206f465d810e1ad86ab,77.80926509863275,-0.1379682426635611,-0.0017731595651066683
R52-C-75,R52-C-75__P1__huayi_sy3_phase1_wgs1__shift_morning_handover_2022-09-30__W001,1,train,low_capacity_alpha_wgs_xt,reference,1,H2_dry_vol_pct,28.172186581333328,8.495644195263761e-20,-28.172186581333328,0.0671704982865998,1,0.0091036650318558,,,completed,poor,a2955d2a2f6e850b88d8b206f465d810e1ad86ab,1.912596497915248e-16,-1.9117469334957216e-16,-0.00019117469334957216
R52-C-75,R52-C-75__P1__huayi_sy3_phase1_wgs1__shift_morning_handover_2022-09-30__W001,1,train,low_capacity_alpha_wgs_xt,reference,1,CO2_dry_vol_pct,9.7322851064,18.85288000819057,9.120594901790575,0.0671704982865998,1,0.0091036650318558,,,completed,poor,a2955d2a2f6e850b88d8b206f465d810e1ad86ab,18.734531984045717,0.11834802414485424,0.006317105986188453
R52-C-75,R52-C-75__P1__huayi_sy3_phase1_wgs1__shift_morning_handover_2022-09-30__W001,1,train,low_capacity_alpha_wgs_xt,reference,1,H2_CO_ratio,0.4588624177105995,1.093794559786709e-21,-0.4588624177105995,0.0671704982865998,1,0.0091036650318558,,,completed,poor,a2955d2a2f6e850b88d8b206f465d810e1ad86ab,2.4580575275846628e-18,-2.456963733024876e-18,-2.456963733024876e-06
R52-C-75,R52-C-75__P1__huayi_sy3_phase1_wgs1__shift_morning_handover_2022-09-30__W001,1,train,low_capacity_alpha_wgs_xt,reference,1,dry_syngas_flow,118027.3999705996,118027.3999705996,0.0,0.0671704982865998,1,0.0091036650318558,,,completed,poor,a2955d2a2f6e850b88d8b206f465d810e1ad86ab,51534.026384431774,66493.37358616781,1.2902809706763996
R52-C-75,R52-C-75__P1__huayi_sy3_phase1_wgs1__plateau_2022-09-30D_015__W001,1,train,low_capacity_alpha_wgs_xt,reference,1,CO_dry_vol_pct,60.257787016,78.59028194361181,18.33249492761181,0.0583047526439573,1,0.0071605620115803,,,completed,poor,a2955d2a2f6e850b88d8b206f465d810e1ad86ab,78.72335135887518,-0.13306941526336402,-0.0016903423567010264
R52-C-75,R52-C-75__P1__huayi_sy3_phase1_wgs1__plateau_2022-09-30D_015__W001,1,train,low_capacity_alpha_wgs_xt,reference,1,H2_dry_vol_pct,27.457997374666665,3.3949561415230315e-20,-27.457997374666665,0.0583047526439573,1,0.0071605620115803,,,completed,poor,a2955d2a2f6e850b88d8b206f465d810e1ad86ab,1.7181422065269194e-17,-1.7147472503853965e-17,-1.7147472503853966e-05
R52-C-75,R52-C-75__P1__huayi_sy3_phase1_wgs1__plateau_2022-09-30D_015__W001,1,train,low_capacity_alpha_wgs_xt,reference,1,CO2_dry_vol_pct,8.9333358652,18.323976718026035,9.390640852826037,0.0583047526439573,1,0.0071605620115803,,,completed,poor,a2955d2a2f6e850b88d8b206f465d810e1ad86ab,18.205658539927388,0.11831817809864731,0.00649897820719641
R52-C-75,R52-C-75__P1__huayi_sy3_phase1_wgs1__plateau_2022-09-30D_015__W001,1,train,low_capacity_alpha_wgs_xt,reference,1,H2_CO_ratio,0.4556792660181357,4.319816722325666e-22,-0.4556792660181357,0.0583047526439573,1,0.0071605620115803,,,completed,poor,a2955d2a2f6e850b88d8b206f465d810e1ad86ab,2.1825064315344574e-19,-2.178186614812132e-19,-2.178186614812132e-07
R52-C-75,R52-C-75__P1__huayi_sy3_phase1_wgs1__plateau_2022-09-30D_015__W001,1,train,low_capacity_alpha_wgs_xt,reference,1,dry_syngas_flow,124046.95692783035,124046.95692783035,0.0,0.0583047526439573,1,0.0071605620115803,,,completed,poor,a2955d2a2f6e850b88d8b206f465d810e1ad86ab,55808.34386430259,68238.61306352777,1.222731375606652
R52-C-75,R52-C-75__P1__huayi_sy3_phase1_wgs1__plateau_2022-09-30D_015__W002,1,train,low_capacity_alpha_wgs_xt,reference,1,CO_dry_vol_pct,61.92098582,78.81462743733807,16.893641617338076,0.0577927722285521,1,0.0067384306023159,,,completed,poor,a2955d2a2f6e850b88d8b206f465d810e1ad86ab,78.94101239745814,-0.12638496012006328,-0.0016010050578491545
R52-C-75,R52-C-75__P1__huayi_sy3_phase1_wgs1__plateau_2022-09-30D_015__W002,1,train,low_capacity_alpha_wgs_xt,reference,1,H2_dry_vol_pct,27.88733307066667,1.83023518206196e-19,-27.88733307066667,0.0577927722285521,1,0.0067384306023159,,,completed,poor,a2955d2a2f6e850b88d8b206f465d810e1ad86ab,7.339908920211513e-19,-5.509673738149553e-19,-5.509673738149553e-07
R52-C-75,R52-C-75__P1__huayi_sy3_phase1_wgs1__plateau_2022-09-30D_015__W002,1,train,low_capacity_alpha_wgs_xt,reference,1,CO2_dry_vol_pct,9.480135004,18.19035408058033,8.710219076580332,0.0577927722285521,1,0.0067384306023159,,,completed,poor,a2955d2a2f6e850b88d8b206f465d810e1ad86ab,18.077045046014092,0.11330903456623886,0.0062681170665790315
R52-C-75,R52-C-75__P1__huayi_sy3_phase1_wgs1__plateau_2022-09-30D_015__W002,1,train,low_capacity_alpha_wgs_xt,reference,1,H2_CO_ratio,0.4503936341736568,2.322202415429923e-21,-0.4503936341736568,0.0577927722285521,1,0.0067384306023159,,,completed,poor,a2955d2a2f6e850b88d8b206f465d810e1ad86ab,9.297966541467683e-21,-6.97576412603776e-21,-6.9757641260377605e-09
R52-C-75,R52-C-75__P1__huayi_sy3_phase1_wgs1__plateau_2022-09-30D_015__W002,1,train,low_capacity_alpha_wgs_xt,reference,1,dry_syngas_flow,124422.03030238024,124422.03030238024,0.0,0.0577927722285521,1,0.0067384306023159,,,completed,poor,a2955d2a2f6e850b88d8b206f465d810e1ad86ab,56447.94818914456,67974.08211323568,1.2041904851079723
R52-C-75,R52-C-75__P1__huayi_sy3_phase1_wgs1__plateau_2022-09-30D_016__W001,1,train,low_capacity_alpha_wgs_xt,reference,1,CO_dry_vol_pct,62.62935912533333,78.81276578769354,16.183406662360206,0.0503456039252288,1,0.0066877705008561,,,completed,poor,a2955d2a2f6e850b88d8b206f465d810e1ad86ab,78.95793152465457,-0.14516573696103308,-0.0018385200087936088
R52-C-75,R52-C-75__P1__huayi_sy3_phase1_wgs1__plateau_2022-09-30D_016__W001,1,train,low_capacity_alpha_wgs_xt,reference,1,H2_dry_vol_pct,28.230895063999995,4.724075838219756e-20,-28.230895063999995,0.0503456039252288,1,0.0066877705008561,,,completed,poor,a2955d2a2f6e850b88d8b206f465d810e1ad86ab,1.9846293235979904e-17,-1.9799052477597707e-17,-1.9799052477597708e-05
R52-C-75,R52-C-75__P1__huayi_sy3_phase1_wgs1__plateau_2022-09-30D_016__W001,1,train,low_capacity_alpha_wgs_xt,reference,1,CO2_dry_vol_pct,8.3601744244,18.197356407447923,9.837181983047923,0.0503456039252288,1,0.0066877705008561,,,completed,poor,a2955d2a2f6e850b88d8b206f465d810e1ad86ab,18.06699054821029,0.1303658592376351,0.007215693111133504
R52-C-75,R52-C-75__P1__huayi_sy3_phase1_wgs1__plateau_2022-09-30D_016__W001,1,train,low_capacity_alpha_wgs_xt,reference,1,H2_CO_ratio,0.4507668222285634,5.9940490490404955e-22,-0.4507668222285634,0.0503456039252288,1,0.0066877705008561,,,completed,poor,a2955d2a2f6e850b88d8b206f465d810e1ad86ab,2.5135275016396435e-19,-2.507533452590603e-19,-2.507533452590603e-07
R52-C-75,R52-C-75__P1__huayi_sy3_phase1_wgs1__plateau_2022-09-30D_016__W001,1,train,low_capacity_alpha_wgs_xt,reference,1,dry_syngas_flow,130288.5744699803,130288.5744699803,0.0,0.0503456039252288,1,0.0066877705008561,,,completed,poor,a2955d2a2f6e850b88d8b206f465d810e1ad86ab,57927.65130581715,72360.92316416316,1.2491603152033304
R52-C-75,R52-C-75__P1__huayi_sy3_phase1_wgs1__plateau_2022-09-30D_017__W001,1,train,low_capacity_alpha_wgs_xt,reference,1,CO_dry_vol_pct,62.589729402666656,78.76241960159747,16.172690198930816,0.0512635107301177,1,0.0067849521293045,,,completed,poor,a2955d2a2f6e850b88d8b206f465d810e1ad86ab,78.9077136943767,-0.14529409277922412,-0.0018413167227474543
R52-C-75,R52-C-75__P1__huayi_sy3_phase1_wgs1__plateau_2022-09-30D_017__W001,1,train,low_capacity_alpha_wgs_xt,reference,1,H2_dry_vol_pct,28.14056662933333,3.966965231760807e-18,-28.14056662933333,0.0512635107301177,1,0.0067849521293045,,,completed,poor,a2955d2a2f6e850b88d8b206f465d810e1ad86ab,5.411214178509366e-17,-5.0145176553332855e-17,-5.0145176553332855e-05
R52-C-75,R52-C-75__P1__huayi_sy3_phase1_wgs1__plateau_2022-09-30D_017__W001,1,train,low_capacity_alpha_wgs_xt,reference,1,CO2_dry_vol_pct,8.533471153333334,18.22698313526681,9.693511981933476,0.0512635107301177,1,0.0067849521293045,,,completed,poor,a2955d2a2f6e850b88d8b206f465d810e1ad86ab,18.09679812867,0.1301850065968111,0.007193814379272123
R52-C-75,R52-C-75__P1__huayi_sy3_phase1_wgs1__plateau_2022-09-30D_017__W001,1,train,low_capacity_alpha_wgs_xt,reference,1,H2_CO_ratio,0.4496039716636205,5.036621845579193e-20,-0.4496039716636205,0.0512635107301177,1,0.0067849521293045,,,completed,poor,a2955d2a2f6e850b88d8b206f465d810e1ad86ab,6.857649176692586e-19,-6.353986992134666e-19,-6.353986992134666e-07
R52-C-75,R52-C-75__P1__huayi_sy3_phase1_wgs1__plateau_2022-09-30D_017__W001,1,train,low_capacity_alpha_wgs_xt,reference,1,dry_syngas_flow,129520.22150821247,129520.22150821247,0.0,0.0512635107301177,1,0.0067849521293045,,,completed,poor,a2955d2a2f6e850b88d8b206f465d810e1ad86ab,57819.52403257882,71700.69747563366,1.2400776152227297
R52-C-75,R52-C-75__P1__huayi_sy3_phase1_wgs1__plateau_2022-09-30D_017__W002,1,train,low_capacity_alpha_wgs_xt,reference,1,CO_dry_vol_pct,62.55620494133332,78.93619980085312,16.379994859519798,0.0517744865094399,1,0.0064710985208023,,,completed,poor,a2955d2a2f6e850b88d8b206f465d810e1ad86ab,79.07440146116414,-0.13820166031102588,-0.001747742098040425
R52-C-75,R52-C-75__P1__huayi_sy3_phase1_wgs1__plateau_2022-09-30D_017__W002,1,train,low_capacity_alpha_wgs_xt,reference,1,H2_dry_vol_pct,28.07742052533334,1.0959232276706077e-19,-28.07742052533334,0.0517744865094399,1,0.0064710985208023,,,completed,poor,a2955d2a2f6e850b88d8b206f465d810e1ad86ab,3.769512097991913e-18,-3.659919775224852e-18,-3.6599197752248523e-06
R52-C-75,R52-C-75__P1__huayi_sy3_phase1_wgs1__plateau_2022-09-30D_017__W002,1,train,low_capacity_alpha_wgs_xt,reference,1,CO2_dry_vol_pct,8.642976686000003,18.122360857003283,9.47938417100328,0.0517744865094399,1,0.0064710985208023,,,completed,poor,a2955d2a2f6e850b88d8b206f465d810e1ad86ab,17.997730782725927,0.12463007427735562,0.006924766004221739
R52-C-75,R52-C-75__P1__huayi_sy3_phase1_wgs1__plateau_2022-09-30D_017__W002,1,train,low_capacity_alpha_wgs_xt,reference,1,H2_CO_ratio,0.4488339496488767,1.38836583270476e-21,-0.4488339496488767,0.0517744865094399,1,0.0064710985208023,,,completed,poor,a2955d2a2f6e850b88d8b206f465d810e1ad86ab,4.7670447430996177e-20,-4.6282081598291414e-20,-4.628208159829141e-08
R52-C-75,R52-C-75__P1__huayi_sy3_phase1_wgs1__plateau_2022-09-30D_017__W002,1,train,low_capacity_alpha_wgs_xt,reference,1,dry_syngas_flow,129098.43809270563,129098.43809270563,0.0,0.0517744865094399,1,0.0064710985208023,,,completed,poor,a2955d2a2f6e850b88d8b206f465d810e1ad86ab,58123.46814383978,70974.96994886585,1.2211069334889324
R52-C-75,R52-C-75__P1__huayi_sy3_phase1_wgs1__shift_evening_handover_2022-09-30__W001,1,train,low_capacity_alpha_wgs_xt,reference,1,CO_dry_vol_pct,62.35185672666667,78.71240399203117,16.360547265364502,0.0526104143073187,1,0.0068783884790915,,,completed,poor,a2955d2a2f6e850b88d8b206f465d810e1ad86ab,78.85898413871722,-0.14658014668604835,-0.0018587628066347639
R52-C-75,R52-C-75__P1__huayi_sy3_phase1_wgs1__shift_evening_handover_2022-09-30__W001,1,train,low_capacity_alpha_wgs_xt,reference,1,H2_dry_vol_pct,28.06596186666667,6.778475508041352e-20,-28.06596186666667,0.0526104143073187,1,0.0068783884790915,,,completed,poor,a2955d2a2f6e850b88d8b206f465d810e1ad86ab,3.3333979820188805e-16,-3.3327201344680764e-16,-0.00033327201344680765
R52-C-75,R52-C-75__P1__huayi_sy3_phase1_wgs1__shift_evening_handover_2022-09-30__W001,1,train,low_capacity_alpha_wgs_xt,reference,1,CO2_dry_vol_pct,8.877409084133333,18.256784950042857,9.379375865909523,0.0526104143073187,1,0.0068783884790915,,,completed,poor,a2955d2a2f6e850b88d8b206f465d810e1ad86ab,18.12570635346093,0.13107859658192567,0.007231640744135605
R52-C-75,R52-C-75__P1__huayi_sy3_phase1_wgs1__shift_evening_handover_2022-09-30__W001,1,train,low_capacity_alpha_wgs_xt,reference,1,H2_CO_ratio,0.450119819045538,8.611699254831048e-22,-0.450119819045538,0.0526104143073187,1,0.0068783884790915,,,completed,poor,a2955d2a2f6e850b88d8b206f465d810e1ad86ab,4.227036422578375e-18,-4.2261752526528915e-18,-4.226175252652891e-06
R52-C-75,R52-C-75__P1__huayi_sy3_phase1_wgs1__shift_evening_handover_2022-09-30__W001,1,train,low_capacity_alpha_wgs_xt,reference,1,dry_syngas_flow,128417.31845519706,128417.31845519706,0.0,0.0526104143073187,1,0.0068783884790915,,,completed,poor,a2955d2a2f6e850b88d8b206f465d810e1ad86ab,57639.84808052815,70777.47037466892,1.2279260395653073
R52-C-75,R52-C-75__P1__huayi_sy3_phase1_wgs1__plateau_2022-09-30N_018__W001,1,train,low_capacity_alpha_wgs_xt,reference,1,CO_dry_vol_pct,62.259599325333326,78.96154952216706,16.701950196833735,0.0526306681773715,1,0.0064276599113859,,,completed,poor,a2955d2a2f6e850b88d8b206f465d810e1ad86ab,79.09803527215335,-0.13648574998629215,-0.0017255264244767185
R52-C-75,R52-C-75__P1__huayi_sy3_phase1_wgs1__plateau_2022-09-30N_018__W001,1,train,low_capacity_alpha_wgs_xt,reference,1,H2_dry_vol_pct,27.98676327733333,1.3766575301165083e-20,-27.98676327733333,0.0526306681773715,1,0.0064276599113859,,,completed,poor,a2955d2a2f6e850b88d8b206f465d810e1ad86ab,3.309591315300845e-15,-3.309577548725544e-15,-0.003309577548725544
R52-C-75,R52-C-75__P1__huayi_sy3_phase1_wgs1__plateau_2022-09-30N_018__W001,1,train,low_capacity_alpha_wgs_xt,reference,1,CO2_dry_vol_pct,9.0532056016,18.10685736145039,9.053651759850393,0.0526306681773715,1,0.0064276599113859,,,completed,poor,a2955d2a2f6e850b88d8b206f465d810e1ad86ab,17.98365333804032,0.12320402341007153,0.006850889588127319
R52-C-75,R52-C-75__P1__huayi_sy3_phase1_wgs1__plateau_2022-09-30N_018__W001,1,train,low_capacity_alpha_wgs_xt,reference,1,H2_CO_ratio,0.4495203403847758,1.743453033086738e-22,-0.4495203403847758,0.0526306681773715,1,0.0064276599113859,,,completed,poor,a2955d2a2f6e850b88d8b206f465d810e1ad86ab,4.184163745551332e-17,-4.184146311021001e-17,-4.184146311021001e-05
R52-C-75,R52-C-75__P1__huayi_sy3_phase1_wgs1__plateau_2022-09-30N_018__W001,1,train,low_capacity_alpha_wgs_xt,reference,1,dry_syngas_flow,128400.95007322318,128400.95007322318,0.0,0.0526306681773715,1,0.0064276599113859,,,completed,poor,a2955d2a2f6e850b88d8b206f465d810e1ad86ab,58143.21631137253,70257.73376185066,1.2083565068984425
R52-C-75,R52-C-75__P1__huayi_sy3_phase1_wgs1__plateau_2022-09-30N_018__W002,1,train,low_capacity_alpha_wgs_xt,reference,1,CO_dry_vol_pct,62.16879454666666,79.26849462804267,17.099700081376014,0.0507509561326929,1,0.0058739418351254,,,completed,poor,a2955d2a2f6e850b88d8b206f465d810e1ad86ab,79.40012252360673,-0.1316278955640513,-0.0016577795018504734
R52-C-75,R52-C-75__P1__huayi_sy3_phase1_wgs1__plateau_2022-09-30N_018__W002,1,train,low_capacity_alpha_wgs_xt,reference,1,H2_dry_vol_pct,27.956942894666668,6.255028967350543e-27,-27.956942894666668,0.0507509561326929,1,0.0058739418351254,,,completed,poor,a2955d2a2f6e850b88d8b206f465d810e1ad86ab,3.2804323402724955e-17,-3.280432339646993e-17,-3.280432339646993e-05
R52-C-75,R52-C-75__P1__huayi_sy3_phase1_wgs1__plateau_2022-09-30N_018__W002,1,train,low_capacity_alpha_wgs_xt,reference,1,CO2_dry_vol_pct,9.175156894666667,17.92266004335893,8.747503148692264,0.0507509561326929,1,0.0058739418351254,,,completed,poor,a2955d2a2f6e850b88d8b206f465d810e1ad86ab,17.80238671493803,0.12027332842090033,0.006756022680935172
R52-C-75,R52-C-75__P1__huayi_sy3_phase1_wgs1__plateau_2022-09-30N_018__W002,1,train,low_capacity_alpha_wgs_xt,reference,1,H2_CO_ratio,0.4497049194771154,7.89093951727161e-29,-0.4497049194771154,0.0507509561326929,1,0.0058739418351254,,,completed,poor,a2955d2a2f6e850b88d8b206f465d810e1ad86ab,4.1315205014918946e-19,-4.1315205007028007e-19,-4.1315205007028006e-07
R52-C-75,R52-C-75__P1__huayi_sy3_phase1_wgs1__plateau_2022-09-30N_018__W002,1,train,low_capacity_alpha_wgs_xt,reference,1,dry_syngas_flow,129947.55315520288,129947.55315520288,0.0,0.0507509561326929,1,0.0058739418351254,,,completed,poor,a2955d2a2f6e850b88d8b206f465d810e1ad86ab,58875.91922518327,71071.63393001961,1.207142663169152
R52-C-75,R52-C-75__P1__huayi_sy3_phase1_wgs1__plateau_2022-09-30N_018__W003,1,train,low_capacity_alpha_wgs_xt,reference,1,CO_dry_vol_pct,62.107403548000015,79.31978894783923,17.212385399839214,0.0490951095739165,1,0.0057830903089163,,,completed,poor,a2955d2a2f6e850b88d8b206f465d810e1ad86ab,79.45110810959541,-0.1313191617561813,-0.00165282983309734
R52-C-75,R52-C-75__P1__huayi_sy3_phase1_wgs1__plateau_2022-09-30N_018__W003,1,train,low_capacity_alpha_wgs_xt,reference,1,H2_dry_vol_pct,27.897127812,2.008408891457041e-20,-27.897127812,0.0490951095739165,1,0.0057830903089163,,,completed,poor,a2955d2a2f6e850b88d8b206f465d810e1ad86ab,1.4336144487667977e-17,-1.4316060398753406e-17,-1.4316060398753407e-05
R52-C-75,R52-C-75__P1__huayi_sy3_phase1_wgs1__plateau_2022-09-30N_018__W003,1,train,low_capacity_alpha_wgs_xt,reference,1,CO2_dry_vol_pct,9.2952522936,17.89176983659703,8.59651754299703,0.0490951095739165,1,0.0057830903089163,,,completed,poor,a2955d2a2f6e850b88d8b206f465d810e1ad86ab,17.771528941714827,0.12024089488220469,0.006765928540901461
R52-C-75,R52-C-75__P1__huayi_sy3_phase1_wgs1__plateau_2022-09-30N_018__W003,1,train,low_capacity_alpha_wgs_xt,reference,1,H2_CO_ratio,0.4491729835250674,2.5320401353787925e-22,-0.4491729835250674,0.0490951095739165,1,0.0057830903089163,,,completed,poor,a2955d2a2f6e850b88d8b206f465d810e1ad86ab,1.8043983059232604e-19,-1.8018662657878817e-19,-1.8018662657878817e-07
R52-C-75,R52-C-75__P1__huayi_sy3_phase1_wgs1__plateau_2022-09-30N_018__W003,1,train,low_capacity_alpha_wgs_xt,reference,1,dry_syngas_flow,131358.1794835775,131358.1794835775,0.0,0.0490951095739165,1,0.0057830903089163,,,completed,poor,a2955d2a2f6e850b88d8b206f465d810e1ad86ab,59181.41183123284,72176.76765234466,1.2195850930047185
R52-C-75,R52-C-75__P1__huayi_sy3_phase1_wgs1__plateau_2022-09-30N_018__W004,1,train,low_capacity_alpha_wgs_xt,reference,1,CO_dry_vol_pct,62.55384123733334,79.35503990056769,16.801198663234352,0.0464997521021936,1,0.0057066103290783,,,completed,poor,a2955d2a2f6e850b88d8b206f465d810e1ad86ab,79.49148606174822,-0.13644616118052966,-0.00171648773900817
R52-C-75,R52-C-75__P1__huayi_sy3_phase1_wgs1__plateau_2022-09-30N_018__W004,1,train,low_capacity_alpha_wgs_xt,reference,1,H2_dry_vol_pct,28.21034203066666,1.0619571400778144e-20,-28.21034203066666,0.0464997521021936,1,0.0057066103290783,,,completed,poor,a2955d2a2f6e850b88d8b206f465d810e1ad86ab,1.2297309530100377e-17,-1.2286689958699598e-17,-1.2286689958699598e-05
R52-C-75,R52-C-75__P1__huayi_sy3_phase1_wgs1__plateau_2022-09-30N_018__W004,1,train,low_capacity_alpha_wgs_xt,reference,1,CO2_dry_vol_pct,8.497962900933333,17.87224069210659,9.374277791173258,0.0464997521021936,1,0.0057066103290783,,,completed,poor,a2955d2a2f6e850b88d8b206f465d810e1ad86ab,17.74709204892581,0.12514864318077912,0.007051783065967366
R52-C-75,R52-C-75__P1__huayi_sy3_phase1_wgs1__plateau_2022-09-30N_018__W004,1,train,low_capacity_alpha_wgs_xt,reference,1,H2_CO_ratio,0.4509737069549503,1.3382352795845772e-22,-0.4509737069549503,0.0464997521021936,1,0.0057066103290783,,,completed,poor,a2955d2a2f6e850b88d8b206f465d810e1ad86ab,1.5469970608610772e-19,-1.5456588255814926e-19,-1.5456588255814927e-07
R52-C-75,R52-C-75__P1__huayi_sy3_phase1_wgs1__plateau_2022-09-30N_018__W004,1,train,low_capacity_alpha_wgs_xt,reference,1,dry_syngas_flow,133667.86264315297,133667.86264315297,0.0,0.0464997521021936,1,0.0057066103290783,,,completed,poor,a2955d2a2f6e850b88d8b206f465d810e1ad86ab,59620.89608050993,74046.96656264304,1.2419633288076157
R52-C-75,R52-C-75__P1__huayi_sy3_phase1_wgs1__plateau_2022-09-30N_018__W005,1,train,low_capacity_alpha_wgs_xt,reference,1,CO_dry_vol_pct,62.47337363866667,79.08314456218963,16.60977092352296,0.046237959949672,1,0.0061638033413227,,,completed,poor,a2955d2a2f6e850b88d8b206f465d810e1ad86ab,79.2326146940355,-0.14947013184587377,-0.0018864722869877172
R52-C-75,R52-C-75__P1__huayi_sy3_phase1_wgs1__plateau_2022-09-30N_018__W005,1,train,low_capacity_alpha_wgs_xt,reference,1,H2_dry_vol_pct,28.084389796,5.935904775598751e-20,-28.084389796,0.046237959949672,1,0.0061638033413227,,,completed,poor,a2955d2a2f6e850b88d8b206f465d810e1ad86ab,2.0669530685386526e-18,-2.0075940207826652e-18,-2.007594020782665e-06
R52-C-75,R52-C-75__P1__huayi_sy3_phase1_wgs1__plateau_2022-09-30N_018__W005,1,train,low_capacity_alpha_wgs_xt,reference,1,CO2_dry_vol_pct,8.739705993333333,18.03885613953553,9.2991501462022,0.046237959949672,1,0.0061638033413227,,,completed,poor,a2955d2a2f6e850b88d8b206f465d810e1ad86ab,17.903131416411174,0.1357247231243548,0.007581060540053942
R52-C-75,R52-C-75__P1__huayi_sy3_phase1_wgs1__plateau_2022-09-30N_018__W005,1,train,low_capacity_alpha_wgs_xt,reference,1,H2_CO_ratio,0.4495420403733147,7.505903828761965e-22,-0.4495420403733147,0.046237959949672,1,0.0061638033413227,,,completed,poor,a2955d2a2f6e850b88d8b206f465d810e1ad86ab,2.6087149547195863e-20,-2.5336559164319666e-20,-2.5336559164319666e-08
R52-C-75,R52-C-75__P1__huayi_sy3_phase1_wgs1__plateau_2022-09-30N_018__W005,1,train,low_capacity_alpha_wgs_xt,reference,1,dry_syngas_flow,133907.95837160238,133907.95837160238,0.0,0.046237959949672,1,0.0061638033413227,,,completed,poor,a2955d2a2f6e850b88d8b206f465d810e1ad86ab,59129.776408133985,74778.18196346839,1.2646450994051415
R52-C-75,R52-C-75__P1__huayi_sy3_phase1_wgs1__plateau_2022-09-30N_018__W006,1,train,low_capacity_alpha_wgs_xt,reference,1,CO_dry_vol_pct,62.547863098666674,78.54347209253942,15.995608993872745,0.0461310172999654,1,0.0071441495038019,,,completed,poor,a2955d2a2f6e850b88d8b206f465d810e1ad86ab,78.71364769457908,-0.17017560203966298,-0.0021619580215615237
R52-C-75,R52-C-75__P1__huayi_sy3_phase1_wgs1__plateau_2022-09-30N_018__W006,1,train,low_capacity_alpha_wgs_xt,reference,1,H2_dry_vol_pct,28.112040912,1.5237945798394313e-17,-28.112040912,0.0461310172999654,1,0.0071441495038019,,,completed,poor,a2955d2a2f6e850b88d8b206f465d810e1ad86ab,3.979366821073691e-17,-2.4555722412342597e-17,-2.4555722412342598e-05
R52-C-75,R52-C-75__P1__huayi_sy3_phase1_wgs1__plateau_2022-09-30N_018__W006,1,train,low_capacity_alpha_wgs_xt,reference,1,CO2_dry_vol_pct,8.641554167066666,18.362832903118413,9.721278736051747,0.0461310172999654,1,0.0071441495038019,,,completed,poor,a2955d2a2f6e850b88d8b206f465d810e1ad86ab,18.21136985641759,0.15146304670082245,0.008316949680061967
R52-C-75,R52-C-75__P1__huayi_sy3_phase1_wgs1__plateau_2022-09-30N_018__W006,1,train,low_capacity_alpha_wgs_xt,reference,1,H2_CO_ratio,0.4494502025515557,1.9400652138781266e-19,-0.4494502025515557,0.0461310172999654,1,0.0071441495038019,,,completed,poor,a2955d2a2f6e850b88d8b206f465d810e1ad86ab,5.055497918879633e-19,-3.115432705001506e-19,-3.115432705001506e-07
R52-C-75,R52-C-75__P1__huayi_sy3_phase1_wgs1__plateau_2022-09-30N_018__W006,1,train,low_capacity_alpha_wgs_xt,reference,1,dry_syngas_flow,134006.42930000604,134006.42930000604,0.0,0.0461310172999654,1,0.0071441495038019,,,completed,poor,a2955d2a2f6e850b88d8b206f465d810e1ad86ab,57758.33855255414,76248.0907474519,1.3201226465001932
R52-C-75,R52-C-75__P2__huayi_sy3sy2_phase2_wgs1__shift_morning_handover_2022-10-02__W001,2,train,low_capacity_alpha_wgs_xt,reference,1,CO_dry_vol_pct,62.806214492,84.47433099282627,21.668116500826265,0.0466985787104053,1,0.0123050531565522,,,completed,poor,a2955d2a2f6e850b88d8b206f465d810e1ad86ab,84.69996489995079,-0.22563390712451792,-0.0026639197240641245
R52-C-75,R52-C-75__P2__huayi_sy3sy2_phase2_wgs1__shift_morning_handover_2022-10-02__W001,2,train,low_capacity_alpha_wgs_xt,reference,1,H2_dry_vol_pct,27.67739392,2.5533206149065566e-20,-27.67739392,0.0466985787104053,1,0.0123050531565522,,,completed,poor,a2955d2a2f6e850b88d8b206f465d810e1ad86ab,7.688780096376394e-16,-7.688524764314903e-16,-0.0007688524764314903
R52-C-75,R52-C-75__P2__huayi_sy3sy2_phase2_wgs1__shift_morning_handover_2022-10-02__W001,2,train,low_capacity_alpha_wgs_xt,reference,1,CO2_dry_vol_pct,8.8062638492,12.094183625692768,3.2879197764927675,0.0466985787104053,1,0.0123050531565522,,,completed,poor,a2955d2a2f6e850b88d8b206f465d810e1ad86ab,11.912479663680058,0.1817039620127101,0.015253244256668665
R52-C-75,R52-C-75__P2__huayi_sy3sy2_phase2_wgs1__shift_morning_handover_2022-10-02__W001,2,train,low_capacity_alpha_wgs_xt,reference,1,H2_CO_ratio,0.4406797629169421,3.0225993919068626e-22,-0.4406797629169421,0.0466985787104053,1,0.0123050531565522,,,completed,poor,a2955d2a2f6e850b88d8b206f465d810e1ad86ab,9.077666213272375e-18,-9.077363953333184e-18,-9.077363953333184e-06
R52-C-75,R52-C-75__P2__huayi_sy3sy2_phase2_wgs1__shift_morning_handover_2022-10-02__W001,2,train,low_capacity_alpha_wgs_xt,reference,1,dry_syngas_flow,133486.41553050416,133486.41553050416,0.0,0.0466985787104053,1,0.0123050531565522,,,completed,poor,a2955d2a2f6e850b88d8b206f465d810e1ad86ab,58199.16906837035,75287.24646213381,1.2936137691878211
R52-C-75,R52-C-75__P2__huayi_sy3sy2_phase2_wgs1__plateau_2022-10-02D_007__W001,2,train,low_capacity_alpha_wgs_xt,reference,1,CO_dry_vol_pct,62.53256980133334,84.1668973270241,21.634327525690765,0.0490642257929185,1,0.0133821427461319,,,completed,poor,a2955d2a2f6e850b88d8b206f465d810e1ad86ab,84.39030277208576,-0.22340544506165827,-0.0026472881092157344
R52-C-75,R52-C-75__P2__huayi_sy3sy2_phase2_wgs1__plateau_2022-10-02D_007__W001,2,train,low_capacity_alpha_wgs_xt,reference,1,H2_dry_vol_pct,27.440647118666668,2.972617057487829e-18,-27.440647118666668,0.0490642257929185,1,0.0133821427461319,,,completed,poor,a2955d2a2f6e850b88d8b206f465d810e1ad86ab,1.9326987475513748e-16,-1.9029725769764965e-16,-0.00019029725769764965
R52-C-75,R52-C-75__P2__huayi_sy3sy2_phase2_wgs1__plateau_2022-10-02D_007__W001,2,train,low_capacity_alpha_wgs_xt,reference,1,CO2_dry_vol_pct,9.325112716266666,12.2365732001359,2.9114604838692326,0.0490642257929185,1,0.0133821427461319,,,completed,poor,a2955d2a2f6e850b88d8b206f465d810e1ad86ab,12.059117178593231,0.17745602154266926,0.014715506857971386
R52-C-75,R52-C-75__P2__huayi_sy3sy2_phase2_wgs1__plateau_2022-10-02D_007__W001,2,train,low_capacity_alpha_wgs_xt,reference,1,H2_CO_ratio,0.4388256725292306,3.5318125675204e-20,-0.4388256725292306,0.0490642257929185,1,0.0133821427461319,,,completed,poor,a2955d2a2f6e850b88d8b206f465d810e1ad86ab,2.290190559892936e-18,-2.254872434217732e-18,-2.2548724342177323e-06
R52-C-75,R52-C-75__P2__huayi_sy3sy2_phase2_wgs1__plateau_2022-10-02D_007__W001,2,train,low_capacity_alpha_wgs_xt,reference,1,dry_syngas_flow,131384.93922437524,131384.93922437524,0.0,0.0490642257929185,1,0.0133821427461319,,,completed,poor,a2955d2a2f6e850b88d8b206f465d810e1ad86ab,56842.40592432171,74542.53330005353,1.3113894826917996
R52-C-75,R52-C-75__P2__huayi_sy3sy2_phase2_wgs1__plateau_2022-10-02D_007__W002,2,train,low_capacity_alpha_wgs_xt,reference,1,CO_dry_vol_pct,62.62816938799999,84.14904091742939,21.5208715294294,0.0504252444218685,1,0.0134779042697695,,,completed,poor,a2955d2a2f6e850b88d8b206f465d810e1ad86ab,84.36557497543431,-0.21653405800492465,-0.002566616277646129
R52-C-75,R52-C-75__P2__huayi_sy3sy2_phase2_wgs1__plateau_2022-10-02D_007__W002,2,train,low_capacity_alpha_wgs_xt,reference,1,H2_dry_vol_pct,27.292091693333337,4.4523540177994496e-18,-27.292091693333337,0.0504252444218685,1,0.0134779042697695,,,completed,poor,a2955d2a2f6e850b88d8b206f465d810e1ad86ab,6.485453911301036e-14,-6.485008675899257e-14,-0.06485008675899256
R52-C-75,R52-C-75__P2__huayi_sy3sy2_phase2_wgs1__plateau_2022-10-02D_007__W002,2,train,low_capacity_alpha_wgs_xt,reference,1,CO2_dry_vol_pct,9.383415142133332,12.242419924801704,2.8590047826683733,0.0504252444218685,1,0.0134779042697695,,,completed,poor,a2955d2a2f6e850b88d8b206f465d810e1ad86ab,12.070661870746664,0.17175805405504008,0.014229381610903787
R52-C-75,R52-C-75__P2__huayi_sy3sy2_phase2_wgs1__plateau_2022-10-02D_007__W002,2,train,low_capacity_alpha_wgs_xt,reference,1,H2_CO_ratio,0.4357803814278319,5.291033586667122e-20,-0.4357803814278319,0.0504252444218685,1,0.0134779042697695,,,completed,poor,a2955d2a2f6e850b88d8b206f465d810e1ad86ab,7.687322599519389e-16,-7.686793496160723e-16,-0.0007686793496160723
R52-C-75,R52-C-75__P2__huayi_sy3sy2_phase2_wgs1__plateau_2022-10-02D_007__W002,2,train,low_capacity_alpha_wgs_xt,reference,1,dry_syngas_flow,130221.35699898964,130221.35699898964,0.0,0.0504252444218685,1,0.0134779042697695,,,completed,poor,a2955d2a2f6e850b88d8b206f465d810e1ad86ab,56621.62079949836,73599.73619949128,1.2998521617760426
R52-C-75,R52-C-75__P2__huayi_sy3sy2_phase2_wgs1__plateau_2022-10-02D_008__W001,2,train,low_capacity_alpha_wgs_xt,reference,1,CO_dry_vol_pct,63.24949256533333,84.54972183983685,21.30022927450352,0.0444221780264012,1,0.0120506468661291,,,completed,poor,a2955d2a2f6e850b88d8b206f465d810e1ad86ab,84.77563823902682,-0.22591639918996975,-0.0026648740591370527
R52-C-75,R52-C-75__P2__huayi_sy3sy2_phase2_wgs1__plateau_2022-10-02D_008__W001,2,train,low_capacity_alpha_wgs_xt,reference,1,H2_dry_vol_pct,27.331996638666663,2.6867110137888932e-20,-27.331996638666663,0.0444221780264012,1,0.0120506468661291,,,completed,poor,a2955d2a2f6e850b88d8b206f465d810e1ad86ab,8.390913758802136e-17,-8.388227047788347e-17,-8.388227047788348e-05
R52-C-75,R52-C-75__P2__huayi_sy3sy2_phase2_wgs1__plateau_2022-10-02D_008__W001,2,train,low_capacity_alpha_wgs_xt,reference,1,CO2_dry_vol_pct,8.695898946533333,12.058521883449872,3.362622936916539,0.0444221780264012,1,0.0120506468661291,,,completed,poor,a2955d2a2f6e850b88d8b206f465d810e1ad86ab,11.876005701479494,0.182516181970378,0.015368482178114854
R52-C-75,R52-C-75__P2__huayi_sy3sy2_phase2_wgs1__plateau_2022-10-02D_008__W001,2,train,low_capacity_alpha_wgs_xt,reference,1,H2_CO_ratio,0.4321289539973351,3.177669843643425e-22,-0.4321289539973351,0.0444221780264012,1,0.0120506468661291,,,completed,poor,a2955d2a2f6e850b88d8b206f465d810e1ad86ab,9.89778895576553e-19,-9.894611285921886e-19,-9.894611285921887e-07
R52-C-75,R52-C-75__P2__huayi_sy3sy2_phase2_wgs1__plateau_2022-10-02D_008__W001,2,train,low_capacity_alpha_wgs_xt,reference,1,dry_syngas_flow,135611.63994624343,135611.63994624343,0.0,0.0444221780264012,1,0.0120506468661291,,,completed,poor,a2955d2a2f6e850b88d8b206f465d810e1ad86ab,59645.437189457276,75966.20275678617,1.2736297416261322
R52-C-75,R52-C-75__P2__huayi_sy3sy2_phase2_wgs1__plateau_2022-10-02D_008__W002,2,train,low_capacity_alpha_wgs_xt,reference,1,CO_dry_vol_pct,63.08555071599999,84.60104240593586,21.515491689935864,0.0461095606085202,1,0.0118786260305794,,,completed,poor,a2955d2a2f6e850b88d8b206f465d810e1ad86ab,84.82643921668813,-0.22539681075227236,-0.0026571528032256417
R52-C-75,R52-C-75__P2__huayi_sy3sy2_phase2_wgs1__plateau_2022-10-02D_008__W002,2,train,low_capacity_alpha_wgs_xt,reference,1,H2_dry_vol_pct,27.280574058666662,7.49158555259958e-17,-27.280574058666662,0.0461095606085202,1,0.0118786260305794,,,completed,poor,a2955d2a2f6e850b88d8b206f465d810e1ad86ab,4.460175325898451e-19,7.446983799340596e-17,7.446983799340596e-05
R52-C-75,R52-C-75__P2__huayi_sy3sy2_phase2_wgs1__plateau_2022-10-02D_008__W002,2,train,low_capacity_alpha_wgs_xt,reference,1,CO2_dry_vol_pct,8.922514986666668,12.03415235295062,3.1116373662839507,0.0461095606085202,1,0.0118786260305794,,,completed,poor,a2955d2a2f6e850b88d8b206f465d810e1ad86ab,11.851659687194555,0.18249266575606526,0.015398068335799785
R52-C-75,R52-C-75__P2__huayi_sy3sy2_phase2_wgs1__plateau_2022-10-02D_008__W002,2,train,low_capacity_alpha_wgs_xt,reference,1,H2_CO_ratio,0.4324363383264407,8.85519296163418e-19,-0.4324363383264407,0.0461095606085202,1,0.0118786260305794,,,completed,poor,a2955d2a2f6e850b88d8b206f465d810e1ad86ab,5.25800135793156e-21,8.802612948054864e-19,8.802612948054865e-07
R52-C-75,R52-C-75__P2__huayi_sy3sy2_phase2_wgs1__plateau_2022-10-02D_008__W002,2,train,low_capacity_alpha_wgs_xt,reference,1,dry_syngas_flow,134026.21374089763,134026.21374089763,0.0,0.0461095606085202,1,0.0118786260305794,,,completed,poor,a2955d2a2f6e850b88d8b206f465d810e1ad86ab,60114.90279193685,73911.31094896077,1.22950063156177
R52-C-75,R52-C-75__P2__huayi_sy3sy2_phase2_wgs1__plateau_2022-10-02D_008__W003,2,train,low_capacity_alpha_wgs_xt,reference,1,CO_dry_vol_pct,63.07063903823528,84.54992327461865,21.47928423638337,0.0447140666626287,1,0.0119914007685365,,,completed,poor,a2955d2a2f6e850b88d8b206f465d810e1ad86ab,84.7882040730265,-0.23828079840785676,-0.0028103059973133755
R52-C-75,R52-C-75__P2__huayi_sy3sy2_phase2_wgs1__plateau_2022-10-02D_008__W003,2,train,low_capacity_alpha_wgs_xt,reference,1,H2_dry_vol_pct,27.202230354411764,6.103219941261078e-19,-27.202230354411764,0.0447140666626287,1,0.0119914007685365,,,completed,poor,a2955d2a2f6e850b88d8b206f465d810e1ad86ab,7.604753302248017e-16,-7.598650082306756e-16,-0.0007598650082306756
R52-C-75,R52-C-75__P2__huayi_sy3sy2_phase2_wgs1__plateau_2022-10-02D_008__W003,2,train,low_capacity_alpha_wgs_xt,reference,1,CO2_dry_vol_pct,9.006523823823533,12.062896964872026,3.0563731410484927,0.0447140666626287,1,0.0119914007685365,,,completed,poor,a2955d2a2f6e850b88d8b206f465d810e1ad86ab,11.870173519211196,0.19272344566083,0.016235941736565025
R52-C-75,R52-C-75__P2__huayi_sy3sy2_phase2_wgs1__plateau_2022-10-02D_008__W003,2,train,low_capacity_alpha_wgs_xt,reference,1,H2_CO_ratio,0.4312973684326845,7.218480756555844e-21,-0.4312973684326845,0.0447140666626287,1,0.0119914007685365,,,completed,poor,a2955d2a2f6e850b88d8b206f465d810e1ad86ab,8.969117090507288e-18,-8.961898609750733e-18,-8.961898609750732e-06
R52-C-75,R52-C-75__P2__huayi_sy3sy2_phase2_wgs1__plateau_2022-10-02D_008__W003,2,train,low_capacity_alpha_wgs_xt,reference,1,dry_syngas_flow,135333.12568400582,135333.12568400582,0.0,0.0447140666626287,1,0.0119914007685365,,,completed,poor,a2955d2a2f6e850b88d8b206f465d810e1ad86ab,59961.32101645969,75371.80466754612,1.257007073724346
R52-C-75,R52-C-75__P2__huayi_sy3sy2_phase2_wgs1__plateau_2022-10-02D_008__W004,2,train,low_capacity_alpha_wgs_xt,reference,1,CO_dry_vol_pct,62.77992547536232,84.60022273465788,21.82029725929556,0.0450692923046788,1,0.0118200588613745,,,completed,poor,a2955d2a2f6e850b88d8b206f465d810e1ad86ab,84.8389432815887,-0.23872054693082134,-0.0028138085847967797
R52-C-75,R52-C-75__P2__huayi_sy3sy2_phase2_wgs1__plateau_2022-10-02D_008__W004,2,train,low_capacity_alpha_wgs_xt,reference,1,H2_dry_vol_pct,27.104893466666667,1.5430666353929032e-19,-27.104893466666667,0.0450692923046788,1,0.0118200588613745,,,completed,poor,a2955d2a2f6e850b88d8b206f465d810e1ad86ab,1.6227449108997636e-14,-1.6227294802334096e-14,-0.016227294802334095
R52-C-75,R52-C-75__P2__huayi_sy3sy2_phase2_wgs1__plateau_2022-10-02D_008__W004,2,train,low_capacity_alpha_wgs_xt,reference,1,CO2_dry_vol_pct,9.396092198550727,12.039253813747576,2.643161615196848,0.0450692923046788,1,0.0118200588613745,,,completed,poor,a2955d2a2f6e850b88d8b206f465d810e1ad86ab,11.845737496265569,0.1935163174820076,0.01633636719900425
R52-C-75,R52-C-75__P2__huayi_sy3sy2_phase2_wgs1__plateau_2022-10-02D_008__W004,2,train,low_capacity_alpha_wgs_xt,reference,1,H2_CO_ratio,0.4317442957838846,1.82395103170427e-21,-0.4317442957838846,0.0450692923046788,1,0.0118200588613745,,,completed,poor,a2955d2a2f6e850b88d8b206f465d810e1ad86ab,1.9127358829938694e-16,-1.9127176434835524e-16,-0.00019127176434835524
R52-C-75,R52-C-75__P2__huayi_sy3sy2_phase2_wgs1__plateau_2022-10-02D_008__W004,2,train,low_capacity_alpha_wgs_xt,reference,1,dry_syngas_flow,134996.61895123284,134996.61895123284,0.0,0.0450692923046788,1,0.0118200588613745,,,completed,poor,a2955d2a2f6e850b88d8b206f465d810e1ad86ab,60146.08443978174,74850.5345114511,1.2444789250810075
R52-C-75,R52-C-75__P2__huayi_sy3sy2_phase2_wgs1__shift_evening_handover_2022-10-02__W001,2,train,low_capacity_alpha_wgs_xt,reference,1,CO_dry_vol_pct,63.41086326266668,84.42954650341873,21.01868324075205,0.0429450903477256,1,0.0123024240873801,,,completed,poor,a2955d2a2f6e850b88d8b206f465d810e1ad86ab,84.688855659144,-0.25930915572526203,-0.003061904116037775
R52-C-75,R52-C-75__P2__huayi_sy3sy2_phase2_wgs1__shift_evening_handover_2022-10-02__W001,2,train,low_capacity_alpha_wgs_xt,reference,1,H2_dry_vol_pct,27.417061404,1.1697404510564579e-20,-27.417061404,0.0429450903477256,1,0.0123024240873801,,,completed,poor,a2955d2a2f6e850b88d8b206f465d810e1ad86ab,8.901544781409025e-17,-8.90037504095797e-17,-8.900375040957969e-05
R52-C-75,R52-C-75__P2__huayi_sy3sy2_phase2_wgs1__shift_evening_handover_2022-10-02__W001,2,train,low_capacity_alpha_wgs_xt,reference,1,CO2_dry_vol_pct,8.441408170933336,12.126967485447263,3.685559314513928,0.0429450903477256,1,0.0123024240873801,,,completed,poor,a2955d2a2f6e850b88d8b206f465d810e1ad86ab,11.918000504250468,0.20896698119679513,0.017533728172126572
R52-C-75,R52-C-75__P2__huayi_sy3sy2_phase2_wgs1__shift_evening_handover_2022-10-02__W001,2,train,low_capacity_alpha_wgs_xt,reference,1,H2_CO_ratio,0.4323704069112698,1.3854633827851872e-22,-0.4323704069112698,0.0429450903477256,1,0.0123024240873801,,,completed,poor,a2955d2a2f6e850b88d8b206f465d810e1ad86ab,1.0510880932475926e-18,-1.050949546909314e-18,-1.0509495469093141e-06
R52-C-75,R52-C-75__P2__huayi_sy3sy2_phase2_wgs1__shift_evening_handover_2022-10-02__W001,2,train,low_capacity_alpha_wgs_xt,reference,1,dry_syngas_flow,137049.71626670065,137049.71626670065,0.0,0.0429450903477256,1,0.0123024240873801,,,completed,poor,a2955d2a2f6e850b88d8b206f465d810e1ad86ab,59594.875325158006,77454.84094154264,1.2996896212793156
R52-C-75,R52-C-75__P2__huayi_sy3sy2_phase2_wgs1__plateau_2022-10-02N_009__W001,2,train,low_capacity_alpha_wgs_xt,reference,1,CO_dry_vol_pct,63.46170394933334,84.3589715227352,20.897267573401862,0.0440512633174225,1,0.0125694276422455,,,completed,poor,a2955d2a2f6e850b88d8b206f465d810e1ad86ab,84.61273392685459,-0.2537624041193851,-0.0029991041813960985
R52-C-75,R52-C-75__P2__huayi_sy3sy2_phase2_wgs1__plateau_2022-10-02N_009__W001,2,train,low_capacity_alpha_wgs_xt,reference,1,H2_dry_vol_pct,27.516882504000005,9.4259377949271e-16,-27.516882504000005,0.0440512633174225,1,0.0125694276422455,,,completed,poor,a2955d2a2f6e850b88d8b206f465d810e1ad86ab,1.6171908447144387e-15,-6.745970652217286e-16,-0.0006745970652217286
R52-C-75,R52-C-75__P2__huayi_sy3sy2_phase2_wgs1__plateau_2022-10-02N_009__W001,2,train,low_capacity_alpha_wgs_xt,reference,1,CO2_dry_vol_pct,8.2832787328,12.15805529825043,3.8747765654504303,0.0440512633174225,1,0.0125694276422455,,,completed,poor,a2955d2a2f6e850b88d8b206f465d810e1ad86ab,11.954296712459838,0.2037585857905917,0.017044799095392728
R52-C-75,R52-C-75__P2__huayi_sy3sy2_phase2_wgs1__plateau_2022-10-02N_009__W001,2,train,low_capacity_alpha_wgs_xt,reference,1,H2_CO_ratio,0.4335975122152168,1.117360444868245e-17,-0.4335975122152168,0.0440512633174225,1,0.0125694276422455,,,completed,poor,a2955d2a2f6e850b88d8b206f465d810e1ad86ab,1.9112854172900928e-17,-7.939249724218479e-18,-7.939249724218478e-06
R52-C-75,R52-C-75__P2__huayi_sy3sy2_phase2_wgs1__plateau_2022-10-02N_009__W001,2,train,low_capacity_alpha_wgs_xt,reference,1,dry_syngas_flow,135968.2115162215,135968.2115162215,0.0,0.0440512633174225,1,0.0125694276422455,,,completed,poor,a2955d2a2f6e850b88d8b206f465d810e1ad86ab,59081.60681635042,76886.60469987107,1.3013627902650955
R52-C-75,R52-C-75__P2__huayi_sy3sy2_phase2_wgs1__plateau_2022-10-02N_009__W002,2,train,low_capacity_alpha_wgs_xt,reference,1,CO_dry_vol_pct,63.25691689866667,84.40414211237821,21.147225213711543,0.043386714203236,1,0.0124096103664086,,,completed,poor,a2955d2a2f6e850b88d8b206f465d810e1ad86ab,84.65903849267067,-0.25489638029246464,-0.003010858436746033
R52-C-75,R52-C-75__P2__huayi_sy3sy2_phase2_wgs1__plateau_2022-10-02N_009__W002,2,train,low_capacity_alpha_wgs_xt,reference,1,H2_dry_vol_pct,27.468237184000003,1.3603334113423462e-20,-27.468237184000003,0.043386714203236,1,0.0124096103664086,,,completed,poor,a2955d2a2f6e850b88d8b206f465d810e1ad86ab,3.7968436030720807e-16,-3.7967075697309463e-16,-0.00037967075697309464
R52-C-75,R52-C-75__P2__huayi_sy3sy2_phase2_wgs1__plateau_2022-10-02N_009__W002,2,train,low_capacity_alpha_wgs_xt,reference,1,CO2_dry_vol_pct,8.520277471866667,12.137324093498547,3.617046621631882,0.043386714203236,1,0.0124096103664086,,,completed,poor,a2955d2a2f6e850b88d8b206f465d810e1ad86ab,11.932203289194891,0.20512080430365565,0.017190522096568794
R52-C-75,R52-C-75__P2__huayi_sy3sy2_phase2_wgs1__plateau_2022-10-02N_009__W002,2,train,low_capacity_alpha_wgs_xt,reference,1,H2_CO_ratio,0.4342286925491855,1.6116903475319462e-22,-0.4342286925491855,0.043386714203236,1,0.0124096103664086,,,completed,poor,a2955d2a2f6e850b88d8b206f465d810e1ad86ab,4.484865019345561e-18,-4.4847038503108076e-18,-4.4847038503108075e-06
R52-C-75,R52-C-75__P2__huayi_sy3sy2_phase2_wgs1__plateau_2022-10-02N_009__W002,2,train,low_capacity_alpha_wgs_xt,reference,1,dry_syngas_flow,136614.63686025803,136614.63686025803,0.0,0.043386714203236,1,0.0124096103664086,,,completed,poor,a2955d2a2f6e850b88d8b206f465d810e1ad86ab,59250.38919705543,77364.24766320261,1.3057171220581176
R52-C-75,R52-C-75__P2__huayi_sy3sy2_phase2_wgs1__plateau_2022-10-02N_009__W003,2,train,low_capacity_alpha_wgs_xt,reference,1,CO_dry_vol_pct,62.98495327466667,84.46516023072869,21.480206956062013,0.0453930314073329,1,0.0122957496461992,,,completed,poor,a2955d2a2f6e850b88d8b206f465d810e1ad86ab,84.69966135823692,-0.23450112750823848,-0.0027686194224132345
R52-C-75,R52-C-75__P2__huayi_sy3sy2_phase2_wgs1__plateau_2022-10-02N_009__W003,2,train,low_capacity_alpha_wgs_xt,reference,1,H2_dry_vol_pct,27.480912090666667,2.5530774327103504e-21,-27.480912090666667,0.0453930314073329,1,0.0122957496461992,,,completed,poor,a2955d2a2f6e850b88d8b206f465d810e1ad86ab,1.2746432825969488e-16,-1.2746177518226218e-16,-0.00012746177518226218
R52-C-75,R52-C-75__P2__huayi_sy3sy2_phase2_wgs1__plateau_2022-10-02N_009__W003,2,train,low_capacity_alpha_wgs_xt,reference,1,CO2_dry_vol_pct,8.8139224204,12.101563454539097,3.287641034139094,0.0453930314073329,1,0.0122957496461992,,,completed,poor,a2955d2a2f6e850b88d8b206f465d810e1ad86ab,11.912670558865738,0.18889289567335865,0.015856469356720297
R52-C-75,R52-C-75__P2__huayi_sy3sy2_phase2_wgs1__plateau_2022-10-02N_009__W003,2,train,low_capacity_alpha_wgs_xt,reference,1,H2_CO_ratio,0.4363097806545441,3.022639660821401e-23,-0.4363097806545441,0.0453930314073329,1,0.0122957496461992,,,completed,poor,a2955d2a2f6e850b88d8b206f465d810e1ad86ab,1.5048977317699648e-18,-1.5048675053733565e-18,-1.5048675053733566e-06
R52-C-75,R52-C-75__P2__huayi_sy3sy2_phase2_wgs1__plateau_2022-10-02N_009__W003,2,train,low_capacity_alpha_wgs_xt,reference,1,dry_syngas_flow,134692.24161889203,134692.24161889203,0.0,0.0453930314073329,1,0.0122957496461992,,,completed,poor,a2955d2a2f6e850b88d8b206f465d810e1ad86ab,59261.701609601296,75430.54000929074,1.2728379030727974
R52-C-75,R52-C-75__P2__huayi_sy3sy2_phase2_wgs1__plateau_2022-10-02N_009__W004,2,train,low_capacity_alpha_wgs_xt,reference,1,CO_dry_vol_pct,63.326827236,84.42711250243696,21.10028526643696,0.044732592317119,1,0.0124381505812309,,,completed,poor,a2955d2a2f6e850b88d8b206f465d810e1ad86ab,84.65917391937687,-0.23206141693991356,-0.002741125458664547
R52-C-75,R52-C-75__P2__huayi_sy3sy2_phase2_wgs1__plateau_2022-10-02N_009__W004,2,train,low_capacity_alpha_wgs_xt,reference,1,H2_dry_vol_pct,27.554390776000005,3.550372432777108e-19,-27.554390776000005,0.044732592317119,1,0.0124381505812309,,,completed,poor,a2955d2a2f6e850b88d8b206f465d810e1ad86ab,7.598899243529832e-15,-7.598544206286555e-15,-0.007598544206286555
R52-C-75,R52-C-75__P2__huayi_sy3sy2_phase2_wgs1__plateau_2022-10-02N_009__W004,2,train,low_capacity_alpha_wgs_xt,reference,1,CO2_dry_vol_pct,8.383189950133334,12.118466726221538,3.735276776088204,0.044732592317119,1,0.0124381505812309,,,completed,poor,a2955d2a2f6e850b88d8b206f465d810e1ad86ab,11.931906807254025,0.18655991896751267,0.015635381836379515
R52-C-75,R52-C-75__P2__huayi_sy3sy2_phase2_wgs1__plateau_2022-10-02N_009__W004,2,train,low_capacity_alpha_wgs_xt,reference,1,H2_CO_ratio,0.4351170293875853,4.205251521156344e-21,-0.4351170293875853,0.044732592317119,1,0.0124381505812309,,,completed,poor,a2955d2a2f6e850b88d8b206f465d810e1ad86ab,8.975872184586235e-17,-8.975451659434119e-17,-8.975451659434119e-05
R52-C-75,R52-C-75__P2__huayi_sy3sy2_phase2_wgs1__plateau_2022-10-02N_009__W004,2,train,low_capacity_alpha_wgs_xt,reference,1,dry_syngas_flow,135315.51028535963,135315.51028535963,0.0,0.044732592317119,1,0.0124381505812309,,,completed,poor,a2955d2a2f6e850b88d8b206f465d810e1ad86ab,58759.48487030549,76556.02541505414,1.3028709421811535
R52-C-75,R52-C-75__P2__huayi_sy3sy2_phase2_wgs1__plateau_2022-10-02N_009__W005,2,train,low_capacity_alpha_wgs_xt,reference,1,CO_dry_vol_pct,63.19721617733333,84.44610819206385,21.248892014730515,0.0442318126038912,1,0.0123240289714723,,,completed,poor,a2955d2a2f6e850b88d8b206f465d810e1ad86ab,84.68860137821336,-0.24249318614951676,-0.0028633509374722007
R52-C-75,R52-C-75__P2__huayi_sy3sy2_phase2_wgs1__plateau_2022-10-02N_009__W005,2,train,low_capacity_alpha_wgs_xt,reference,1,H2_dry_vol_pct,27.47726098133333,3.13465010497315e-21,-27.47726098133333,0.0442318126038912,1,0.0123240289714723,,,completed,poor,a2955d2a2f6e850b88d8b206f465d810e1ad86ab,1.6450686701696242e-15,-1.6450655355195193e-15,-0.0016450655355195194
R52-C-75,R52-C-75__P2__huayi_sy3sy2_phase2_wgs1__plateau_2022-10-02N_009__W005,2,train,low_capacity_alpha_wgs_xt,reference,1,CO2_dry_vol_pct,8.603536797333334,12.1132744963767,3.509737699043366,0.0442318126038912,1,0.0123240289714723,,,completed,poor,a2955d2a2f6e850b88d8b206f465d810e1ad86ab,11.91796894771663,0.19530554866006966,0.016387485948055634
R52-C-75,R52-C-75__P2__huayi_sy3sy2_phase2_wgs1__plateau_2022-10-02N_009__W005,2,train,low_capacity_alpha_wgs_xt,reference,1,H2_CO_ratio,0.4347838002515001,3.712012515536792e-23,-0.4347838002515001,0.0442318126038912,1,0.0123240289714723,,,completed,poor,a2955d2a2f6e850b88d8b206f465d810e1ad86ab,1.9424912484064563e-17,-1.9424875363939407e-17,-1.9424875363939408e-05
R52-C-75,R52-C-75__P2__huayi_sy3sy2_phase2_wgs1__plateau_2022-10-02N_009__W005,2,train,low_capacity_alpha_wgs_xt,reference,1,dry_syngas_flow,135794.2705177406,135794.2705177406,0.0,0.0442318126038912,1,0.0123240289714723,,,completed,poor,a2955d2a2f6e850b88d8b206f465d810e1ad86ab,59180.295395877874,76613.97512186272,1.2945858855445855
R52-C-75,R52-C-75__P2__huayi_sy3sy2_phase2_wgs1__plateau_2022-10-02N_009__W006,2,train,low_capacity_alpha_wgs_xt,reference,1,CO_dry_vol_pct,62.72970422933334,84.51442507177272,21.784720842439377,0.0446555466122287,1,0.0120701638138554,,,completed,poor,a2955d2a2f6e850b88d8b206f465d810e1ad86ab,84.7614466859578,-0.24702161418507274,-0.0029143156923723927
R52-C-75,R52-C-75__P2__huayi_sy3sy2_phase2_wgs1__plateau_2022-10-02N_009__W006,2,train,low_capacity_alpha_wgs_xt,reference,1,H2_dry_vol_pct,27.448545144,5.433727943017406e-19,-27.448545144,0.0446555466122287,1,0.0120701638138554,,,completed,poor,a2955d2a2f6e850b88d8b206f465d810e1ad86ab,4.964710323357156e-17,-4.9103730439269823e-17,-4.910373043926983e-05
R52-C-75,R52-C-75__P2__huayi_sy3sy2_phase2_wgs1__plateau_2022-10-02N_009__W006,2,train,low_capacity_alpha_wgs_xt,reference,1,CO2_dry_vol_pct,9.115858959466664,12.082785915950051,2.966926956483388,0.0446555466122287,1,0.0120701638138554,,,completed,poor,a2955d2a2f6e850b88d8b206f465d810e1ad86ab,11.883181954291155,0.19960396165889627,0.016797181295942116
R52-C-75,R52-C-75__P2__huayi_sy3sy2_phase2_wgs1__plateau_2022-10-02N_009__W006,2,train,low_capacity_alpha_wgs_xt,reference,1,H2_CO_ratio,0.4375686736084317,6.429349709712735e-21,-0.4375686736084317,0.0446555466122287,1,0.0120701638138554,,,completed,poor,a2955d2a2f6e850b88d8b206f465d810e1ad86ab,5.857274170592521e-19,-5.792980673495394e-19,-5.792980673495395e-07
R52-C-75,R52-C-75__P2__huayi_sy3sy2_phase2_wgs1__plateau_2022-10-02N_009__W006,2,train,low_capacity_alpha_wgs_xt,reference,1,dry_syngas_flow,135388.818337183,135388.818337183,0.0,0.0446555466122287,1,0.0120701638138554,,,completed,poor,a2955d2a2f6e850b88d8b206f465d810e1ad86ab,59762.00147020362,75626.81686697938,1.2654666009585658
R52-C-75,R52-C-75__P2__huayi_sy3sy2_phase2_wgs1__plateau_2022-10-02N_010__W001,2,train,low_capacity_alpha_wgs_xt,reference,1,CO_dry_vol_pct,62.59200827866667,84.52959878247728,21.93759050381061,0.0450358854320859,1,0.0120500558898664,,,completed,poor,a2955d2a2f6e850b88d8b206f465d810e1ad86ab,84.76990402110305,-0.24030523862576558,-0.002834794275170381
R52-C-75,R52-C-75__P2__huayi_sy3sy2_phase2_wgs1__plateau_2022-10-02N_010__W001,2,train,low_capacity_alpha_wgs_xt,reference,1,H2_dry_vol_pct,27.38116125333333,7.898894966383054e-20,-27.38116125333333,0.0450358854320859,1,0.0120500558898664,,,completed,poor,a2955d2a2f6e850b88d8b206f465d810e1ad86ab,8.756731457964716e-18,-8.677742508300886e-18,-8.677742508300885e-06
R52-C-75,R52-C-75__P2__huayi_sy3sy2_phase2_wgs1__plateau_2022-10-02N_010__W001,2,train,low_capacity_alpha_wgs_xt,reference,1,CO2_dry_vol_pct,9.318938682933334,12.073244428764502,2.754305745831168,0.0450358854320859,1,0.0120500558898664,,,completed,poor,a2955d2a2f6e850b88d8b206f465d810e1ad86ab,11.879038247148905,0.19420618161559666,0.016348645199640483
R52-C-75,R52-C-75__P2__huayi_sy3sy2_phase2_wgs1__plateau_2022-10-02N_010__W001,2,train,low_capacity_alpha_wgs_xt,reference,1,H2_CO_ratio,0.4374573298597622,9.344531477914065e-22,-0.4374573298597622,0.0450358854320859,1,0.0120500558898664,,,completed,poor,a2955d2a2f6e850b88d8b206f465d810e1ad86ab,1.0330000439524824e-19,-1.0236555124745683e-19,-1.0236555124745683e-07
R52-C-75,R52-C-75__P2__huayi_sy3sy2_phase2_wgs1__plateau_2022-10-02N_010__W001,2,train,low_capacity_alpha_wgs_xt,reference,1,dry_syngas_flow,135028.15222970364,135028.15222970364,0.0,0.0450358854320859,1,0.0120500558898664,,,completed,poor,a2955d2a2f6e850b88d8b206f465d810e1ad86ab,59639.4368830895,75388.71534661415,1.264074902222799
R52-C-75,R52-C-75__P2__huayi_sy3sy2_phase2_wgs1__shift_morning_handover_2022-10-03__W001,2,train,low_capacity_alpha_wgs_xt,reference,1,CO_dry_vol_pct,62.62306532800001,84.2174523641552,21.5943870361552,0.0449890946404522,1,0.0130453336107669,,,completed,poor,a2955d2a2f6e850b88d8b206f465d810e1ad86ab,84.47428179280341,-0.2568294286482029,-0.003040326868692986
R52-C-75,R52-C-75__P2__huayi_sy3sy2_phase2_wgs1__shift_morning_handover_2022-10-03__W001,2,train,low_capacity_alpha_wgs_xt,reference,1,H2_dry_vol_pct,27.326839910666664,4.429177260868241e-19,-27.326839910666664,0.0449890946404522,1,0.0130453336107669,,,completed,poor,a2955d2a2f6e850b88d8b206f465d810e1ad86ab,2.6127108262845e-16,-2.6082816490236315e-16,-0.00026082816490236314
R52-C-75,R52-C-75__P2__huayi_sy3sy2_phase2_wgs1__shift_morning_handover_2022-10-03__W001,2,train,low_capacity_alpha_wgs_xt,reference,1,CO2_dry_vol_pct,9.342854366266666,12.224913648676266,2.8820592824096,0.0449890946404522,1,0.0130453336107669,,,completed,poor,a2955d2a2f6e850b88d8b206f465d810e1ad86ab,12.019908138843087,0.20500550983317822,0.01705549721887558
R52-C-75,R52-C-75__P2__huayi_sy3sy2_phase2_wgs1__shift_morning_handover_2022-10-03__W001,2,train,low_capacity_alpha_wgs_xt,reference,1,H2_CO_ratio,0.4363694097163924,5.2592154435122714e-21,-0.4363694097163924,0.0449890946404522,1,0.0130453336107669,,,completed,poor,a2955d2a2f6e850b88d8b206f465d810e1ad86ab,3.0929068242247947e-18,-3.0876476087812826e-18,-3.0876476087812826e-06
R52-C-75,R52-C-75__P2__huayi_sy3sy2_phase2_wgs1__shift_morning_handover_2022-10-03__W001,2,train,low_capacity_alpha_wgs_xt,reference,1,dry_syngas_flow,135072.35814947772,135072.35814947772,0.0,0.0449890946404522,1,0.0130453336107669,,,completed,poor,a2955d2a2f6e850b88d8b206f465d810e1ad86ab,58468.54368837594,76603.81446110178,1.3101714123304098
R52-C-75,R52-C-75__P2__huayi_sy3sy2_phase2_wgs1__plateau_2022-10-03D_011__W001,2,train,low_capacity_alpha_wgs_xt,reference,1,CO_dry_vol_pct,62.78747585733334,84.0263283556909,21.238852498357552,0.0458991695499158,1,0.0137432066411052,,,completed,poor,a2955d2a2f6e850b88d8b206f465d810e1ad86ab,84.27891878767477,-0.2525904319838759,-0.0029970772717223745
R52-C-75,R52-C-75__P2__huayi_sy3sy2_phase2_wgs1__plateau_2022-10-03D_011__W001,2,train,low_capacity_alpha_wgs_xt,reference,1,H2_dry_vol_pct,27.23126621733333,6.623462809026508e-21,-27.23126621733333,0.0458991695499158,1,0.0137432066411052,,,completed,poor,a2955d2a2f6e850b88d8b206f465d810e1ad86ab,3.965117993426151e-16,-3.965051758798061e-16,-0.0003965051758798061
R52-C-75,R52-C-75__P2__huayi_sy3sy2_phase2_wgs1__plateau_2022-10-03D_011__W001,2,train,low_capacity_alpha_wgs_xt,reference,1,CO2_dry_vol_pct,9.270155257599995,12.311110356724884,3.04095509912489,0.0458991695499158,1,0.0137432066411052,,,completed,poor,a2955d2a2f6e850b88d8b206f465d810e1ad86ab,12.111210064753184,0.19990029197169967,0.016505393837851285
R52-C-75,R52-C-75__P2__huayi_sy3sy2_phase2_wgs1__plateau_2022-10-03D_011__W001,2,train,low_capacity_alpha_wgs_xt,reference,1,H2_CO_ratio,0.4337055120589286,7.882604105928326e-23,-0.4337055120589286,0.0458991695499158,1,0.0137432066411052,,,completed,poor,a2955d2a2f6e850b88d8b206f465d810e1ad86ab,4.704756599233951e-18,-4.704677773192892e-18,-4.704677773192892e-06
R52-C-75,R52-C-75__P2__huayi_sy3sy2_phase2_wgs1__plateau_2022-10-03D_011__W001,2,train,low_capacity_alpha_wgs_xt,reference,1,dry_syngas_flow,134220.69691412855,134220.69691412855,0.0,0.0458991695499158,1,0.0137432066411052,,,completed,poor,a2955d2a2f6e850b88d8b206f465d810e1ad86ab,57479.76199765938,76740.93491646918,1.335094862076745
R52-C-75,R52-C-75__P2__huayi_sy3sy2_phase2_wgs1__plateau_2022-10-03D_012__W001,2,train,low_capacity_alpha_wgs_xt,reference,1,CO_dry_vol_pct,63.396988149333325,84.62326600339938,21.22627785406605,0.0448453566633778,1,0.0118336400182224,,,completed,poor,a2955d2a2f6e850b88d8b206f465d810e1ad86ab,84.84266277444956,-0.21939677105018518,-0.002585925098006904
R52-C-75,R52-C-75__P2__huayi_sy3sy2_phase2_wgs1__plateau_2022-10-03D_012__W001,2,train,low_capacity_alpha_wgs_xt,reference,1,H2_dry_vol_pct,27.100173431999995,1.6566790236381225e-18,-27.100173431999995,0.0448453566633778,1,0.0118336400182224,,,completed,poor,a2955d2a2f6e850b88d8b206f465d810e1ad86ab,8.082355460514723e-15,-8.080698781491085e-15,-0.008080698781491086
R52-C-75,R52-C-75__P2__huayi_sy3sy2_phase2_wgs1__plateau_2022-10-03D_012__W001,2,train,low_capacity_alpha_wgs_xt,reference,1,CO2_dry_vol_pct,8.781086234000002,12.021355836590145,3.240269602590141,0.0448453566633778,1,0.0118336400182224,,,completed,poor,a2955d2a2f6e850b88d8b206f465d810e1ad86ab,11.84362012872925,0.17773570786089365,0.015006873399270669
R52-C-75,R52-C-75__P2__huayi_sy3sy2_phase2_wgs1__plateau_2022-10-03D_012__W001,2,train,low_capacity_alpha_wgs_xt,reference,1,H2_CO_ratio,0.4274708759793658,1.9577110431681667e-20,-0.4274708759793658,0.0448453566633778,1,0.0118336400182224,,,completed,poor,a2955d2a2f6e850b88d8b206f465d810e1ad86ab,9.526286889417066e-17,-9.524329178373898e-17,-9.524329178373898e-05
R52-C-75,R52-C-75__P2__huayi_sy3sy2_phase2_wgs1__plateau_2022-10-03D_012__W001,2,train,low_capacity_alpha_wgs_xt,reference,1,dry_syngas_flow,135208.44369939092,135208.44369939092,0.0,0.0448453566633778,1,0.0118336400182224,,,completed,poor,a2955d2a2f6e850b88d8b206f465d810e1ad86ab,59649.46960912214,75558.97409026878,1.2667166126606029
R52-C-75,R52-C-75__P2__huayi_sy3sy2_phase2_wgs1__plateau_2022-10-03D_012__W002,2,train,low_capacity_alpha_wgs_xt,reference,1,CO_dry_vol_pct,63.257299012,84.59546568729273,21.338166675292733,0.044882806358491,1,0.0118997968085471,,,completed,poor,a2955d2a2f6e850b88d8b206f465d810e1ad86ab,84.82062981032881,-0.22516412303608035,-0.0026545915013786135
R52-C-75,R52-C-75__P2__huayi_sy3sy2_phase2_wgs1__plateau_2022-10-03D_012__W002,2,train,low_capacity_alpha_wgs_xt,reference,1,H2_dry_vol_pct,27.053133188,4.2578890593106325e-20,-27.053133188,0.044882806358491,1,0.0118997968085471,,,completed,poor,a2955d2a2f6e850b88d8b206f465d810e1ad86ab,2.8713027553753116e-19,-2.4455138494442485e-19,-2.4455138494442484e-07
R52-C-75,R52-C-75__P2__huayi_sy3sy2_phase2_wgs1__plateau_2022-10-03D_012__W002,2,train,low_capacity_alpha_wgs_xt,reference,1,CO2_dry_vol_pct,8.9789605928,12.03663054276544,3.0576699499654385,0.044882806358491,1,0.0118997968085471,,,completed,poor,a2955d2a2f6e850b88d8b206f465d810e1ad86ab,11.85436442384947,0.18226611891597067,0.015375444216079141
R52-C-75,R52-C-75__P2__huayi_sy3sy2_phase2_wgs1__plateau_2022-10-03D_012__W002,2,train,low_capacity_alpha_wgs_xt,reference,1,H2_CO_ratio,0.4276703681751177,5.033235557860661e-22,-0.4276703681751177,0.044882806358491,1,0.0118997968085471,,,completed,poor,a2955d2a2f6e850b88d8b206f465d810e1ad86ab,3.3851467052248487e-21,-2.8818231494387825e-21,-2.8818231494387824e-09
R52-C-75,R52-C-75__P2__huayi_sy3sy2_phase2_wgs1__plateau_2022-10-03D_012__W002,2,train,low_capacity_alpha_wgs_xt,reference,1,dry_syngas_flow,135172.94580704434,135172.94580704434,0.0,0.044882806358491,1,0.0118997968085471,,,completed,poor,a2955d2a2f6e850b88d8b206f465d810e1ad86ab,59700.645027446146,75472.30077959818,1.2641789840780002
R52-C-75,R52-C-75__P2__huayi_sy3sy2_phase2_wgs1__plateau_2022-10-03D_012__W003,2,train,low_capacity_alpha_wgs_xt,reference,1,CO_dry_vol_pct,62.85266491093751,84.67167570095793,21.81901079002042,0.0460168895538955,1,0.011660816282738,,,completed,poor,a2955d2a2f6e850b88d8b206f465d810e1ad86ab,84.89327567104735,-0.22159997008941446,-0.002610335958151637
R52-C-75,R52-C-75__P2__huayi_sy3sy2_phase2_wgs1__plateau_2022-10-03D_012__W003,2,train,low_capacity_alpha_wgs_xt,reference,1,H2_dry_vol_pct,26.9522631546875,3.050527410740367e-19,-26.9522631546875,0.0460168895538955,1,0.011660816282738,,,completed,poor,a2955d2a2f6e850b88d8b206f465d810e1ad86ab,3.0519739285302195e-16,-3.048923401119479e-16,-0.0003048923401119479
R52-C-75,R52-C-75__P2__huayi_sy3sy2_phase2_wgs1__plateau_2022-10-03D_012__W003,2,train,low_capacity_alpha_wgs_xt,reference,1,CO2_dry_vol_pct,9.49402835453125,11.999199209568186,2.505170855036935,0.0460168895538955,1,0.011660816282738,,,completed,poor,a2955d2a2f6e850b88d8b206f465d810e1ad86ab,11.8192576525387,0.1799415570294851,0.015224438143188699
R52-C-75,R52-C-75__P2__huayi_sy3sy2_phase2_wgs1__plateau_2022-10-03D_012__W003,2,train,low_capacity_alpha_wgs_xt,reference,1,H2_CO_ratio,0.4288191025489718,3.602771984239654e-21,-0.4288191025489718,0.0460168895538955,1,0.011660816282738,,,completed,poor,a2955d2a2f6e850b88d8b206f465d810e1ad86ab,3.595071464030087e-18,-3.5914686920458475e-18,-3.5914686920458475e-06
R52-C-75,R52-C-75__P2__huayi_sy3sy2_phase2_wgs1__plateau_2022-10-03D_012__W003,2,train,low_capacity_alpha_wgs_xt,reference,1,dry_syngas_flow,134111.768258696,134111.768258696,0.0,0.0460168895538955,1,0.011660816282738,,,completed,poor,a2955d2a2f6e850b88d8b206f465d810e1ad86ab,59942.066457721936,74169.70180097409,1.2373564373741957
R52-C-75,R52-C-75__P2__huayi_sy3sy2_phase2_wgs1__shift_evening_handover_2022-10-03__W001,2,train,low_capacity_alpha_wgs_xt,reference,1,CO_dry_vol_pct,63.181818126666656,84.98606909196252,21.804250965295864,0.0435447098855722,1,0.0106862152472026,,,completed,poor,a2955d2a2f6e850b88d8b206f465d810e1ad86ab,85.19776695810273,-0.2116978661402129,-0.002484781863406332
R52-C-75,R52-C-75__P2__huayi_sy3sy2_phase2_wgs1__shift_evening_handover_2022-10-03__W001,2,train,low_capacity_alpha_wgs_xt,reference,1,H2_dry_vol_pct,27.12886343466667,8.808704954955429e-21,-27.12886343466667,0.0435447098855722,1,0.0106862152472026,,,completed,poor,a2955d2a2f6e850b88d8b206f465d810e1ad86ab,2.136238027311097e-15,-2.136229218606142e-15,-0.002136229218606142
R52-C-75,R52-C-75__P2__huayi_sy3sy2_phase2_wgs1__shift_evening_handover_2022-10-03__W001,2,train,low_capacity_alpha_wgs_xt,reference,1,CO2_dry_vol_pct,8.962234021333332,11.843798523080144,2.881564501746812,0.0435447098855722,1,0.0106862152472026,,,completed,poor,a2955d2a2f6e850b88d8b206f465d810e1ad86ab,11.66957339067345,0.17422513240669346,0.014929863035604847
R52-C-75,R52-C-75__P2__huayi_sy3sy2_phase2_wgs1__shift_evening_handover_2022-10-03__W001,2,train,low_capacity_alpha_wgs_xt,reference,1,H2_CO_ratio,0.4293771331224563,1.0364881031764893e-22,-0.4293771331224563,0.0435447098855722,1,0.0106862152472026,,,completed,poor,a2955d2a2f6e850b88d8b206f465d810e1ad86ab,2.507387345447239e-17,-2.5073769805662072e-17,-2.507376980566207e-05
R52-C-75,R52-C-75__P2__huayi_sy3sy2_phase2_wgs1__shift_evening_handover_2022-10-03__W001,2,train,low_capacity_alpha_wgs_xt,reference,1,dry_syngas_flow,136460.0573468322,136460.0573468322,0.0,0.0435447098855722,1,0.0106862152472026,,,completed,poor,a2955d2a2f6e850b88d8b206f465d810e1ad86ab,61167.66845435471,75292.3888924775,1.230918078047443
R52-C-75,R52-C-75__P2__huayi_sy3sy2_phase2_wgs1__plateau_2022-10-03N_013__W001,2,train,low_capacity_alpha_wgs_xt,reference,1,CO_dry_vol_pct,62.990331572,84.93048605112675,21.940154479126747,0.0439879057809892,1,0.0108572115080409,,,completed,poor,a2955d2a2f6e850b88d8b206f465d810e1ad86ab,85.14354471494578,-0.2130586638190266,-0.0025023466492067143
R52-C-75,R52-C-75__P2__huayi_sy3sy2_phase2_wgs1__plateau_2022-10-03N_013__W001,2,train,low_capacity_alpha_wgs_xt,reference,1,H2_dry_vol_pct,27.196442370666663,3.02323769037012e-18,-27.196442370666663,0.0439879057809892,1,0.0108572115080409,,,completed,poor,a2955d2a2f6e850b88d8b206f465d810e1ad86ab,2.538625692174979e-15,-2.5356024544846087e-15,-0.002535602454484609
R52-C-75,R52-C-75__P2__huayi_sy3sy2_phase2_wgs1__plateau_2022-10-03N_013__W001,2,train,low_capacity_alpha_wgs_xt,reference,1,CO2_dry_vol_pct,9.1055828048,11.871364369698108,2.765781564898109,0.0439879057809892,1,0.0108572115080409,,,completed,poor,a2955d2a2f6e850b88d8b206f465d810e1ad86ab,11.696459719752303,0.17490464994580535,0.01495364017288381
R52-C-75,R52-C-75__P2__huayi_sy3sy2_phase2_wgs1__plateau_2022-10-03N_013__W001,2,train,low_capacity_alpha_wgs_xt,reference,1,H2_CO_ratio,0.4317570888809779,3.559661354758032e-20,-0.4317570888809779,0.0439879057809892,1,0.0108572115080409,,,completed,poor,a2955d2a2f6e850b88d8b206f465d810e1ad86ab,2.9815832787724635e-17,-2.978023617417706e-17,-2.9780236174177057e-05
R52-C-75,R52-C-75__P2__huayi_sy3sy2_phase2_wgs1__plateau_2022-10-03N_013__W001,2,train,low_capacity_alpha_wgs_xt,reference,1,dry_syngas_flow,136029.4191309032,136029.4191309032,0.0,0.0439879057809892,1,0.0108572115080409,,,completed,poor,a2955d2a2f6e850b88d8b206f465d810e1ad86ab,60843.054717069535,75186.36441383367,1.2357427608370906
R52-C-75,R52-C-75__P2__huayi_sy3sy2_phase2_wgs1__plateau_2022-10-03N_013__W002,2,train,low_capacity_alpha_wgs_xt,reference,1,CO_dry_vol_pct,63.008904,84.98607276683586,21.97716876683586,0.0448855998969554,1,0.0107251638365173,,,completed,poor,a2955d2a2f6e850b88d8b206f465d810e1ad86ab,85.18878345234968,-0.20271068551382143,-0.0023795466644644316
R52-C-75,R52-C-75__P2__huayi_sy3sy2_phase2_wgs1__plateau_2022-10-03N_013__W002,2,train,low_capacity_alpha_wgs_xt,reference,1,H2_dry_vol_pct,27.228341161333333,9.659841016193304e-20,-27.228341161333333,0.0448855998969554,1,0.0107251638365173,,,completed,poor,a2955d2a2f6e850b88d8b206f465d810e1ad86ab,1.346618032737712e-16,-1.3456520486360926e-16,-0.00013456520486360927
R52-C-75,R52-C-75__P2__huayi_sy3sy2_phase2_wgs1__plateau_2022-10-03N_013__W002,2,train,low_capacity_alpha_wgs_xt,reference,1,CO2_dry_vol_pct,9.051514636933334,11.840690526928926,2.789175889995592,0.0448855998969554,1,0.0107251638365173,,,completed,poor,a2955d2a2f6e850b88d8b206f465d810e1ad86ab,11.673983685732484,0.16670684119644186,0.014280201659026204
R52-C-75,R52-C-75__P2__huayi_sy3sy2_phase2_wgs1__plateau_2022-10-03N_013__W002,2,train,low_capacity_alpha_wgs_xt,reference,1,H2_CO_ratio,0.4321386985364575,1.1366381221892238e-21,-0.4321386985364575,0.0448855998969554,1,0.0107251638365173,,,completed,poor,a2955d2a2f6e850b88d8b206f465d810e1ad86ab,1.580745701681422e-18,-1.5796090635592327e-18,-1.5796090635592328e-06
R52-C-75,R52-C-75__P2__huayi_sy3sy2_phase2_wgs1__plateau_2022-10-03N_013__W002,2,train,low_capacity_alpha_wgs_xt,reference,1,dry_syngas_flow,135170.29904941274,135170.29904941274,0.0,0.0448855998969554,1,0.0107251638365173,,,completed,poor,a2955d2a2f6e850b88d8b206f465d810e1ad86ab,61001.15660053011,74169.14244888263,1.2158645275299271
R52-C-75,R52-C-75__P2__huayi_sy3sy2_phase2_wgs1__plateau_2022-10-03N_013__W003,2,train,low_capacity_alpha_wgs_xt,reference,1,CO_dry_vol_pct,63.12293966399999,85.04376631863924,21.92082665463925,0.0432922963169634,1,0.0105217765390372,,,completed,poor,a2955d2a2f6e850b88d8b206f465d810e1ad86ab,85.2514224739411,-0.2076561553018621,-0.0024358086853663538
R52-C-75,R52-C-75__P2__huayi_sy3sy2_phase2_wgs1__plateau_2022-10-03N_013__W003,2,train,low_capacity_alpha_wgs_xt,reference,1,H2_dry_vol_pct,27.336075078666667,1.827159365813476e-23,-27.336075078666667,0.0432922963169634,1,0.0105217765390372,,,completed,poor,a2955d2a2f6e850b88d8b206f465d810e1ad86ab,1.5430857324622706e-16,-1.5430855497463341e-16,-0.00015430855497463342
R52-C-75,R52-C-75__P2__huayi_sy3sy2_phase2_wgs1__plateau_2022-10-03N_013__W003,2,train,low_capacity_alpha_wgs_xt,reference,1,CO2_dry_vol_pct,8.826287774533334,11.814121259478904,2.98783348494557,0.0432922963169634,1,0.0105217765390372,,,completed,poor,a2955d2a2f6e850b88d8b206f465d810e1ad86ab,11.64285096447914,0.17127029499976487,0.014710339892032355
R52-C-75,R52-C-75__P2__huayi_sy3sy2_phase2_wgs1__plateau_2022-10-03N_013__W003,2,train,low_capacity_alpha_wgs_xt,reference,1,H2_CO_ratio,0.4330649605907108,2.148492999436942e-25,-0.4330649605907108,0.0432922963169634,1,0.0105217765390372,,,completed,poor,a2955d2a2f6e850b88d8b206f465d810e1ad86ab,1.8100410382406783e-18,-1.8100408233913782e-18,-1.8100408233913783e-06
R52-C-75,R52-C-75__P2__huayi_sy3sy2_phase2_wgs1__plateau_2022-10-03N_013__W003,2,train,low_capacity_alpha_wgs_xt,reference,1,dry_syngas_flow,136707.28219045582,136707.28219045582,0.0,0.0432922963169634,1,0.0105217765390372,,,completed,poor,a2955d2a2f6e850b88d8b206f465d810e1ad86ab,61119.04591250229,75588.23627795353,1.2367378310545827
R52-C-75,R52-C-75__P2__huayi_sy3sy2_phase2_wgs1__plateau_2022-10-03N_013__W004,2,train,low_capacity_alpha_wgs_xt,reference,1,CO_dry_vol_pct,63.14882902133332,84.8965928391684,21.74776381783509,0.0440016594762418,1,0.010977959659457,,,completed,poor,a2955d2a2f6e850b88d8b206f465d810e1ad86ab,85.10703798377304,-0.21044514460463404,-0.0024727114183524827
R52-C-75,R52-C-75__P2__huayi_sy3sy2_phase2_wgs1__plateau_2022-10-03N_013__W004,2,train,low_capacity_alpha_wgs_xt,reference,1,H2_dry_vol_pct,27.332012548,4.710187833227855e-20,-27.332012548,0.0440016594762418,1,0.010977959659457,,,completed,poor,a2955d2a2f6e850b88d8b206f465d810e1ad86ab,1.6662383719788667e-16,-1.665767353195544e-16,-0.0001665767353195544
R52-C-75,R52-C-75__P2__huayi_sy3sy2_phase2_wgs1__plateau_2022-10-03N_013__W004,2,train,low_capacity_alpha_wgs_xt,reference,1,CO2_dry_vol_pct,8.795977414133333,11.886889076881063,3.0909116627477324,0.0440016594762418,1,0.010977959659457,,,completed,poor,a2955d2a2f6e850b88d8b206f465d810e1ad86ab,11.714424665198106,0.17246441168295767,0.014722397096916333
R52-C-75,R52-C-75__P2__huayi_sy3sy2_phase2_wgs1__plateau_2022-10-03N_013__W004,2,train,low_capacity_alpha_wgs_xt,reference,1,H2_CO_ratio,0.4328215820368645,5.548147075997536e-22,-0.4328215820368645,0.0440016594762418,1,0.010977959659457,,,completed,poor,a2955d2a2f6e850b88d8b206f465d810e1ad86ab,1.957815019125164e-18,-1.957260204417564e-18,-1.957260204417564e-06
R52-C-75,R52-C-75__P2__huayi_sy3sy2_phase2_wgs1__plateau_2022-10-03N_013__W004,2,train,low_capacity_alpha_wgs_xt,reference,1,dry_syngas_flow,136016.12465375254,136016.12465375254,0.0,0.0440016594762418,1,0.010977959659457,,,completed,poor,a2955d2a2f6e850b88d8b206f465d810e1ad86ab,60420.22012494004,75595.9045288125,1.251168969138004
R52-C-75,R52-C-75__P2__huayi_sy3sy2_phase2_wgs1__plateau_2022-10-03N_013__W005,2,train,low_capacity_alpha_wgs_xt,reference,1,CO_dry_vol_pct,62.82177378133335,84.852298656599,22.03052487526565,0.0459013853329729,1,0.011141064698396,,,completed,poor,a2955d2a2f6e850b88d8b206f465d810e1ad86ab,85.05796914769817,-0.2056704910991698,-0.0024180037821269285
R52-C-75,R52-C-75__P2__huayi_sy3sy2_phase2_wgs1__plateau_2022-10-03N_013__W005,2,train,low_capacity_alpha_wgs_xt,reference,1,H2_dry_vol_pct,27.13942334533333,5.093445358557218e-22,-27.13942334533333,0.0459013853329729,1,0.011141064698396,,,completed,poor,a2955d2a2f6e850b88d8b206f465d810e1ad86ab,3.5367566654899194e-15,-3.5367561561453836e-15,-0.003536756156145384
R52-C-75,R52-C-75__P2__huayi_sy3sy2_phase2_wgs1__plateau_2022-10-03N_013__W005,2,train,low_capacity_alpha_wgs_xt,reference,1,CO2_dry_vol_pct,9.337046864933336,11.90675759839312,2.569710733459784,0.0459013853329729,1,0.011141064698396,,,completed,poor,a2955d2a2f6e850b88d8b206f465d810e1ad86ab,11.738615283339895,0.16814231505322574,0.014323862823229483
R52-C-75,R52-C-75__P2__huayi_sy3sy2_phase2_wgs1__plateau_2022-10-03N_013__W005,2,train,low_capacity_alpha_wgs_xt,reference,1,H2_CO_ratio,0.4320040656613811,6.0027193596376395e-24,-0.4320040656613811,0.0459013853329729,1,0.011141064698396,,,completed,poor,a2955d2a2f6e850b88d8b206f465d810e1ad86ab,4.1580544432568674e-17,-4.1580538429849316e-17,-4.1580538429849315e-05
R52-C-75,R52-C-75__P2__huayi_sy3sy2_phase2_wgs1__plateau_2022-10-03N_013__W005,2,train,low_capacity_alpha_wgs_xt,reference,1,dry_syngas_flow,134218.64402750865,134218.64402750865,0.0,0.0459013853329729,1,0.011141064698396,,,completed,poor,a2955d2a2f6e850b88d8b206f465d810e1ad86ab,60292.53176729771,73926.11226021094,1.2261238679697972
R52-C-75,R52-C-75__P2__huayi_sy3sy2_phase2_wgs1__plateau_2022-10-03N_013__W006,2,train,low_capacity_alpha_wgs_xt,reference,1,CO_dry_vol_pct,63.10815085999999,84.84714901409815,21.73899815409816,0.0439243216961969,1,0.0111108103153868,,,completed,poor,a2955d2a2f6e850b88d8b206f465d810e1ad86ab,85.06355982561547,-0.21641081151732067,-0.002544107158940604
R52-C-75,R52-C-75__P2__huayi_sy3sy2_phase2_wgs1__plateau_2022-10-03N_013__W006,2,train,low_capacity_alpha_wgs_xt,reference,1,H2_dry_vol_pct,27.24788771733333,1.3509918040093344e-15,-27.24788771733333,0.0439243216961969,1,0.0111108103153868,,,completed,poor,a2955d2a2f6e850b88d8b206f465d810e1ad86ab,2.2455348793167043e-17,1.3285364552161673e-15,0.0013285364552161674
R52-C-75,R52-C-75__P2__huayi_sy3sy2_phase2_wgs1__plateau_2022-10-03N_013__W006,2,train,low_capacity_alpha_wgs_xt,reference,1,CO2_dry_vol_pct,8.917560912,11.912939990644606,2.9953790786446053,0.0439243216961969,1,0.0111108103153868,,,completed,poor,a2955d2a2f6e850b88d8b206f465d810e1ad86ab,11.73589065595573,0.17704933468887596,0.015086143853856286
R52-C-75,R52-C-75__P2__huayi_sy3sy2_phase2_wgs1__plateau_2022-10-03N_013__W006,2,train,low_capacity_alpha_wgs_xt,reference,1,H2_CO_ratio,0.4317639693162345,1.5922654086878678e-17,-0.4317639693162345,0.0439243216961969,1,0.0111108103153868,,,completed,poor,a2955d2a2f6e850b88d8b206f465d810e1ad86ab,2.63983177275929e-19,1.5658670909602748e-17,1.5658670909602747e-05
R52-C-75,R52-C-75__P2__huayi_sy3sy2_phase2_wgs1__plateau_2022-10-03N_013__W006,2,train,low_capacity_alpha_wgs_xt,reference,1,dry_syngas_flow,136090.93430383867,136090.93430383867,0.0,0.0439243216961969,1,0.0111108103153868,,,completed,poor,a2955d2a2f6e850b88d8b206f465d810e1ad86ab,60351.25802732554,75739.67627651314,1.2549809026718235
R52-C-75,R52-C-75__P2__huayi_sy3sy2_phase2_wgs1__plateau_2022-10-03N_013__W007,2,train,low_capacity_alpha_wgs_xt,reference,1,CO_dry_vol_pct,63.190672729333336,84.8139185110427,21.623245781709365,0.0441330046878135,1,0.0112156656488555,,,completed,poor,a2955d2a2f6e850b88d8b206f465d810e1ad86ab,85.03097922874919,-0.21706071770648805,-0.0025527251323609274
R52-C-75,R52-C-75__P2__huayi_sy3sy2_phase2_wgs1__plateau_2022-10-03N_013__W007,2,train,low_capacity_alpha_wgs_xt,reference,1,H2_dry_vol_pct,27.235385948,2.480781206665233e-20,-27.235385948,0.0441330046878135,1,0.0112156656488555,,,completed,poor,a2955d2a2f6e850b88d8b206f465d810e1ad86ab,6.2404064961421e-17,-6.237925714935435e-17,-6.237925714935435e-05
R52-C-75,R52-C-75__P2__huayi_sy3sy2_phase2_wgs1__plateau_2022-10-03N_013__W007,2,train,low_capacity_alpha_wgs_xt,reference,1,CO2_dry_vol_pct,8.847575572266665,11.929230382759265,3.081654810492598,0.0441330046878135,1,0.0112156656488555,,,completed,poor,a2955d2a2f6e850b88d8b206f465d810e1ad86ab,11.751898514232382,0.17733186852688299,0.015089635799026134
R52-C-75,R52-C-75__P2__huayi_sy3sy2_phase2_wgs1__plateau_2022-10-03N_013__W007,2,train,low_capacity_alpha_wgs_xt,reference,1,H2_CO_ratio,0.4310010443240804,2.924969451024996e-22,-0.4310010443240804,0.0441330046878135,1,0.0112156656488555,,,completed,poor,a2955d2a2f6e850b88d8b206f465d810e1ad86ab,7.338979925603636e-19,-7.336054956152611e-19,-7.336054956152611e-07
R52-C-75,R52-C-75__P2__huayi_sy3sy2_phase2_wgs1__plateau_2022-10-03N_013__W007,2,train,low_capacity_alpha_wgs_xt,reference,1,dry_syngas_flow,135889.37381407968,135889.37381407968,0.0,0.0441330046878135,1,0.0112156656488555,,,completed,poor,a2955d2a2f6e850b88d8b206f465d810e1ad86ab,60196.84740894086,75692.52640513881,1.2574167861471166
R52-C-75,R52-C-75__P2__huayi_sy3sy2_phase2_wgs1__shift_morning_handover_2022-10-04__W001,2,train,low_capacity_alpha_wgs_xt,reference,1,CO_dry_vol_pct,63.38372944666667,84.94644516724101,21.56271572057434,0.0435144768210044,1,0.0107977639918277,,,completed,poor,a2955d2a2f6e850b88d8b206f465d810e1ad86ab,85.16147582424095,-0.21503065699994295,-0.002524975699619512
R52-C-75,R52-C-75__P2__huayi_sy3sy2_phase2_wgs1__shift_morning_handover_2022-10-04__W001,2,train,low_capacity_alpha_wgs_xt,reference,1,H2_dry_vol_pct,27.279717384,6.292093480208914e-19,-27.279717384,0.0435144768210044,1,0.0107977639918277,,,completed,poor,a2955d2a2f6e850b88d8b206f465d810e1ad86ab,4.191637585433254e-16,-4.185345491953045e-16,-0.00041853454919530455
R52-C-75,R52-C-75__P2__huayi_sy3sy2_phase2_wgs1__shift_morning_handover_2022-10-04__W001,2,train,low_capacity_alpha_wgs_xt,reference,1,CO2_dry_vol_pct,8.613835241600002,11.864253499901404,3.2504182583014014,0.0435144768210044,1,0.0107977639918277,,,completed,poor,a2955d2a2f6e850b88d8b206f465d810e1ad86ab,11.687595952869522,0.17665754703188163,0.01511496014614613
R52-C-75,R52-C-75__P2__huayi_sy3sy2_phase2_wgs1__shift_morning_handover_2022-10-04__W001,2,train,low_capacity_alpha_wgs_xt,reference,1,H2_CO_ratio,0.4303908768541757,7.407129830825947e-21,-0.4303908768541757,0.0435144768210044,1,0.0107977639918277,,,completed,poor,a2955d2a2f6e850b88d8b206f465d810e1ad86ab,4.921987958597727e-18,-4.9145808287669014e-18,-4.914580828766902e-06
R52-C-75,R52-C-75__P2__huayi_sy3sy2_phase2_wgs1__shift_morning_handover_2022-10-04__W001,2,train,low_capacity_alpha_wgs_xt,reference,1,dry_syngas_flow,136489.59327454146,136489.59327454146,0.0,0.0435144768210044,1,0.0107977639918277,,,completed,poor,a2955d2a2f6e850b88d8b206f465d810e1ad86ab,60890.805260177534,75598.78801436393,1.241546859026438
R52-C-75,R52-C-75__P2__huayi_sy3sy2_phase2_wgs1__plateau_2022-10-04D_014__W001,2,train,low_capacity_alpha_wgs_xt,reference,1,CO_dry_vol_pct,63.643372968000016,84.95902298251355,21.31565001451353,0.0436829501273828,1,0.0107789035934114,,,completed,poor,a2955d2a2f6e850b88d8b206f465d810e1ad86ab,85.16923788386691,-0.21021490135336762,-0.002468202212165002
R52-C-75,R52-C-75__P2__huayi_sy3sy2_phase2_wgs1__plateau_2022-10-04D_014__W001,2,train,low_capacity_alpha_wgs_xt,reference,1,H2_dry_vol_pct,27.06933896,2.572755624365809e-17,-27.06933896,0.0436829501273828,1,0.0107789035934114,,,completed,poor,a2955d2a2f6e850b88d8b206f465d810e1ad86ab,1.7133930008080235e-16,-1.4561174383714425e-16,-0.00014561174383714425
R52-C-75,R52-C-75__P2__huayi_sy3sy2_phase2_wgs1__plateau_2022-10-04D_014__W001,2,train,low_capacity_alpha_wgs_xt,reference,1,CO2_dry_vol_pct,8.556233309333333,11.85646048424166,3.3002271749083274,0.0436829501273828,1,0.0107789035934114,,,completed,poor,a2955d2a2f6e850b88d8b206f465d810e1ad86ab,11.68368453504756,0.17277594919410078,0.01478779649312035
R52-C-75,R52-C-75__P2__huayi_sy3sy2_phase2_wgs1__plateau_2022-10-04D_014__W001,2,train,low_capacity_alpha_wgs_xt,reference,1,H2_CO_ratio,0.4253274242534922,3.0282311802188917e-19,-0.4253274242534922,0.0436829501273828,1,0.0107789035934114,,,completed,poor,a2955d2a2f6e850b88d8b206f465d810e1ad86ab,2.011751007029477e-18,-1.708927889007588e-18,-1.708927889007588e-06
R52-C-75,R52-C-75__P2__huayi_sy3sy2_phase2_wgs1__plateau_2022-10-04D_014__W001,2,train,low_capacity_alpha_wgs_xt,reference,1,dry_syngas_flow,136325.26548896535,136325.26548896535,0.0,0.0436829501273828,1,0.0107789035934114,,,completed,poor,a2955d2a2f6e850b88d8b206f465d810e1ad86ab,60958.06335877669,75367.20213018866,1.2363778961710952
R52-C-75,R52-C-75__P2__huayi_sy3sy2_phase2_wgs1__plateau_2022-10-04D_014__W002,2,train,low_capacity_alpha_wgs_xt,reference,1,CO_dry_vol_pct,63.794287876000006,84.95744702361841,21.16315914761841,0.0440359318586781,1,0.0107913196655671,,,completed,poor,a2955d2a2f6e850b88d8b206f465d810e1ad86ab,85.16595562689736,-0.20850860327894338,-0.0024482623572310578
R52-C-75,R52-C-75__P2__huayi_sy3sy2_phase2_wgs1__plateau_2022-10-04D_014__W002,2,train,low_capacity_alpha_wgs_xt,reference,1,H2_dry_vol_pct,26.874067744,1.3114128773148044e-20,-26.874067744,0.0440359318586781,1,0.0107913196655671,,,completed,poor,a2955d2a2f6e850b88d8b206f465d810e1ad86ab,1.0753364999746823e-20,2.3607637734012208e-21,2.3607637734012207e-09
R52-C-75,R52-C-75__P2__huayi_sy3sy2_phase2_wgs1__plateau_2022-10-04D_014__W002,2,train,low_capacity_alpha_wgs_xt,reference,1,CO2_dry_vol_pct,8.600262696933333,11.856640680092006,3.256377983158673,0.0440359318586781,1,0.0107913196655671,,,completed,poor,a2955d2a2f6e850b88d8b206f465d810e1ad86ab,11.685315671105844,0.17132500898616243,0.01466156446332006
R52-C-75,R52-C-75__P2__huayi_sy3sy2_phase2_wgs1__plateau_2022-10-04D_014__W002,2,train,low_capacity_alpha_wgs_xt,reference,1,H2_CO_ratio,0.4212602055292221,1.5436114469755992e-22,-0.4212602055292221,0.0440359318586781,1,0.0107913196655671,,,completed,poor,a2955d2a2f6e850b88d8b206f465d810e1ad86ab,1.262636568872206e-22,2.809748781033932e-23,2.809748781033932e-11
R52-C-75,R52-C-75__P2__huayi_sy3sy2_phase2_wgs1__plateau_2022-10-04D_014__W002,2,train,low_capacity_alpha_wgs_xt,reference,1,dry_syngas_flow,135983.0146524056,135983.0146524056,0.0,0.0440359318586781,1,0.0107913196655671,,,completed,poor,a2955d2a2f6e850b88d8b206f465d810e1ad86ab,60939.90701846231,75043.10763394329,1.2314279969480144
R52-C-75,R52-C-75__P2__huayi_sy3sy2_phase2_wgs1__plateau_2022-10-04D_014__W003,2,train,low_capacity_alpha_wgs_xt,reference,1,CO_dry_vol_pct,64.062187652,84.88591864296643,20.823730990966425,0.0422393244155111,1,0.0109659686688733,,,completed,poor,a2955d2a2f6e850b88d8b206f465d810e1ad86ab,85.10702134273264,-0.221102699766206,-0.0025979372357047737
R52-C-75,R52-C-75__P2__huayi_sy3sy2_phase2_wgs1__plateau_2022-10-04D_014__W003,2,train,low_capacity_alpha_wgs_xt,reference,1,H2_dry_vol_pct,26.976046374666662,5.597591946437187e-17,-26.976046374666662,0.0422393244155111,1,0.0109659686688733,,,completed,poor,a2955d2a2f6e850b88d8b206f465d810e1ad86ab,4.944945710420148e-16,-4.3851865157764294e-16,-0.00043851865157764296
R52-C-75,R52-C-75__P2__huayi_sy3sy2_phase2_wgs1__plateau_2022-10-04D_014__W003,2,train,low_capacity_alpha_wgs_xt,reference,1,CO2_dry_vol_pct,8.204696985733333,11.895729427286774,3.691032441553441,0.0422393244155111,1,0.0109659686688733,,,completed,poor,a2955d2a2f6e850b88d8b206f465d810e1ad86ab,11.71445949983912,0.18126992744765502,0.015474032536468669
R52-C-75,R52-C-75__P2__huayi_sy3sy2_phase2_wgs1__plateau_2022-10-04D_014__W003,2,train,low_capacity_alpha_wgs_xt,reference,1,H2_CO_ratio,0.4210941704188822,6.594252658065565e-19,-0.4210941704188822,0.0422393244155111,1,0.0109659686688733,,,completed,poor,a2955d2a2f6e850b88d8b206f465d810e1ad86ab,5.810267628221254e-18,-5.1508423624146975e-18,-5.150842362414698e-06
R52-C-75,R52-C-75__P2__huayi_sy3sy2_phase2_wgs1__plateau_2022-10-04D_014__W003,2,train,low_capacity_alpha_wgs_xt,reference,1,dry_syngas_flow,137754.39881696113,137754.39881696113,0.0,0.0422393244155111,1,0.0109659686688733,,,completed,poor,a2955d2a2f6e850b88d8b206f465d810e1ad86ab,60646.27946026083,77108.1193567003,1.2714402275448125
R52-C-75,R52-C-75__P2__huayi_sy3sy2_phase2_wgs1__plateau_2022-10-04D_014__W004,2,train,low_capacity_alpha_wgs_xt,reference,1,CO_dry_vol_pct,64.24435198666664,84.59541188532812,20.351059898661475,0.0428866492824296,1,0.0118627810115528,,,completed,poor,a2955d2a2f6e850b88d8b206f465d810e1ad86ab,84.82899096268714,-0.23357907735902472,-0.0027535288903974674
R52-C-75,R52-C-75__P2__huayi_sy3sy2_phase2_wgs1__plateau_2022-10-04D_014__W004,2,train,low_capacity_alpha_wgs_xt,reference,1,H2_dry_vol_pct,26.962221206666666,1.0450408314618571e-20,-26.962221206666666,0.0428866492824296,1,0.0118627810115528,,,completed,poor,a2955d2a2f6e850b88d8b206f465d810e1ad86ab,7.729051911304263e-16,-7.728947407221117e-16,-0.0007728947407221117
R52-C-75,R52-C-75__P2__huayi_sy3sy2_phase2_wgs1__plateau_2022-10-04D_014__W004,2,train,low_capacity_alpha_wgs_xt,reference,1,CO2_dry_vol_pct,8.048062440399999,12.03951061613195,3.991448175731952,0.0428866492824296,1,0.0118627810115528,,,completed,poor,a2955d2a2f6e850b88d8b206f465d810e1ad86ab,11.850284463048496,0.18922615308345492,0.015968068418399498
R52-C-75,R52-C-75__P2__huayi_sy3sy2_phase2_wgs1__plateau_2022-10-04D_014__W004,2,train,low_capacity_alpha_wgs_xt,reference,1,H2_CO_ratio,0.4196815840240013,1.2353398466555663e-22,-0.4196815840240013,0.0428866492824296,1,0.0118627810115528,,,completed,poor,a2955d2a2f6e850b88d8b206f465d810e1ad86ab,9.111333075627366e-18,-9.1112095416427e-18,-9.1112095416427e-06
R52-C-75,R52-C-75__P2__huayi_sy3sy2_phase2_wgs1__plateau_2022-10-04D_014__W004,2,train,low_capacity_alpha_wgs_xt,reference,1,dry_syngas_flow,137107.62623260543,137107.62623260543,0.0,0.0428866492824296,1,0.0118627810115528,,,completed,poor,a2955d2a2f6e850b88d8b206f465d810e1ad86ab,59537.078871454774,77570.54736115065,1.3028947478029875
R52-C-75,R52-C-75__P2__huayi_sy3sy2_phase2_wgs1__plateau_2022-10-04D_014__W005,2,train,low_capacity_alpha_wgs_xt,reference,1,CO_dry_vol_pct,64.20861252399999,84.27622278347788,20.06761025947789,0.0430369741646495,1,0.0128752537213022,,,completed,poor,a2955d2a2f6e850b88d8b206f465d810e1ad86ab,84.5262786905439,-0.2500559070660273,-0.002958321494094138
R52-C-75,R52-C-75__P2__huayi_sy3sy2_phase2_wgs1__plateau_2022-10-04D_014__W005,2,train,low_capacity_alpha_wgs_xt,reference,1,H2_dry_vol_pct,26.869355896,1.4369982929475169e-21,-26.869355896,0.0430369741646495,1,0.0128752537213022,,,completed,poor,a2955d2a2f6e850b88d8b206f465d810e1ad86ab,2.1389058854580598e-14,-2.1389057417582306e-14,-0.021389057417582305
R52-C-75,R52-C-75__P2__huayi_sy3sy2_phase2_wgs1__plateau_2022-10-04D_014__W005,2,train,low_capacity_alpha_wgs_xt,reference,1,CO2_dry_vol_pct,8.1780794532,12.195114554241435,4.017035101041435,0.0430369741646495,1,0.0128752537213022,,,completed,poor,a2955d2a2f6e850b88d8b206f465d810e1ad86ab,11.9951101654695,0.20000438877193538,0.0166738267521453
R52-C-75,R52-C-75__P2__huayi_sy3sy2_phase2_wgs1__plateau_2022-10-04D_014__W005,2,train,low_capacity_alpha_wgs_xt,reference,1,H2_CO_ratio,0.4184699967434793,1.7051052426014006e-23,-0.4184699967434793,0.0430369741646495,1,0.0128752537213022,,,completed,poor,a2955d2a2f6e850b88d8b206f465d810e1ad86ab,2.5304626189551425e-16,-2.5304624484446185e-16,-0.00025304624484446186
R52-C-75,R52-C-75__P2__huayi_sy3sy2_phase2_wgs1__plateau_2022-10-04D_014__W005,2,train,low_capacity_alpha_wgs_xt,reference,1,dry_syngas_flow,136958.8266320915,136958.8266320915,0.0,0.0430369741646495,1,0.0128752537213022,,,completed,poor,a2955d2a2f6e850b88d8b206f465d810e1ad86ab,58414.6298505053,78544.19678158622,1.3445980396109074
R52-C-75,R52-C-75__P2__huayi_sy3sy2_phase2_wgs1__plateau_2022-10-04D_014__W006,2,train,low_capacity_alpha_wgs_xt,reference,1,CO_dry_vol_pct,64.23889594032256,84.20075535467113,19.961859414348567,0.0419817069205633,1,0.0130683515856335,,,completed,poor,a2955d2a2f6e850b88d8b206f465d810e1ad86ab,84.46574195275724,-0.2649865980861108,-0.003137207961001765
R52-C-75,R52-C-75__P2__huayi_sy3sy2_phase2_wgs1__plateau_2022-10-04D_014__W006,2,train,low_capacity_alpha_wgs_xt,reference,1,H2_dry_vol_pct,26.971967490322577,1.1721792126520372e-22,-26.971967490322577,0.0419817069205633,1,0.0130683515856335,,,completed,poor,a2955d2a2f6e850b88d8b206f465d810e1ad86ab,1.2853139303988478e-16,-1.2853127582196351e-16,-0.00012853127582196353
R52-C-75,R52-C-75__P2__huayi_sy3sy2_phase2_wgs1__plateau_2022-10-04D_014__W006,2,train,low_capacity_alpha_wgs_xt,reference,1,CO2_dry_vol_pct,8.020960229677419,12.235271129813777,4.214310900136356,0.0419817069205633,1,0.0130683515856335,,,completed,poor,a2955d2a2f6e850b88d8b206f465d810e1ad86ab,12.023772026315195,0.21149910349858203,0.017590079305869713
R52-C-75,R52-C-75__P2__huayi_sy3sy2_phase2_wgs1__plateau_2022-10-04D_014__W006,2,train,low_capacity_alpha_wgs_xt,reference,1,H2_CO_ratio,0.4198714725523487,1.39212434343917e-24,-0.4198714725523487,0.0419817069205633,1,0.0130683515856335,,,completed,poor,a2955d2a2f6e850b88d8b206f465d810e1ad86ab,1.5216985024742223e-18,-1.5216971103498789e-18,-1.521697110349879e-06
R52-C-75,R52-C-75__P2__huayi_sy3sy2_phase2_wgs1__plateau_2022-10-04D_014__W006,2,train,low_capacity_alpha_wgs_xt,reference,1,dry_syngas_flow,138014.55801497906,138014.55801497906,0.0,0.0419817069205633,1,0.0130683515856335,,,completed,poor,a2955d2a2f6e850b88d8b206f465d810e1ad86ab,58331.6194426875,79682.93857229156,1.366033368070337
R52-C-75,R52-C-75__P2__huayi_sy3sy2_phase2_wgs1__plateau_2022-10-04D_014__W007,2,train,low_capacity_alpha_wgs_xt,reference,1,CO_dry_vol_pct,64.28587483466667,84.10972414246955,19.82384930780288,0.0420333585661255,1,0.0133423034790649,,,completed,poor,a2955d2a2f6e850b88d8b206f465d810e1ad86ab,84.38439140976304,-0.2746672672934949,-0.0032549534659761336
R52-C-75,R52-C-75__P2__huayi_sy3sy2_phase2_wgs1__plateau_2022-10-04D_014__W007,2,train,low_capacity_alpha_wgs_xt,reference,1,H2_dry_vol_pct,27.03118935333333,1.4851388969754606e-17,-27.03118935333333,0.0420333585661255,1,0.0133423034790649,,,completed,poor,a2955d2a2f6e850b88d8b206f465d810e1ad86ab,1.641872146847929e-16,-1.4933582571503828e-16,-0.0001493358257150383
R52-C-75,R52-C-75__P2__huayi_sy3sy2_phase2_wgs1__plateau_2022-10-04D_014__W007,2,train,low_capacity_alpha_wgs_xt,reference,1,CO2_dry_vol_pct,7.922596908,12.280588089443109,4.357991181443107,0.0420333585661255,1,0.0133423034790649,,,completed,poor,a2955d2a2f6e850b88d8b206f465d810e1ad86ab,12.062072851593543,0.21851523784956584,0.018115894385490914
R52-C-75,R52-C-75__P2__huayi_sy3sy2_phase2_wgs1__plateau_2022-10-04D_014__W007,2,train,low_capacity_alpha_wgs_xt,reference,1,H2_CO_ratio,0.4204840030686265,1.7657160478375284e-19,-0.4204840030686265,0.0420333585661255,1,0.0133423034790649,,,completed,poor,a2955d2a2f6e850b88d8b206f465d810e1ad86ab,1.9457059764466927e-18,-1.7691343716629397e-18,-1.7691343716629396e-06
R52-C-75,R52-C-75__P2__huayi_sy3sy2_phase2_wgs1__plateau_2022-10-04D_014__W007,2,train,low_capacity_alpha_wgs_xt,reference,1,dry_syngas_flow,137962.2690458604,137962.2690458604,0.0,0.0420333585661255,1,0.0133423034790649,,,completed,poor,a2955d2a2f6e850b88d8b206f465d810e1ad86ab,57989.349775468465,79972.91927039193,1.3790966717171793
R52-C-75,R52-C-75__P2__huayi_sy3sy2_phase2_wgs1__shift_evening_handover_2022-10-04__W001,2,train,low_capacity_alpha_wgs_xt,reference,1,CO_dry_vol_pct,63.95533421600001,84.20953331716643,20.25419910116642,0.0430102695005547,1,0.0130496590557921,,,completed,poor,a2955d2a2f6e850b88d8b206f465d810e1ad86ab,84.47176441523176,-0.2622310980653282,-0.003104363924213749
R52-C-75,R52-C-75__P2__huayi_sy3sy2_phase2_wgs1__shift_evening_handover_2022-10-04__W001,2,train,low_capacity_alpha_wgs_xt,reference,1,H2_dry_vol_pct,27.022433552000003,1.224040094959239e-19,-27.022433552000003,0.0430102695005547,1,0.0130496590557921,,,completed,poor,a2955d2a2f6e850b88d8b206f465d810e1ad86ab,3.331703905098125e-15,-3.331581501088629e-15,-0.003331581501088629
R52-C-75,R52-C-75__P2__huayi_sy3sy2_phase2_wgs1__shift_evening_handover_2022-10-04__W001,2,train,low_capacity_alpha_wgs_xt,reference,1,CO2_dry_vol_pct,8.294790617066667,12.230305099440203,3.935514482373538,0.0430102695005547,1,0.0130496590557921,,,completed,poor,a2955d2a2f6e850b88d8b206f465d810e1ad86ab,12.021005645013148,0.20929945442705566,0.01741114351059992
R52-C-75,R52-C-75__P2__huayi_sy3sy2_phase2_wgs1__shift_evening_handover_2022-10-04__W001,2,train,low_capacity_alpha_wgs_xt,reference,1,H2_CO_ratio,0.4225216469759647,1.4535647529942002e-21,-0.4225216469759647,0.0430102695005547,1,0.0130496590557921,,,completed,poor,a2955d2a2f6e850b88d8b206f465d810e1ad86ab,3.944162795890836e-17,-3.9440174394155366e-17,-3.944017439415537e-05
R52-C-75,R52-C-75__P2__huayi_sy3sy2_phase2_wgs1__shift_evening_handover_2022-10-04__W001,2,train,low_capacity_alpha_wgs_xt,reference,1,dry_syngas_flow,136985.22233328418,136985.22233328418,0.0,0.0430102695005547,1,0.0130496590557921,,,completed,poor,a2955d2a2f6e850b88d8b206f465d810e1ad86ab,58439.470028514654,78545.75230476953,1.3440531248220478
R52-C-75,R52-C-75__P2__huayi_sy3sy2_phase2_wgs1__plateau_2022-10-04N_015__W001,2,train,low_capacity_alpha_wgs_xt,reference,1,CO_dry_vol_pct,63.30438717599999,84.26578764813632,20.961400472136333,0.0435663369121495,1,0.0128758997382205,,,completed,poor,a2955d2a2f6e850b88d8b206f465d810e1ad86ab,84.52309016998224,-0.25730252184591507,-0.003044168419877462
R52-C-75,R52-C-75__P2__huayi_sy3sy2_phase2_wgs1__plateau_2022-10-04N_015__W001,2,train,low_capacity_alpha_wgs_xt,reference,1,H2_dry_vol_pct,27.119593054666662,1.7328288981201097e-19,-27.119593054666662,0.0435663369121495,1,0.0128758997382205,,,completed,poor,a2955d2a2f6e850b88d8b206f465d810e1ad86ab,2.0941474959323568e-16,-2.0924146670342367e-16,-0.00020924146670342367
R52-C-75,R52-C-75__P2__huayi_sy3sy2_phase2_wgs1__plateau_2022-10-04N_015__W001,2,train,low_capacity_alpha_wgs_xt,reference,1,CO2_dry_vol_pct,8.849474387199999,12.202611992664243,3.3531376054642443,0.0435663369121495,1,0.0128758997382205,,,completed,poor,a2955d2a2f6e850b88d8b206f465d810e1ad86ab,11.996772468337745,0.20583952432649788,0.01715790850162041
R52-C-75,R52-C-75__P2__huayi_sy3sy2_phase2_wgs1__plateau_2022-10-04N_015__W001,2,train,low_capacity_alpha_wgs_xt,reference,1,H2_CO_ratio,0.4284019008760417,2.056384858533313e-21,-0.4284019008760417,0.0435663369121495,1,0.0128758997382205,,,completed,poor,a2955d2a2f6e850b88d8b206f465d810e1ad86ab,2.4776040389920316e-18,-2.475547654133498e-18,-2.475547654133498e-06
R52-C-75,R52-C-75__P2__huayi_sy3sy2_phase2_wgs1__plateau_2022-10-04N_015__W001,2,train,low_capacity_alpha_wgs_xt,reference,1,dry_syngas_flow,136438.9415913955,136438.9415913955,0.0,0.0435663369121495,1,0.0128758997382205,,,completed,poor,a2955d2a2f6e850b88d8b206f465d810e1ad86ab,58623.99631049369,77814.94528090181,1.3273565464347736
R52-C-75,R52-C-75__P2__huayi_sy3sy2_phase2_wgs1__plateau_2022-10-04N_015__W002,2,train,low_capacity_alpha_wgs_xt,reference,1,CO_dry_vol_pct,63.05726098,84.36458156610792,21.30732058610792,0.0438473229754382,1,0.0125981431638324,,,completed,poor,a2955d2a2f6e850b88d8b206f465d810e1ad86ab,84.60836309995108,-0.24378153384316192,-0.002881293585069995
R52-C-75,R52-C-75__P2__huayi_sy3sy2_phase2_wgs1__plateau_2022-10-04N_015__W002,2,train,low_capacity_alpha_wgs_xt,reference,1,H2_dry_vol_pct,27.199118130666665,9.911999478602096e-18,-27.199118130666665,0.0438473229754382,1,0.0125981431638324,,,completed,poor,a2955d2a2f6e850b88d8b206f465d810e1ad86ab,1.1031969155611239e-17,-1.1199696770091432e-18,-1.1199696770091432e-06
R52-C-75,R52-C-75__P2__huayi_sy3sy2_phase2_wgs1__plateau_2022-10-04N_015__W002,2,train,low_capacity_alpha_wgs_xt,reference,1,CO2_dry_vol_pct,9.027923212,12.151841036197029,3.1239178241970293,0.0438473229754382,1,0.0125981431638324,,,completed,poor,a2955d2a2f6e850b88d8b206f465d810e1ad86ab,11.956202117123576,0.19563891907345266,0.01636296519220432
R52-C-75,R52-C-75__P2__huayi_sy3sy2_phase2_wgs1__plateau_2022-10-04N_015__W002,2,train,low_capacity_alpha_wgs_xt,reference,1,H2_CO_ratio,0.4313427709575747,1.1749005678212338e-19,-0.4313427709575747,0.0438473229754382,1,0.0125981431638324,,,completed,poor,a2955d2a2f6e850b88d8b206f465d810e1ad86ab,1.303886371442827e-19,-1.2898580362159324e-20,-1.2898580362159323e-08
R52-C-75,R52-C-75__P2__huayi_sy3sy2_phase2_wgs1__plateau_2022-10-04N_015__W002,2,train,low_capacity_alpha_wgs_xt,reference,1,dry_syngas_flow,136165.5469457938,136165.5469457938,0.0,0.0438473229754382,1,0.0125981431638324,,,completed,poor,a2955d2a2f6e850b88d8b206f465d810e1ad86ab,58828.306946122495,77337.23999967129,1.314626308564346
R52-C-75,R52-C-75__P2__huayi_sy3sy2_phase2_wgs1__plateau_2022-10-04N_015__W003,2,train,low_capacity_alpha_wgs_xt,reference,1,CO_dry_vol_pct,63.00144242933334,84.29811361807555,21.29667118874221,0.0446653217118216,1,0.0128421973054235,,,completed,poor,a2955d2a2f6e850b88d8b206f465d810e1ad86ab,84.53882949252186,-0.24071587444630893,-0.002847400134249578
R52-C-75,R52-C-75__P2__huayi_sy3sy2_phase2_wgs1__plateau_2022-10-04N_015__W003,2,train,low_capacity_alpha_wgs_xt,reference,1,H2_dry_vol_pct,27.057765898666663,7.381007668470353e-20,-27.057765898666663,0.0446653217118216,1,0.0128421973054235,,,completed,poor,a2955d2a2f6e850b88d8b206f465d810e1ad86ab,2.0744044545877193e-14,-2.0743970735800508e-14,-0.020743970735800508
R52-C-75,R52-C-75__P2__huayi_sy3sy2_phase2_wgs1__plateau_2022-10-04N_015__W003,2,train,low_capacity_alpha_wgs_xt,reference,1,CO2_dry_vol_pct,9.223344497866664,12.181749803275686,2.9584053054090216,0.0446653217118216,1,0.0128421973054235,,,completed,poor,a2955d2a2f6e850b88d8b206f465d810e1ad86ab,11.98919172829883,0.19255807497685673,0.016060972194009544
R52-C-75,R52-C-75__P2__huayi_sy3sy2_phase2_wgs1__plateau_2022-10-04N_015__W003,2,train,low_capacity_alpha_wgs_xt,reference,1,H2_CO_ratio,0.4294829425397182,8.755839664350078e-22,-0.4294829425397182,0.0446653217118216,1,0.0128421973054235,,,completed,poor,a2955d2a2f6e850b88d8b206f465d810e1ad86ab,2.453788947682576e-16,-2.4537801918429117e-16,-0.0002453780191842912
R52-C-75,R52-C-75__P2__huayi_sy3sy2_phase2_wgs1__plateau_2022-10-04N_015__W003,2,train,low_capacity_alpha_wgs_xt,reference,1,dry_syngas_flow,135379.51044617285,135379.51044617285,0.0,0.0446653217118216,1,0.0128421973054235,,,completed,poor,a2955d2a2f6e850b88d8b206f465d810e1ad86ab,58531.8882238224,76847.62222235044,1.312918898643587
R52-C-75,R52-C-75__P2__huayi_sy3sy2_phase2_wgs1__plateau_2022-10-04N_015__W004,2,train,low_capacity_alpha_wgs_xt,reference,1,CO_dry_vol_pct,63.32038515466667,84.22489843246717,20.904513277800504,0.0439176132442502,1,0.0130463823851773,,,completed,poor,a2955d2a2f6e850b88d8b206f465d810e1ad86ab,84.47645434328118,-0.2515559108140053,-0.0029778227882502595
R52-C-75,R52-C-75__P2__huayi_sy3sy2_phase2_wgs1__plateau_2022-10-04N_015__W004,2,train,low_capacity_alpha_wgs_xt,reference,1,H2_dry_vol_pct,27.17390028133333,1.6613145221273457e-21,-27.17390028133333,0.0439176132442502,1,0.0130463823851773,,,completed,poor,a2955d2a2f6e850b88d8b206f465d810e1ad86ab,3.0232877287418815e-15,-3.0232860674273595e-15,-0.0030232860674273597
R52-C-75,R52-C-75__P2__huayi_sy3sy2_phase2_wgs1__plateau_2022-10-04N_015__W004,2,train,low_capacity_alpha_wgs_xt,reference,1,CO2_dry_vol_pct,8.780865,12.219466095343424,3.438601095343424,0.0439176132442502,1,0.0130463823851773,,,completed,poor,a2955d2a2f6e850b88d8b206f465d810e1ad86ab,12.018717398047524,0.20074869729590006,0.01670300504182853
R52-C-75,R52-C-75__P2__huayi_sy3sy2_phase2_wgs1__plateau_2022-10-04N_015__W004,2,train,low_capacity_alpha_wgs_xt,reference,1,H2_CO_ratio,0.4291482415177123,1.97247435502628e-23,-0.4291482415177123,0.0439176132442502,1,0.0130463823851773,,,completed,poor,a2955d2a2f6e850b88d8b206f465d810e1ad86ab,3.5788525361828685e-17,-3.5788505637085136e-17,-3.578850563708514e-05
R52-C-75,R52-C-75__P2__huayi_sy3sy2_phase2_wgs1__plateau_2022-10-04N_015__W004,2,train,low_capacity_alpha_wgs_xt,reference,1,dry_syngas_flow,136097.4296672341,136097.4296672341,0.0,0.0439176132442502,1,0.0130463823851773,,,completed,poor,a2955d2a2f6e850b88d8b206f465d810e1ad86ab,58434.704257265555,77662.72540996855,1.3290513984301076
R52-C-75,R52-C-75__P2__huayi_sy3sy2_phase2_wgs1__plateau_2022-10-04N_015__W005,2,train,low_capacity_alpha_wgs_xt,reference,1,CO_dry_vol_pct,63.543653376,84.22617396129714,20.682520585297134,0.0432900930552593,1,0.0130277166346367,,,completed,poor,a2955d2a2f6e850b88d8b206f465d810e1ad86ab,84.48080198904428,-0.2546280277471453,-0.0030140342154915413
R52-C-75,R52-C-75__P2__huayi_sy3sy2_phase2_wgs1__plateau_2022-10-04N_015__W005,2,train,low_capacity_alpha_wgs_xt,reference,1,H2_dry_vol_pct,27.304421864,5.047184992473659e-21,-27.304421864,0.0432900930552593,1,0.0130277166346367,,,completed,poor,a2955d2a2f6e850b88d8b206f465d810e1ad86ab,2.5058341279045365e-16,-2.5057836560546117e-16,-0.00025057836560546116
R52-C-75,R52-C-75__P2__huayi_sy3sy2_phase2_wgs1__plateau_2022-10-04N_015__W005,2,train,low_capacity_alpha_wgs_xt,reference,1,CO2_dry_vol_pct,8.419400267599999,12.219931761006192,3.8005314934061936,0.0432900930552593,1,0.0130277166346367,,,completed,poor,a2955d2a2f6e850b88d8b206f465d810e1ad86ab,12.016650514670742,0.2032812463354503,0.016916631309803906
R52-C-75,R52-C-75__P2__huayi_sy3sy2_phase2_wgs1__plateau_2022-10-04N_015__W005,2,train,low_capacity_alpha_wgs_xt,reference,1,H2_CO_ratio,0.429698429843257,5.992418692546686e-23,-0.429698429843257,0.0432900930552593,1,0.0130277166346367,,,completed,poor,a2955d2a2f6e850b88d8b206f465d810e1ad86ab,2.9661580724926126e-18,-2.966098148305687e-18,-2.966098148305687e-06
R52-C-75,R52-C-75__P2__huayi_sy3sy2_phase2_wgs1__plateau_2022-10-04N_015__W005,2,train,low_capacity_alpha_wgs_xt,reference,1,dry_syngas_flow,136709.4465008859,136709.4465008859,0.0,0.0432900930552593,1,0.0130277166346367,,,completed,poor,a2955d2a2f6e850b88d8b206f465d810e1ad86ab,58389.88679138156,78319.55970950435,1.3413206295351892
R52-C-75,R52-C-75__P2__huayi_sy3sy2_phase2_wgs1__plateau_2022-10-04N_015__W006,2,train,low_capacity_alpha_wgs_xt,reference,1,CO_dry_vol_pct,63.06391252933333,84.10808221990443,21.044169690571103,0.0446712772685042,1,0.0134512898807106,,,completed,poor,a2955d2a2f6e850b88d8b206f465d810e1ad86ab,84.36096299249537,-0.25288077259094166,-0.0029976041479450343
R52-C-75,R52-C-75__P2__huayi_sy3sy2_phase2_wgs1__plateau_2022-10-04N_015__W006,2,train,low_capacity_alpha_wgs_xt,reference,1,H2_dry_vol_pct,27.09497532266667,2.332291645228128e-22,-27.09497532266667,0.0446712772685042,1,0.0134512898807106,,,completed,poor,a2955d2a2f6e850b88d8b206f465d810e1ad86ab,2.6941168019212765e-15,-2.694116568692112e-15,-0.002694116568692112
R52-C-75,R52-C-75__P2__huayi_sy3sy2_phase2_wgs1__plateau_2022-10-04N_015__W006,2,train,low_capacity_alpha_wgs_xt,reference,1,CO2_dry_vol_pct,9.135209407066666,12.273759268361268,3.138549861294601,0.0446712772685042,1,0.0134512898807106,,,completed,poor,a2955d2a2f6e850b88d8b206f465d810e1ad86ab,12.072925872714011,0.20083339564725655,0.0166350226750882
R52-C-75,R52-C-75__P2__huayi_sy3sy2_phase2_wgs1__plateau_2022-10-04N_015__W006,2,train,low_capacity_alpha_wgs_xt,reference,1,H2_CO_ratio,0.42964522021633,2.772969711912161e-24,-0.42964522021633,0.0446712772685042,1,0.0134512898807106,,,completed,poor,a2955d2a2f6e850b88d8b206f465d810e1ad86ab,3.1935586156845333e-17,-3.193558338387562e-17,-3.193558338387562e-05
R52-C-75,R52-C-75__P2__huayi_sy3sy2_phase2_wgs1__plateau_2022-10-04N_015__W006,2,train,low_capacity_alpha_wgs_xt,reference,1,dry_syngas_flow,135373.84053857613,135373.84053857613,0.0,0.0446712772685042,1,0.0134512898807106,,,completed,poor,a2955d2a2f6e850b88d8b206f465d810e1ad86ab,57886.462883222826,77487.37765535331,1.3386096471583064
R52-C-75,R52-C-75__P2__huayi_sy3sy2_phase2_wgs1__plateau_2022-10-04N_015__W007,2,train,low_capacity_alpha_wgs_xt,reference,1,CO_dry_vol_pct,63.40651193066666,84.21686387080788,20.810351940141224,0.0436672831800255,1,0.0130857656208044,,,completed,poor,a2955d2a2f6e850b88d8b206f465d810e1ad86ab,84.46616879716139,-0.24930492635350276,-0.002951535862271535
R52-C-75,R52-C-75__P2__huayi_sy3sy2_phase2_wgs1__plateau_2022-10-04N_015__W007,2,train,low_capacity_alpha_wgs_xt,reference,1,H2_dry_vol_pct,27.24397371866667,7.909463153846802e-19,-27.24397371866667,0.0436672831800255,1,0.0130857656208044,,,completed,poor,a2955d2a2f6e850b88d8b206f465d810e1ad86ab,1.3872563554561593e-15,-1.3864654091407745e-15,-0.0013864654091407746
R52-C-75,R52-C-75__P2__huayi_sy3sy2_phase2_wgs1__plateau_2022-10-04N_015__W007,2,train,low_capacity_alpha_wgs_xt,reference,1,CO2_dry_vol_pct,8.618603513333335,12.222367591231698,3.6037640778983633,0.0436672831800255,1,0.0130857656208044,,,completed,poor,a2955d2a2f6e850b88d8b206f465d810e1ad86ab,12.023496691419485,0.1988708998122135,0.01654018834255902
R52-C-75,R52-C-75__P2__huayi_sy3sy2_phase2_wgs1__plateau_2022-10-04N_015__W007,2,train,low_capacity_alpha_wgs_xt,reference,1,H2_CO_ratio,0.4296749691764259,9.391780684187244e-21,-0.4296749691764259,0.0436672831800255,1,0.0130857656208044,,,completed,poor,a2955d2a2f6e850b88d8b206f465d810e1ad86ab,1.6423810564766376e-17,-1.6414418784082188e-17,-1.641441878408219e-05
R52-C-75,R52-C-75__P2__huayi_sy3sy2_phase2_wgs1__plateau_2022-10-04N_015__W007,2,train,low_capacity_alpha_wgs_xt,reference,1,dry_syngas_flow,136340.52017777457,136340.52017777457,0.0,0.0436672831800255,1,0.0130857656208044,,,completed,poor,a2955d2a2f6e850b88d8b206f465d810e1ad86ab,58211.4044217101,78129.11575606446,1.34216166973161
R52-C-75,R52-C-75__P3__huayi_sy3sy2_phase3_wgs1__shift_morning_handover_2022-10-06__W001,3,validation,low_capacity_alpha_wgs_xt,reference,1,CO_dry_vol_pct,63.07712628266666,86.40036505805251,23.323238775385853,0.045773141197839,1,0.011697571064629,,,completed,poor,a2955d2a2f6e850b88d8b206f465d810e1ad86ab,86.61033826646621,-0.20997320841370026,-0.00242434347465189
R52-C-75,R52-C-75__P3__huayi_sy3sy2_phase3_wgs1__shift_morning_handover_2022-10-06__W001,3,validation,low_capacity_alpha_wgs_xt,reference,1,H2_dry_vol_pct,26.86354134933333,2.971331349414809e-22,-26.86354134933333,0.045773141197839,1,0.011697571064629,,,completed,poor,a2955d2a2f6e850b88d8b206f465d810e1ad86ab,7.151243354394233e-16,-7.151240383062884e-16,-0.0007151240383062884
R52-C-75,R52-C-75__P3__huayi_sy3sy2_phase3_wgs1__shift_morning_handover_2022-10-06__W001,3,validation,low_capacity_alpha_wgs_xt,reference,1,CO2_dry_vol_pct,9.359796498800002,10.34321029998507,0.983413801185069,0.045773141197839,1,0.011697571064629,,,completed,poor,a2955d2a2f6e850b88d8b206f465d810e1ad86ab,10.173720719410134,0.16948958057493613,0.016659547204944607
R52-C-75,R52-C-75__P3__huayi_sy3sy2_phase3_wgs1__shift_morning_handover_2022-10-06__W001,3,validation,low_capacity_alpha_wgs_xt,reference,1,H2_CO_ratio,0.4258841388279248,3.439026383069524e-24,-0.4258841388279248,0.045773141197839,1,0.011697571064629,,,completed,poor,a2955d2a2f6e850b88d8b206f465d810e1ad86ab,8.256801090410994e-18,-8.25679765138461e-18,-8.25679765138461e-06
R52-C-75,R52-C-75__P3__huayi_sy3sy2_phase3_wgs1__shift_morning_handover_2022-10-06__W001,3,validation,low_capacity_alpha_wgs_xt,reference,1,dry_syngas_flow,134337.62353142304,134337.62353142304,0.0,0.045773141197839,1,0.011697571064629,,,completed,poor,a2955d2a2f6e850b88d8b206f465d810e1ad86ab,60290.06130589142,74047.56222553163,1.2281885375740338
R52-C-75,R52-C-75__P3__huayi_sy3sy2_phase3_wgs1__plateau_2022-10-06D_007__W001,3,validation,low_capacity_alpha_wgs_xt,reference,1,CO_dry_vol_pct,62.91219163599999,86.3783999012624,23.46620826526241,0.0484041188303309,1,0.0118219554309227,,,completed,poor,a2955d2a2f6e850b88d8b206f465d810e1ad86ab,86.57908103774047,-0.2006811364780674,-0.00231789404637581
R52-C-75,R52-C-75__P3__huayi_sy3sy2_phase3_wgs1__plateau_2022-10-06D_007__W001,3,validation,low_capacity_alpha_wgs_xt,reference,1,H2_dry_vol_pct,26.434633410666667,1.4323258191230114e-20,-26.434633410666667,0.0484041188303309,1,0.0118219554309227,,,completed,poor,a2955d2a2f6e850b88d8b206f465d810e1ad86ab,8.563490150795661e-19,-8.42025756888336e-19,-8.420257568883361e-07
R52-C-75,R52-C-75__P3__huayi_sy3sy2_phase3_wgs1__plateau_2022-10-06D_007__W001,3,validation,low_capacity_alpha_wgs_xt,reference,1,CO2_dry_vol_pct,9.9455628,10.349151329231551,0.4035885292315537,0.0484041188303309,1,0.0118219554309227,,,completed,poor,a2955d2a2f6e850b88d8b206f465d810e1ad86ab,10.187454483893923,0.1616968453376284,0.015872153892149066
R52-C-75,R52-C-75__P3__huayi_sy3sy2_phase3_wgs1__plateau_2022-10-06D_007__W001,3,validation,low_capacity_alpha_wgs_xt,reference,1,H2_CO_ratio,0.4201718522157012,1.6581990645349736e-22,-0.4201718522157012,0.0484041188303309,1,0.0118219554309227,,,completed,poor,a2955d2a2f6e850b88d8b206f465d810e1ad86ab,9.890945997755246e-21,-9.725126091301749e-21,-9.725126091301749e-09
R52-C-75,R52-C-75__P3__huayi_sy3sy2_phase3_wgs1__plateau_2022-10-06D_007__W001,3,validation,low_capacity_alpha_wgs_xt,reference,1,dry_syngas_flow,131960.96298284738,131960.96298284738,0.0,0.0484041188303309,1,0.0118219554309227,,,completed,poor,a2955d2a2f6e850b88d8b206f465d810e1ad86ab,60062.27584682054,71898.68713602684,1.1970689775291437
R52-C-75,R52-C-75__P3__huayi_sy3sy2_phase3_wgs1__plateau_2022-10-06D_007__W002,3,validation,low_capacity_alpha_wgs_xt,reference,1,CO_dry_vol_pct,63.754372190666665,86.76859937578327,23.014227185116603,0.044148337679492,1,0.0104659486180101,,,completed,poor,a2955d2a2f6e850b88d8b206f465d810e1ad86ab,86.96260968669834,-0.19401031091507548,-0.0022309623827302294
R52-C-75,R52-C-75__P3__huayi_sy3sy2_phase3_wgs1__plateau_2022-10-06D_007__W002,3,validation,low_capacity_alpha_wgs_xt,reference,1,H2_dry_vol_pct,26.66782492533333,1.4116318997690514e-19,-26.66782492533333,0.044148337679492,1,0.0104659486180101,,,completed,poor,a2955d2a2f6e850b88d8b206f465d810e1ad86ab,4.6391862513941115e-18,-4.498023061417206e-18,-4.498023061417207e-06
R52-C-75,R52-C-75__P3__huayi_sy3sy2_phase3_wgs1__plateau_2022-10-06D_007__W002,3,validation,low_capacity_alpha_wgs_xt,reference,1,CO2_dry_vol_pct,8.835336828266666,10.175066997600222,1.3397301693335564,0.044148337679492,1,0.0104659486180101,,,completed,poor,a2955d2a2f6e850b88d8b206f465d810e1ad86ab,10.01583601267014,0.15923098493008148,0.015897922522758217
R52-C-75,R52-C-75__P3__huayi_sy3sy2_phase3_wgs1__plateau_2022-10-06D_007__W002,3,validation,low_capacity_alpha_wgs_xt,reference,1,H2_CO_ratio,0.4182971566880049,1.6268925739546184e-21,-0.4182971566880049,0.044148337679492,1,0.0104659486180101,,,completed,poor,a2955d2a2f6e850b88d8b206f465d810e1ad86ab,5.3346906999545966e-20,-5.1720014425591345e-20,-5.172001442559135e-08
R52-C-75,R52-C-75__P3__huayi_sy3sy2_phase3_wgs1__plateau_2022-10-06D_007__W002,3,validation,low_capacity_alpha_wgs_xt,reference,1,dry_syngas_flow,135874.60175590846,135874.60175590846,0.0,0.044148337679492,1,0.0104659486180101,,,completed,poor,a2955d2a2f6e850b88d8b206f465d810e1ad86ab,61591.06088681066,74283.54086909781,1.206076657871064
R52-C-75,R52-C-75__P3__huayi_sy3sy2_phase3_wgs1__plateau_2022-10-06D_008__W001,3,validation,low_capacity_alpha_wgs_xt,reference,1,CO_dry_vol_pct,63.853599986666666,86.62761672969633,22.774016743029662,0.0460063030278456,1,0.0109825379988723,,,completed,poor,a2955d2a2f6e850b88d8b206f465d810e1ad86ab,86.81646581755568,-0.18884908785935295,-0.002175268090919737
R52-C-75,R52-C-75__P3__huayi_sy3sy2_phase3_wgs1__plateau_2022-10-06D_008__W001,3,validation,low_capacity_alpha_wgs_xt,reference,1,H2_dry_vol_pct,26.517612319999994,7.057299964768771e-18,-26.517612319999994,0.0460063030278456,1,0.0109825379988723,,,completed,poor,a2955d2a2f6e850b88d8b206f465d810e1ad86ab,4.423592561648073e-18,2.633707403120698e-18,2.633707403120698e-06
R52-C-75,R52-C-75__P3__huayi_sy3sy2_phase3_wgs1__plateau_2022-10-06D_008__W001,3,validation,low_capacity_alpha_wgs_xt,reference,1,CO2_dry_vol_pct,8.9145837584,10.235777796716048,1.3211940383160474,0.0460063030278456,1,0.0109825379988723,,,completed,poor,a2955d2a2f6e850b88d8b206f465d810e1ad86ab,10.081931611941574,0.15384618477447454,0.015259594162714907
R52-C-75,R52-C-75__P3__huayi_sy3sy2_phase3_wgs1__plateau_2022-10-06D_008__W001,3,validation,low_capacity_alpha_wgs_xt,reference,1,H2_CO_ratio,0.415288680405837,8.146709134097068e-20,-0.415288680405837,0.0460063030278456,1,0.0109825379988723,,,completed,poor,a2955d2a2f6e850b88d8b206f465d810e1ad86ab,5.095338217227396e-20,3.0513709168696726e-20,3.0513709168696724e-08
R52-C-75,R52-C-75__P3__huayi_sy3sy2_phase3_wgs1__plateau_2022-10-06D_008__W001,3,validation,low_capacity_alpha_wgs_xt,reference,1,dry_syngas_flow,134121.55277157546,134121.55277157546,0.0,0.0460063030278456,1,0.0109825379988723,,,completed,poor,a2955d2a2f6e850b88d8b206f465d810e1ad86ab,60781.91252710952,73339.64024446593,1.206603036910948
R52-C-75,R52-C-75__P3__huayi_sy3sy2_phase3_wgs1__plateau_2022-10-06D_008__W002,3,validation,low_capacity_alpha_wgs_xt,reference,1,CO_dry_vol_pct,63.81669654769232,86.87084305499114,23.054146507298825,0.0468942161182788,1,0.0102139031705024,,,completed,poor,a2955d2a2f6e850b88d8b206f465d810e1ad86ab,87.04344343467415,-0.17260037968300423,-0.0019829222382790994
R52-C-75,R52-C-75__P3__huayi_sy3sy2_phase3_wgs1__plateau_2022-10-06D_008__W002,3,validation,low_capacity_alpha_wgs_xt,reference,1,H2_dry_vol_pct,26.535925223076926,7.253822105261677e-21,-26.535925223076926,0.0468942161182788,1,0.0102139031705024,,,completed,poor,a2955d2a2f6e850b88d8b206f465d810e1ad86ab,7.077996774083836e-14,-7.077996048701625e-14,-0.07077996048701625
R52-C-75,R52-C-75__P3__huayi_sy3sy2_phase3_wgs1__plateau_2022-10-06D_008__W002,3,validation,low_capacity_alpha_wgs_xt,reference,1,CO2_dry_vol_pct,8.936552717999998,10.120792818681538,1.1842401006815404,0.0468942161182788,1,0.0102139031705024,,,completed,poor,a2955d2a2f6e850b88d8b206f465d810e1ad86ab,9.978710296383106,0.14208252229843232,0.01423856571424182
R52-C-75,R52-C-75__P3__huayi_sy3sy2_phase3_wgs1__plateau_2022-10-06D_008__W002,3,validation,low_capacity_alpha_wgs_xt,reference,1,H2_CO_ratio,0.4158141698900238,8.350122837728015e-23,-0.4158141698900238,0.0468942161182788,1,0.0102139031705024,,,completed,poor,a2955d2a2f6e850b88d8b206f465d810e1ad86ab,8.13156797892061e-16,-8.131567143908326e-16,-0.0008131567143908326
R52-C-75,R52-C-75__P3__huayi_sy3sy2_phase3_wgs1__plateau_2022-10-06D_008__W002,3,validation,low_capacity_alpha_wgs_xt,reference,1,dry_syngas_flow,133308.63133560153,133308.63133560153,0.0,0.0468942161182788,1,0.0102139031705024,,,completed,poor,a2955d2a2f6e850b88d8b206f465d810e1ad86ab,61650.23297416316,71658.39836143836,1.162337835632665
R52-C-75,R52-C-75__P3__huayi_sy3sy2_phase3_wgs1__plateau_2022-10-06D_008__W003,3,validation,low_capacity_alpha_wgs_xt,reference,1,CO_dry_vol_pct,63.5154361625,86.76467888250338,23.249242720003373,0.0468195149031939,1,0.0105179405901063,,,completed,poor,a2955d2a2f6e850b88d8b206f465d810e1ad86ab,86.95010147558905,-0.18542259308567566,-0.002132517270698441
R52-C-75,R52-C-75__P3__huayi_sy3sy2_phase3_wgs1__plateau_2022-10-06D_008__W003,3,validation,low_capacity_alpha_wgs_xt,reference,1,H2_dry_vol_pct,26.49120874444445,8.25615961027916e-19,-26.49120874444445,0.0468195149031939,1,0.0105179405901063,,,completed,poor,a2955d2a2f6e850b88d8b206f465d810e1ad86ab,4.850565278167127e-17,-4.768003682064335e-17,-4.7680036820643354e-05
R52-C-75,R52-C-75__P3__huayi_sy3sy2_phase3_wgs1__plateau_2022-10-06D_008__W003,3,validation,low_capacity_alpha_wgs_xt,reference,1,CO2_dry_vol_pct,9.279453070833334,10.173610454914613,0.8941573840812787,0.0468195149031939,1,0.0105179405901063,,,completed,poor,a2955d2a2f6e850b88d8b206f465d810e1ad86ab,10.02158277168729,0.15202768322732219,0.0151700271993788
R52-C-75,R52-C-75__P3__huayi_sy3sy2_phase3_wgs1__plateau_2022-10-06D_008__W003,3,validation,low_capacity_alpha_wgs_xt,reference,1,H2_CO_ratio,0.4170886921523589,9.515576749220316e-21,-0.4170886921523589,0.0468195149031939,1,0.0105179405901063,,,completed,poor,a2955d2a2f6e850b88d8b206f465d810e1ad86ab,5.578561952028207e-19,-5.483406184536004e-19,-5.483406184536004e-07
R52-C-75,R52-C-75__P3__huayi_sy3sy2_phase3_wgs1__plateau_2022-10-06D_008__W003,3,validation,low_capacity_alpha_wgs_xt,reference,1,dry_syngas_flow,133376.4278806256,133376.4278806256,0.0,0.0468195149031939,1,0.0105179405901063,,,completed,poor,a2955d2a2f6e850b88d8b206f465d810e1ad86ab,61461.43238065794,71914.99549996766,1.1700832980033098
R52-C-75,R52-C-75__P3__huayi_sy3sy2_phase3_wgs1__plateau_2022-10-06D_008__W004,3,validation,low_capacity_alpha_wgs_xt,reference,1,CO_dry_vol_pct,63.57969426533334,86.80335256329623,23.22365829796289,0.0446228264645401,1,0.010349537520265,,,completed,poor,a2955d2a2f6e850b88d8b206f465d810e1ad86ab,86.99656381941033,-0.19321125611409684,-0.0022209067534571785
R52-C-75,R52-C-75__P3__huayi_sy3sy2_phase3_wgs1__plateau_2022-10-06D_008__W004,3,validation,low_capacity_alpha_wgs_xt,reference,1,H2_dry_vol_pct,26.74104287066667,6.289561483279696e-22,-26.74104287066667,0.0446228264645401,1,0.010349537520265,,,completed,poor,a2955d2a2f6e850b88d8b206f465d810e1ad86ab,5.61755632140839e-16,-5.617550031846906e-16,-0.0005617550031846906
R52-C-75,R52-C-75__P3__huayi_sy3sy2_phase3_wgs1__plateau_2022-10-06D_008__W004,3,validation,low_capacity_alpha_wgs_xt,reference,1,CO2_dry_vol_pct,8.956267522666668,10.159199925666888,1.2029324030002204,0.0446228264645401,1,0.010349537520265,,,completed,poor,a2955d2a2f6e850b88d8b206f465d810e1ad86ab,10.000374193943157,0.1588257317237307,0.015881978878342907
R52-C-75,R52-C-75__P3__huayi_sy3sy2_phase3_wgs1__plateau_2022-10-06D_008__W004,3,validation,low_capacity_alpha_wgs_xt,reference,1,H2_CO_ratio,0.4205863022749198,7.24575871501438e-24,-0.4205863022749198,0.0446228264645401,1,0.010349537520265,,,completed,poor,a2955d2a2f6e850b88d8b206f465d810e1ad86ab,6.457216325313096e-18,-6.457209079554381e-18,-6.4572090795543816e-06
R52-C-75,R52-C-75__P3__huayi_sy3sy2_phase3_wgs1__plateau_2022-10-06D_008__W004,3,validation,low_capacity_alpha_wgs_xt,reference,1,dry_syngas_flow,135419.98943085957,135419.98943085957,0.0,0.0446228264645401,1,0.010349537520265,,,completed,poor,a2955d2a2f6e850b88d8b206f465d810e1ad86ab,61777.5837334147,73642.40569744486,1.192057073893174
R52-C-75,R52-C-75__P3__huayi_sy3sy2_phase3_wgs1__shift_evening_handover_2022-10-06__W001,3,validation,low_capacity_alpha_wgs_xt,reference,1,CO_dry_vol_pct,63.44894384799999,86.13725559465689,22.6883117466569,0.0449171129260257,1,0.012584938584151,,,completed,poor,a2955d2a2f6e850b88d8b206f465d810e1ad86ab,86.36609893387224,-0.22884333921534505,-0.0026496894272203158
R52-C-75,R52-C-75__P3__huayi_sy3sy2_phase3_wgs1__shift_evening_handover_2022-10-06__W001,3,validation,low_capacity_alpha_wgs_xt,reference,1,H2_dry_vol_pct,26.788322192000003,2.947741498174007e-20,-26.788322192000003,0.0449171129260257,1,0.012584938584151,,,completed,poor,a2955d2a2f6e850b88d8b206f465d810e1ad86ab,2.175937119251933e-14,-2.1759341715104347e-14,-0.02175934171510435
R52-C-75,R52-C-75__P3__huayi_sy3sy2_phase3_wgs1__shift_evening_handover_2022-10-06__W001,3,validation,low_capacity_alpha_wgs_xt,reference,1,CO2_dry_vol_pct,9.0302085228,10.462419452280695,1.4322109294806964,0.0449171129260257,1,0.012584938584151,,,completed,poor,a2955d2a2f6e850b88d8b206f465d810e1ad86ab,10.279717266983614,0.1827021852970816,0.01777307493503584
R52-C-75,R52-C-75__P3__huayi_sy3sy2_phase3_wgs1__shift_evening_handover_2022-10-06__W001,3,validation,low_capacity_alpha_wgs_xt,reference,1,H2_CO_ratio,0.4222046685309872,3.4221446664674746e-22,-0.4222046685309872,0.0449171129260257,1,0.012584938584151,,,completed,poor,a2955d2a2f6e850b88d8b206f465d810e1ad86ab,2.5194342990042636e-16,-2.519430876859597e-16,-0.0002519430876859597
R52-C-75,R52-C-75__P3__huayi_sy3sy2_phase3_wgs1__shift_evening_handover_2022-10-06__W001,3,validation,low_capacity_alpha_wgs_xt,reference,1,dry_syngas_flow,135140.453213659,135140.453213659,0.0,0.0449171129260257,1,0.012584938584151,,,completed,poor,a2955d2a2f6e850b88d8b206f465d810e1ad86ab,59211.05838549447,75929.39482816453,1.282351589357263
R52-C-75,R52-C-75__P3__huayi_sy3sy2_phase3_wgs1__plateau_2022-10-06N_009__W001,3,validation,low_capacity_alpha_wgs_xt,reference,1,CO_dry_vol_pct,63.505468836,85.61222182028808,22.10675298428809,0.0484648981628821,1,0.0145856794311993,,,completed,poor,a2955d2a2f6e850b88d8b206f465d810e1ad86ab,85.85324265031221,-0.24102083002412655,-0.002807358494376567
R52-C-75,R52-C-75__P3__huayi_sy3sy2_phase3_wgs1__plateau_2022-10-06N_009__W001,3,validation,low_capacity_alpha_wgs_xt,reference,1,H2_dry_vol_pct,26.893257156,2.233601890997287e-17,-26.893257156,0.0484648981628821,1,0.0145856794311993,,,completed,poor,a2955d2a2f6e850b88d8b206f465d810e1ad86ab,5.831750050983755e-15,-5.809414032073782e-15,-0.005809414032073782
R52-C-75,R52-C-75__P3__huayi_sy3sy2_phase3_wgs1__plateau_2022-10-06N_009__W001,3,validation,low_capacity_alpha_wgs_xt,reference,1,CO2_dry_vol_pct,8.874796975066667,10.68115443305444,1.806357457987774,0.0484648981628821,1,0.0145856794311993,,,completed,poor,a2955d2a2f6e850b88d8b206f465d810e1ad86ab,10.49318368637605,0.1879707466783902,0.01791360489785805
R52-C-75,R52-C-75__P3__huayi_sy3sy2_phase3_wgs1__plateau_2022-10-06N_009__W001,3,validation,low_capacity_alpha_wgs_xt,reference,1,H2_CO_ratio,0.423478054206208,2.608975498481895e-19,-0.423478054206208,0.0484648981628821,1,0.0145856794311993,,,completed,poor,a2955d2a2f6e850b88d8b206f465d810e1ad86ab,6.792696316360448e-17,-6.76660656137563e-17,-6.76660656137563e-05
R52-C-75,R52-C-75__P3__huayi_sy3sy2_phase3_wgs1__plateau_2022-10-06N_009__W001,3,validation,low_capacity_alpha_wgs_xt,reference,1,dry_syngas_flow,131907.59827649317,131907.59827649317,0.0,0.0484648981628821,1,0.0145856794311993,,,completed,poor,a2955d2a2f6e850b88d8b206f465d810e1ad86ab,55887.22768625599,76020.37059023717,1.3602458690025951
R52-C-75,R52-C-75__P3__huayi_sy3sy2_phase3_wgs1__plateau_2022-10-06N_009__W002,3,validation,low_capacity_alpha_wgs_xt,reference,1,CO_dry_vol_pct,63.26050072933334,85.63728184090303,22.37678111156969,0.0474550944399589,1,0.0144565754157271,,,completed,poor,a2955d2a2f6e850b88d8b206f465d810e1ad86ab,85.88349581552569,-0.2462139746226626,-0.002866836896713198
R52-C-75,R52-C-75__P3__huayi_sy3sy2_phase3_wgs1__plateau_2022-10-06N_009__W002,3,validation,low_capacity_alpha_wgs_xt,reference,1,H2_dry_vol_pct,26.963837829333336,8.485700579204484e-21,-26.963837829333336,0.0474550944399589,1,0.0144565754157271,,,completed,poor,a2955d2a2f6e850b88d8b206f465d810e1ad86ab,5.0306184887746e-16,-5.030533631768808e-16,-0.0005030533631768808
R52-C-75,R52-C-75__P3__huayi_sy3sy2_phase3_wgs1__plateau_2022-10-06N_009__W002,3,validation,low_capacity_alpha_wgs_xt,reference,1,CO2_dry_vol_pct,9.047495996,10.673300482985242,1.625804486985242,0.0474550944399589,1,0.0144565754157271,,,completed,poor,a2955d2a2f6e850b88d8b206f465d810e1ad86ab,10.4809645445371,0.19233593844814223,0.018350976919237056
R52-C-75,R52-C-75__P3__huayi_sy3sy2_phase3_wgs1__plateau_2022-10-06N_009__W002,3,validation,low_capacity_alpha_wgs_xt,reference,1,H2_CO_ratio,0.4262355706231905,9.908885939384696e-23,-0.4262355706231905,0.0474550944399589,1,0.0144565754157271,,,completed,poor,a2955d2a2f6e850b88d8b206f465d810e1ad86ab,5.857491525007513e-18,-5.857392436148119e-18,-5.857392436148119e-06
R52-C-75,R52-C-75__P3__huayi_sy3sy2_phase3_wgs1__plateau_2022-10-06N_009__W002,3,validation,low_capacity_alpha_wgs_xt,reference,1,dry_syngas_flow,132803.01852078288,132803.01852078288,0.0,0.0474550944399589,1,0.0144565754157271,,,completed,poor,a2955d2a2f6e850b88d8b206f465d810e1ad86ab,56091.47744930184,76711.54107148104,1.3676149133496547
R52-C-75,R52-C-75__P3__huayi_sy3sy2_phase3_wgs1__plateau_2022-10-06N_009__W003,3,validation,low_capacity_alpha_wgs_xt,reference,1,CO_dry_vol_pct,63.03257118666667,85.65363635250378,22.62106516583711,0.0482875098613661,1,0.0143918980325584,,,completed,poor,a2955d2a2f6e850b88d8b206f465d810e1ad86ab,85.89929887912314,-0.2456625266193555,-0.0028598897758764018
R52-C-75,R52-C-75__P3__huayi_sy3sy2_phase3_wgs1__plateau_2022-10-06N_009__W003,3,validation,low_capacity_alpha_wgs_xt,reference,1,H2_dry_vol_pct,26.890413262666662,3.158973005981832e-21,-26.890413262666662,0.0482875098613661,1,0.0143918980325584,,,completed,poor,a2955d2a2f6e850b88d8b206f465d810e1ad86ab,6.721978887221468e-18,-6.718819914215486e-18,-6.718819914215486e-06
R52-C-75,R52-C-75__P3__huayi_sy3sy2_phase3_wgs1__plateau_2022-10-06N_009__W003,3,validation,low_capacity_alpha_wgs_xt,reference,1,CO2_dry_vol_pct,9.361530194799998,10.666686233013618,1.3051560382136191,0.0482875098613661,1,0.0143918980325584,,,completed,poor,a2955d2a2f6e850b88d8b206f465d810e1ad86ab,10.474633488956703,0.1920527440569142,0.018335032367423013
R52-C-75,R52-C-75__P3__huayi_sy3sy2_phase3_wgs1__plateau_2022-10-06N_009__W003,3,validation,low_capacity_alpha_wgs_xt,reference,1,H2_CO_ratio,0.4266124085838284,3.688078102114914e-23,-0.4266124085838284,0.0482875098613661,1,0.0143918980325584,,,completed,poor,a2955d2a2f6e850b88d8b206f465d810e1ad86ab,7.82541764011437e-20,-7.821729562012255e-20,-7.821729562012255e-08
R52-C-75,R52-C-75__P3__huayi_sy3sy2_phase3_wgs1__plateau_2022-10-06N_009__W003,3,validation,low_capacity_alpha_wgs_xt,reference,1,dry_syngas_flow,132063.53439233353,132063.53439233353,0.0,0.0482875098613661,1,0.0143918980325584,,,completed,poor,a2955d2a2f6e850b88d8b206f465d810e1ad86ab,56404.708106973885,75658.82628535965,1.3413565786364772
R52-C-75,R52-C-75__P3__huayi_sy3sy2_phase3_wgs1__plateau_2022-10-06N_009__W004,3,validation,low_capacity_alpha_wgs_xt,reference,1,CO_dry_vol_pct,62.921082448,85.72028220034905,22.799199752349047,0.0480187879271105,1,0.0141290876557968,,,completed,poor,a2955d2a2f6e850b88d8b206f465d810e1ad86ab,85.96484883523674,-0.24456663488768982,-0.0028449609136920006
R52-C-75,R52-C-75__P3__huayi_sy3sy2_phase3_wgs1__plateau_2022-10-06N_009__W004,3,validation,low_capacity_alpha_wgs_xt,reference,1,H2_dry_vol_pct,26.83922825866667,1.3400692135620208e-19,-26.83922825866667,0.0480187879271105,1,0.0141290876557968,,,completed,poor,a2955d2a2f6e850b88d8b206f465d810e1ad86ab,2.1126949210917795e-15,-2.1125609141704232e-15,-0.0021125609141704233
R52-C-75,R52-C-75__P3__huayi_sy3sy2_phase3_wgs1__plateau_2022-10-06N_009__W004,3,validation,low_capacity_alpha_wgs_xt,reference,1,CO2_dry_vol_pct,9.543855275866663,10.639683127349734,1.0958278514830706,0.0480187879271105,1,0.0141290876557968,,,completed,poor,a2955d2a2f6e850b88d8b206f465d810e1ad86ab,10.447922271269512,0.1917608560802222,0.018353970397304804
R52-C-75,R52-C-75__P3__huayi_sy3sy2_phase3_wgs1__plateau_2022-10-06N_009__W004,3,validation,low_capacity_alpha_wgs_xt,reference,1,H2_CO_ratio,0.4265533244478994,1.5633047152480841e-21,-0.4265533244478994,0.0480187879271105,1,0.0141290876557968,,,completed,poor,a2955d2a2f6e850b88d8b206f465d810e1ad86ab,2.4576265179515934e-17,-2.4574701874800685e-17,-2.4574701874800686e-05
R52-C-75,R52-C-75__P3__huayi_sy3sy2_phase3_wgs1__plateau_2022-10-06N_009__W004,3,validation,low_capacity_alpha_wgs_xt,reference,1,dry_syngas_flow,132300.85343571915,132300.85343571915,0.0,0.0480187879271105,1,0.0141290876557968,,,completed,poor,a2955d2a2f6e850b88d8b206f465d810e1ad86ab,56695.27597407261,75605.57746164655,1.3335428069213708
R52-C-75,R52-C-75__P3__huayi_sy3sy2_phase3_wgs1__plateau_2022-10-06N_009__W005,3,validation,low_capacity_alpha_wgs_xt,reference,1,CO_dry_vol_pct,63.264685152,85.55181297356984,22.28712782156984,0.0490771078091826,1,0.0148244961431405,,,completed,poor,a2955d2a2f6e850b88d8b206f465d810e1ad86ab,85.7942216090941,-0.2424086355242565,-0.0028254657595560197
R52-C-75,R52-C-75__P3__huayi_sy3sy2_phase3_wgs1__plateau_2022-10-06N_009__W005,3,validation,low_capacity_alpha_wgs_xt,reference,1,H2_dry_vol_pct,26.94345734533333,1.490437671456054e-17,-26.94345734533333,0.0490771078091826,1,0.0148244961431405,,,completed,poor,a2955d2a2f6e850b88d8b206f465d810e1ad86ab,6.085505130594318e-16,-5.936461363448712e-16,-0.0005936461363448711
R52-C-75,R52-C-75__P3__huayi_sy3sy2_phase3_wgs1__plateau_2022-10-06N_009__W005,3,validation,low_capacity_alpha_wgs_xt,reference,1,CO2_dry_vol_pct,9.072720219466667,10.705538167602748,1.632817948136081,0.0490771078091826,1,0.0148244961431405,,,completed,poor,a2955d2a2f6e850b88d8b206f465d810e1ad86ab,10.51697090343326,0.18856726416948888,0.017929807536876535
R52-C-75,R52-C-75__P3__huayi_sy3sy2_phase3_wgs1__plateau_2022-10-06N_009__W005,3,validation,low_capacity_alpha_wgs_xt,reference,1,H2_CO_ratio,0.4258877098286567,1.7421462148517016e-19,-0.4258877098286567,0.0490771078091826,1,0.0148244961431405,,,completed,poor,a2955d2a2f6e850b88d8b206f465d810e1ad86ab,7.093141025653015e-18,-6.918926404167845e-18,-6.918926404167845e-06
R52-C-75,R52-C-75__P3__huayi_sy3sy2_phase3_wgs1__plateau_2022-10-06N_009__W005,3,validation,low_capacity_alpha_wgs_xt,reference,1,dry_syngas_flow,131373.77535044306,131373.77535044306,0.0,0.0490771078091826,1,0.0148244961431405,,,completed,poor,a2955d2a2f6e850b88d8b206f465d810e1ad86ab,55549.91302501024,75823.86232543283,1.3649681555989952
R52-C-75,R52-C-75__P3__huayi_sy3sy2_phase3_wgs1__plateau_2022-10-06N_009__W006,3,validation,low_capacity_alpha_wgs_xt,reference,1,CO_dry_vol_pct,63.13173942266665,85.51997659320311,22.388237170536463,0.0480980541213897,1,0.0149175641865125,,,completed,poor,a2955d2a2f6e850b88d8b206f465d810e1ad86ab,85.76952550493392,-0.2495489117308125,-0.0029095288829184105
R52-C-75,R52-C-75__P3__huayi_sy3sy2_phase3_wgs1__plateau_2022-10-06N_009__W006,3,validation,low_capacity_alpha_wgs_xt,reference,1,H2_dry_vol_pct,26.882579798666665,1.9140021315517185e-18,-26.882579798666665,0.0480980541213897,1,0.0149175641865125,,,completed,poor,a2955d2a2f6e850b88d8b206f465d810e1ad86ab,2.3419928090676876e-16,-2.3228527877521706e-16,-0.00023228527877521707
R52-C-75,R52-C-75__P3__huayi_sy3sy2_phase3_wgs1__plateau_2022-10-06N_009__W006,3,validation,low_capacity_alpha_wgs_xt,reference,1,CO2_dry_vol_pct,9.281603524,10.72084383726592,1.4392403132659195,0.0480980541213897,1,0.0149175641865125,,,completed,poor,a2955d2a2f6e850b88d8b206f465d810e1ad86ab,10.52688667671619,0.19395716054972922,0.018424930989209925
R52-C-75,R52-C-75__P3__huayi_sy3sy2_phase3_wgs1__plateau_2022-10-06N_009__W006,3,validation,low_capacity_alpha_wgs_xt,reference,1,H2_CO_ratio,0.4258200932730205,2.2380760704088383e-20,-0.4258200932730205,0.0480980541213897,1,0.0149175641865125,,,completed,poor,a2955d2a2f6e850b88d8b206f465d810e1ad86ab,2.7305651923339176e-18,-2.7081844316298292e-18,-2.7081844316298293e-06
R52-C-75,R52-C-75__P3__huayi_sy3sy2_phase3_wgs1__plateau_2022-10-06N_009__W006,3,validation,low_capacity_alpha_wgs_xt,reference,1,dry_syngas_flow,132230.71248544115,132230.71248544115,0.0,0.0480980541213897,1,0.0149175641865125,,,completed,poor,a2955d2a2f6e850b88d8b206f465d810e1ad86ab,55516.80843874544,76713.90404669571,1.3818140164043855
R52-C-75,R52-C-75__P3__huayi_sy3sy2_phase3_wgs1__plateau_2022-10-06N_009__W007,3,validation,low_capacity_alpha_wgs_xt,reference,1,CO_dry_vol_pct,63.10433602799999,85.4550869373667,22.35075090936671,0.0490473848928876,1,0.0151837139583233,,,completed,poor,a2955d2a2f6e850b88d8b206f465d810e1ad86ab,85.70484589821584,-0.2497589608491353,-0.0029141754848465884
R52-C-75,R52-C-75__P3__huayi_sy3sy2_phase3_wgs1__plateau_2022-10-06N_009__W007,3,validation,low_capacity_alpha_wgs_xt,reference,1,H2_dry_vol_pct,26.833734896,2.5557354412888097e-18,-26.833734896,0.0490473848928876,1,0.0151837139583233,,,completed,poor,a2955d2a2f6e850b88d8b206f465d810e1ad86ab,3.350350603415581e-15,-3.347794867974292e-15,-0.003347794867974292
R52-C-75,R52-C-75__P3__huayi_sy3sy2_phase3_wgs1__plateau_2022-10-06N_009__W007,3,validation,low_capacity_alpha_wgs_xt,reference,1,CO2_dry_vol_pct,9.351692752666668,10.746263847274848,1.3945710946081782,0.0490473848928876,1,0.0151837139583233,,,completed,poor,a2955d2a2f6e850b88d8b206f465d810e1ad86ab,10.552711339146017,0.19355250812883185,0.01834149555582321
R52-C-75,R52-C-75__P3__huayi_sy3sy2_phase3_wgs1__plateau_2022-10-06N_009__W007,3,validation,low_capacity_alpha_wgs_xt,reference,1,H2_CO_ratio,0.4252284009434102,2.9907352890086065e-20,-0.4252284009434102,0.0490473848928876,1,0.0151837139583233,,,completed,poor,a2955d2a2f6e850b88d8b206f465d810e1ad86ab,3.909172892504235e-17,-3.9061821572152267e-17,-3.906182157215227e-05
R52-C-75,R52-C-75__P3__huayi_sy3sy2_phase3_wgs1__plateau_2022-10-06N_009__W007,3,validation,low_capacity_alpha_wgs_xt,reference,1,dry_syngas_flow,131399.53838643982,131399.53838643982,0.0,0.0490473848928876,1,0.0151837139583233,,,completed,poor,a2955d2a2f6e850b88d8b206f465d810e1ad86ab,55312.37198005925,76087.16640638057,1.375590373050913
R52-C-75,R52-C-75__P3__huayi_sy3sy2_phase3_wgs1__shift_morning_handover_2022-10-07__W001,3,validation,low_capacity_alpha_wgs_xt,reference,1,CO_dry_vol_pct,63.39040095733332,85.65130102637053,22.260900069037213,0.0472234780162569,1,0.0143915461978221,,,completed,poor,a2955d2a2f6e850b88d8b206f465d810e1ad86ab,85.89904534398426,-0.24774431761372284,-0.002884133538639764
R52-C-75,R52-C-75__P3__huayi_sy3sy2_phase3_wgs1__shift_morning_handover_2022-10-07__W001,3,validation,low_capacity_alpha_wgs_xt,reference,1,H2_dry_vol_pct,26.93548702,4.5041490291343946e-21,-26.93548702,0.0472234780162569,1,0.0143915461978221,,,completed,poor,a2955d2a2f6e850b88d8b206f465d810e1ad86ab,1.4850521105496447e-14,-1.4850516601347418e-14,-0.01485051660134742
R52-C-75,R52-C-75__P3__huayi_sy3sy2_phase3_wgs1__shift_morning_handover_2022-10-07__W001,3,validation,low_capacity_alpha_wgs_xt,reference,1,CO2_dry_vol_pct,8.94907646,10.668369283499244,1.7192928234992433,0.0472234780162569,1,0.0143915461978221,,,completed,poor,a2955d2a2f6e850b88d8b206f465d810e1ad86ab,10.474669474284317,0.1936998092149267,0.0184922120636328
R52-C-75,R52-C-75__P3__huayi_sy3sy2_phase3_wgs1__shift_morning_handover_2022-10-07__W001,3,validation,low_capacity_alpha_wgs_xt,reference,1,H2_CO_ratio,0.4249137759666535,5.258704742555687e-23,-0.4249137759666535,0.0472234780162569,1,0.0143915461978221,,,completed,poor,a2955d2a2f6e850b88d8b206f465d810e1ad86ab,1.728834243270955e-16,-1.7288337174004808e-16,-0.0001728833717400481
R52-C-75,R52-C-75__P3__huayi_sy3sy2_phase3_wgs1__shift_morning_handover_2022-10-07__W001,3,validation,low_capacity_alpha_wgs_xt,reference,1,dry_syngas_flow,133011.0847276633,133011.0847276633,0.0,0.0472234780162569,1,0.0143915461978221,,,completed,poor,a2955d2a2f6e850b88d8b206f465d810e1ad86ab,56393.63204623975,76617.45268142357,1.3586188706306659
R52-C-75,R52-C-75__P3__huayi_sy3sy2_phase3_wgs1__plateau_2022-10-07D_010__W001,3,validation,low_capacity_alpha_wgs_xt,reference,1,CO_dry_vol_pct,62.96597089333335,85.50695578805421,22.540984894720864,0.0478289999282032,1,0.0149083275025109,,,completed,poor,a2955d2a2f6e850b88d8b206f465d810e1ad86ab,85.76794807292507,-0.26099228487085213,-0.0030430048839333408
R52-C-75,R52-C-75__P3__huayi_sy3sy2_phase3_wgs1__plateau_2022-10-07D_010__W001,3,validation,low_capacity_alpha_wgs_xt,reference,1,H2_dry_vol_pct,26.73813447333333,3.7519143985483173e-19,-26.73813447333333,0.0478289999282032,1,0.0149083275025109,,,completed,poor,a2955d2a2f6e850b88d8b206f465d810e1ad86ab,1.352554901440009e-13,-1.3525511495256106e-13,-0.13525511495256107
R52-C-75,R52-C-75__P3__huayi_sy3sy2_phase3_wgs1__plateau_2022-10-07D_010__W001,3,validation,low_capacity_alpha_wgs_xt,reference,1,CO2_dry_vol_pct,9.588346974666669,10.73062686378891,1.142279889122241,0.0478289999282032,1,0.0149083275025109,,,completed,poor,a2955d2a2f6e850b88d8b206f465d810e1ad86ab,10.527708450535975,0.20291841325293447,0.019274699162342753
R52-C-75,R52-C-75__P3__huayi_sy3sy2_phase3_wgs1__plateau_2022-10-07D_010__W001,3,validation,low_capacity_alpha_wgs_xt,reference,1,H2_CO_ratio,0.4246412335294508,4.387847004924575e-21,-0.4246412335294508,0.0478289999282032,1,0.0149083275025109,,,completed,poor,a2955d2a2f6e850b88d8b206f465d810e1ad86ab,1.5769934245016397e-15,-1.5769890366546348e-15,-0.0015769890366546348
R52-C-75,R52-C-75__P3__huayi_sy3sy2_phase3_wgs1__plateau_2022-10-07D_010__W001,3,validation,low_capacity_alpha_wgs_xt,reference,1,dry_syngas_flow,132469.2643577051,132469.2643577051,0.0,0.0478289999282032,1,0.0149083275025109,,,completed,poor,a2955d2a2f6e850b88d8b206f465d810e1ad86ab,56084.629833077066,76384.63452462804,1.3619530832595177
R52-C-75,R52-C-75__P3__huayi_sy3sy2_phase3_wgs1__plateau_2022-10-07D_010__W002,3,validation,low_capacity_alpha_wgs_xt,reference,1,CO_dry_vol_pct,62.85531542933333,85.51485160025415,22.659536170920816,0.0481900457841777,1,0.0148874224323439,,,completed,poor,a2955d2a2f6e850b88d8b206f465d810e1ad86ab,85.77363926283358,-0.25878766257943653,-0.0030171001814023684
R52-C-75,R52-C-75__P3__huayi_sy3sy2_phase3_wgs1__plateau_2022-10-07D_010__W002,3,validation,low_capacity_alpha_wgs_xt,reference,1,H2_dry_vol_pct,26.657991148,3.625314970641647e-19,-26.657991148,0.0481900457841777,1,0.0148874224323439,,,completed,poor,a2955d2a2f6e850b88d8b206f465d810e1ad86ab,5.5390918509805117e-17,-5.5028387012740955e-17,-5.5028387012740955e-05
R52-C-75,R52-C-75__P3__huayi_sy3sy2_phase3_wgs1__plateau_2022-10-07D_010__W002,3,validation,low_capacity_alpha_wgs_xt,reference,1,CO2_dry_vol_pct,9.753374748133334,10.726686037257664,0.9733112891243288,0.0481900457841777,1,0.0148874224323439,,,completed,poor,a2955d2a2f6e850b88d8b206f465d810e1ad86ab,10.525434678540007,0.20125135871765742,0.019120479568219904
R52-C-75,R52-C-75__P3__huayi_sy3sy2_phase3_wgs1__plateau_2022-10-07D_010__W002,3,validation,low_capacity_alpha_wgs_xt,reference,1,H2_CO_ratio,0.4241169975533638,4.239398072732986e-21,-0.4241169975533638,0.0481900457841777,1,0.0148874224323439,,,completed,poor,a2955d2a2f6e850b88d8b206f465d810e1ad86ab,6.457802069010082e-19,-6.4154080882827525e-19,-6.415408088282752e-07
R52-C-75,R52-C-75__P3__huayi_sy3sy2_phase3_wgs1__plateau_2022-10-07D_010__W002,3,validation,low_capacity_alpha_wgs_xt,reference,1,dry_syngas_flow,132149.45581598178,132149.45581598178,0.0,0.0481900457841777,1,0.0148874224323439,,,completed,poor,a2955d2a2f6e850b88d8b206f465d810e1ad86ab,56120.22368822856,76029.23212775323,1.3547563985155795
R52-C-75,R52-C-75__P3__huayi_sy3sy2_phase3_wgs1__plateau_2022-10-07D_010__W003,3,validation,low_capacity_alpha_wgs_xt,reference,1,CO_dry_vol_pct,63.403415990666666,85.46979493160963,22.06637894094296,0.0478208190766022,1,0.0150516056422642,,,completed,poor,a2955d2a2f6e850b88d8b206f465d810e1ad86ab,85.73262498420549,-0.26283005259585934,-0.0030656946832583335
R52-C-75,R52-C-75__P3__huayi_sy3sy2_phase3_wgs1__plateau_2022-10-07D_010__W003,3,validation,low_capacity_alpha_wgs_xt,reference,1,H2_dry_vol_pct,26.58286163333333,3.0536396892561387e-21,-26.58286163333333,0.0478208190766022,1,0.0150516056422642,,,completed,poor,a2955d2a2f6e850b88d8b206f465d810e1ad86ab,1.905924351760892e-15,-1.905921298121203e-15,-0.001905921298121203
R52-C-75,R52-C-75__P3__huayi_sy3sy2_phase3_wgs1__plateau_2022-10-07D_010__W003,3,validation,low_capacity_alpha_wgs_xt,reference,1,CO2_dry_vol_pct,9.301813964,10.745873384051068,1.444059420051067,0.0478208190766022,1,0.0150516056422642,,,completed,poor,a2955d2a2f6e850b88d8b206f465d810e1ad86ab,10.541801956697615,0.20407142735345296,0.01935830593210855
R52-C-75,R52-C-75__P3__huayi_sy3sy2_phase3_wgs1__plateau_2022-10-07D_010__W003,3,validation,low_capacity_alpha_wgs_xt,reference,1,H2_CO_ratio,0.4192642164532229,3.572770581349317e-23,-0.4192642164532229,0.0478208190766022,1,0.0150516056422642,,,completed,poor,a2955d2a2f6e850b88d8b206f465d810e1ad86ab,2.2231027594361196e-17,-2.2230991866655383e-17,-2.2230991866655383e-05
R52-C-75,R52-C-75__P3__huayi_sy3sy2_phase3_wgs1__plateau_2022-10-07D_010__W003,3,validation,low_capacity_alpha_wgs_xt,reference,1,dry_syngas_flow,132476.53876136034,132476.53876136034,0.0,0.0478208190766022,1,0.0150516056422642,,,completed,poor,a2955d2a2f6e850b88d8b206f465d810e1ad86ab,55930.64335599607,76545.89540536427,1.3685859988799525
R52-C-75,R52-C-75__P3__huayi_sy3sy2_phase3_wgs1__plateau_2022-10-07D_011__W001,3,validation,low_capacity_alpha_wgs_xt,reference,1,CO_dry_vol_pct,63.43001651333332,85.39301150795595,21.962994994622623,0.047409943334145,1,0.015333278103097,,,completed,poor,a2955d2a2f6e850b88d8b206f465d810e1ad86ab,85.66274751589954,-0.2697360079435924,-0.003148813407993104
R52-C-75,R52-C-75__P3__huayi_sy3sy2_phase3_wgs1__plateau_2022-10-07D_011__W001,3,validation,low_capacity_alpha_wgs_xt,reference,1,H2_dry_vol_pct,26.56116091066667,5.110710687629927e-19,-26.56116091066667,0.047409943334145,1,0.015333278103097,,,completed,poor,a2955d2a2f6e850b88d8b206f465d810e1ad86ab,4.432011703752689e-15,-4.431500632683926e-15,-0.004431500632683926
R52-C-75,R52-C-75__P3__huayi_sy3sy2_phase3_wgs1__plateau_2022-10-07D_011__W001,3,validation,low_capacity_alpha_wgs_xt,reference,1,CO2_dry_vol_pct,9.272795867733333,10.778350570871789,1.5055547031384542,0.047409943334145,1,0.015333278103097,,,completed,poor,a2955d2a2f6e850b88d8b206f465d810e1ad86ab,10.569549041501206,0.20880152937058227,0.019755008331076906
R52-C-75,R52-C-75__P3__huayi_sy3sy2_phase3_wgs1__plateau_2022-10-07D_011__W001,3,validation,low_capacity_alpha_wgs_xt,reference,1,H2_CO_ratio,0.4187424080626601,5.9849285057170855e-21,-0.4187424080626601,0.047409943334145,1,0.015333278103097,,,completed,poor,a2955d2a2f6e850b88d8b206f465d810e1ad86ab,5.173791212954126e-17,-5.173192720103554e-17,-5.1731927201035544e-05
R52-C-75,R52-C-75__P3__huayi_sy3sy2_phase3_wgs1__plateau_2022-10-07D_011__W001,3,validation,low_capacity_alpha_wgs_xt,reference,1,dry_syngas_flow,132843.49896532786,132843.49896532786,0.0,0.047409943334145,1,0.015333278103097,,,completed,poor,a2955d2a2f6e850b88d8b206f465d810e1ad86ab,55575.92705983591,77267.57190549196,1.3903064868769839
R52-C-75,R52-C-75__P3__huayi_sy3sy2_phase3_wgs1__plateau_2022-10-07D_011__W002,3,validation,low_capacity_alpha_wgs_xt,reference,1,CO_dry_vol_pct,63.567002978666665,85.42469808776202,21.85769510909536,0.0468148982347975,1,0.0151846441771688,,,completed,poor,a2955d2a2f6e850b88d8b206f465d810e1ad86ab,85.69757363427046,-0.2728755465084305,-0.0031841688735899936
R52-C-75,R52-C-75__P3__huayi_sy3sy2_phase3_wgs1__plateau_2022-10-07D_011__W002,3,validation,low_capacity_alpha_wgs_xt,reference,1,H2_dry_vol_pct,26.732952606666665,1.7715127066174713e-15,-26.732952606666665,0.0468148982347975,1,0.0151846441771688,,,completed,poor,a2955d2a2f6e850b88d8b206f465d810e1ad86ab,1.8933651931334516e-17,1.7525790546861368e-15,0.001752579054686137
R52-C-75,R52-C-75__P3__huayi_sy3sy2_phase3_wgs1__plateau_2022-10-07D_011__W002,3,validation,low_capacity_alpha_wgs_xt,reference,1,CO2_dry_vol_pct,8.969777699733333,10.767370538893887,1.7975928391605542,0.0468148982347975,1,0.0151846441771688,,,completed,poor,a2955d2a2f6e850b88d8b206f465d810e1ad86ab,10.555788325848022,0.21158221304586533,0.020044188696713698
R52-C-75,R52-C-75__P3__huayi_sy3sy2_phase3_wgs1__plateau_2022-10-07D_011__W002,3,validation,low_capacity_alpha_wgs_xt,reference,1,H2_CO_ratio,0.4205463424006211,2.0737711063344797e-17,-0.4205463424006211,0.0468148982347975,1,0.0151846441771688,,,completed,poor,a2955d2a2f6e850b88d8b206f465d810e1ad86ab,2.209356826383116e-19,2.0516775380706485e-17,2.0516775380706485e-05
R52-C-75,R52-C-75__P3__huayi_sy3sy2_phase3_wgs1__plateau_2022-10-07D_011__W002,3,validation,low_capacity_alpha_wgs_xt,reference,1,dry_syngas_flow,133380.6213765183,133380.6213765183,0.0,0.0468148982347975,1,0.0151846441771688,,,completed,poor,a2955d2a2f6e850b88d8b206f465d810e1ad86ab,55754.18468286325,77626.43669365507,1.3922979438261704
R52-C-75,R52-C-75__P3__huayi_sy3sy2_phase3_wgs1__plateau_2022-10-07D_011__W003,3,validation,low_capacity_alpha_wgs_xt,reference,1,CO_dry_vol_pct,63.59141076774194,85.50299410543155,21.911583337689613,0.0467209146659669,1,0.0149200462110538,,,completed,poor,a2955d2a2f6e850b88d8b206f465d810e1ad86ab,85.76512612587115,-0.26213202043959427,-0.0030563940412666386
R52-C-75,R52-C-75__P3__huayi_sy3sy2_phase3_wgs1__plateau_2022-10-07D_011__W003,3,validation,low_capacity_alpha_wgs_xt,reference,1,H2_dry_vol_pct,26.787900341935487,2.8307581263013617e-19,-26.787900341935487,0.0467209146659669,1,0.0149200462110538,,,completed,poor,a2955d2a2f6e850b88d8b206f465d810e1ad86ab,3.075979383958402e-16,-3.0731486258321005e-16,-0.00030731486258321004
R52-C-75,R52-C-75__P3__huayi_sy3sy2_phase3_wgs1__plateau_2022-10-07D_011__W003,3,validation,low_capacity_alpha_wgs_xt,reference,1,CO2_dry_vol_pct,8.89509560532258,10.732525421410111,1.8374298160875335,0.0467209146659669,1,0.0149200462110538,,,completed,poor,a2955d2a2f6e850b88d8b206f465d810e1ad86ab,10.528732951530191,0.20379246987991984,0.019355839949412118
R52-C-75,R52-C-75__P3__huayi_sy3sy2_phase3_wgs1__plateau_2022-10-07D_011__W003,3,validation,low_capacity_alpha_wgs_xt,reference,1,H2_CO_ratio,0.4212517706223059,3.3107122808013326e-21,-0.4212517706223059,0.0467209146659669,1,0.0149200462110538,,,completed,poor,a2955d2a2f6e850b88d8b206f465d810e1ad86ab,3.586515315612098e-18,-3.583204603331297e-18,-3.583204603331297e-06
R52-C-75,R52-C-75__P3__huayi_sy3sy2_phase3_wgs1__plateau_2022-10-07D_011__W003,3,validation,low_capacity_alpha_wgs_xt,reference,1,dry_syngas_flow,133466.0802545373,133466.0802545373,0.0,0.0467209146659669,1,0.0149200462110538,,,completed,poor,a2955d2a2f6e850b88d8b206f465d810e1ad86ab,56077.79062750961,77388.28962702767,1.3800167367696534
R52-C-75,R52-C-75__P3__huayi_sy3sy2_phase3_wgs1__shift_evening_handover_2022-10-07__W001,3,validation,low_capacity_alpha_wgs_xt,reference,1,CO_dry_vol_pct,63.156291712,85.58615466244127,22.42986295044128,0.0483302124235075,1,0.0146267359634621,,,completed,poor,a2955d2a2f6e850b88d8b206f465d810e1ad86ab,85.8390995924022,-0.25294492996093254,-0.0029467332621382855
R52-C-75,R52-C-75__P3__huayi_sy3sy2_phase3_wgs1__shift_evening_handover_2022-10-07__W001,3,validation,low_capacity_alpha_wgs_xt,reference,1,H2_dry_vol_pct,26.671319209333333,1.282756114574273e-19,-26.671319209333333,0.0483302124235075,1,0.0146267359634621,,,completed,poor,a2955d2a2f6e850b88d8b206f465d810e1ad86ab,1.0756451024607999e-15,-1.0755168268493423e-15,-0.0010755168268493424
R52-C-75,R52-C-75__P3__huayi_sy3sy2_phase3_wgs1__shift_evening_handover_2022-10-07__W001,3,validation,low_capacity_alpha_wgs_xt,reference,1,CO2_dry_vol_pct,9.451090693333336,10.69632028035546,1.2452295870221235,0.0483302124235075,1,0.0146267359634621,,,completed,poor,a2955d2a2f6e850b88d8b206f465d810e1ad86ab,10.499086569789169,0.1972337105662909,0.01878579715056598
R52-C-75,R52-C-75__P3__huayi_sy3sy2_phase3_wgs1__shift_evening_handover_2022-10-07__W001,3,validation,low_capacity_alpha_wgs_xt,reference,1,H2_CO_ratio,0.4223112501763516,1.498789283890095e-21,-0.4223112501763516,0.0483302124235075,1,0.0146267359634621,,,completed,poor,a2955d2a2f6e850b88d8b206f465d810e1ad86ab,1.2530945776090216e-17,-1.2529446986806325e-17,-1.2529446986806326e-05
R52-C-75,R52-C-75__P3__huayi_sy3sy2_phase3_wgs1__shift_evening_handover_2022-10-07__W001,3,validation,low_capacity_alpha_wgs_xt,reference,1,dry_syngas_flow,132025.943710799,132025.943710799,0.0,0.0483302124235075,1,0.0146267359634621,,,completed,poor,a2955d2a2f6e850b88d8b206f465d810e1ad86ab,56358.280542472,75667.66316832701,1.3426183772818143
R52-C-75,R52-C-75__P3__huayi_sy3sy2_phase3_wgs1__plateau_2022-10-07N_012__W001,3,validation,low_capacity_alpha_wgs_xt,reference,1,CO_dry_vol_pct,63.14900446533335,85.50427909163896,22.35527462630561,0.0494582710490787,1,0.0149612472774795,,,completed,poor,a2955d2a2f6e850b88d8b206f465d810e1ad86ab,85.75726726293519,-0.25298817129622364,-0.002950049358738914
R52-C-75,R52-C-75__P3__huayi_sy3sy2_phase3_wgs1__plateau_2022-10-07N_012__W001,3,validation,low_capacity_alpha_wgs_xt,reference,1,H2_dry_vol_pct,26.600556624,2.2074703168958418e-17,-26.600556624,0.0494582710490787,1,0.0149612472774795,,,completed,poor,a2955d2a2f6e850b88d8b206f465d810e1ad86ab,2.411339026193413e-17,-2.03868709297571e-18,-2.03868709297571e-06
R52-C-75,R52-C-75__P3__huayi_sy3sy2_phase3_wgs1__plateau_2022-10-07N_012__W001,3,validation,low_capacity_alpha_wgs_xt,reference,1,CO2_dry_vol_pct,9.532184241333336,10.728547718690816,1.1963634773574796,0.0494582710490787,1,0.0149612472774795,,,completed,poor,a2955d2a2f6e850b88d8b206f465d810e1ad86ab,10.531987928195573,0.1965597904952432,0.018663123413674425
R52-C-75,R52-C-75__P3__huayi_sy3sy2_phase3_wgs1__plateau_2022-10-07N_012__W001,3,validation,low_capacity_alpha_wgs_xt,reference,1,H2_CO_ratio,0.4212370127965834,2.581707419028692e-19,-0.4212370127965834,0.0494582710490787,1,0.0149612472774795,,,completed,poor,a2955d2a2f6e850b88d8b206f465d810e1ad86ab,2.811818873379152e-19,-2.3011145435046022e-20,-2.301114543504602e-08
R52-C-75,R52-C-75__P3__huayi_sy3sy2_phase3_wgs1__plateau_2022-10-07N_012__W001,3,validation,low_capacity_alpha_wgs_xt,reference,1,dry_syngas_flow,131044.76919875536,131044.76919875536,0.0,0.0494582710490787,1,0.0149612472774795,,,completed,poor,a2955d2a2f6e850b88d8b206f465d810e1ad86ab,56032.09086865321,75012.67833010215,1.33874494360637
R52-C-75,R52-C-75__P3__huayi_sy3sy2_phase3_wgs1__plateau_2022-10-07N_012__W002,3,validation,low_capacity_alpha_wgs_xt,reference,1,CO_dry_vol_pct,63.06900157866667,85.507431262075,22.43842968340833,0.0487383384294379,1,0.0149272685779486,,,completed,poor,a2955d2a2f6e850b88d8b206f465d810e1ad86ab,85.76437273895874,-0.25694147688373903,-0.002995899913659866
R52-C-75,R52-C-75__P3__huayi_sy3sy2_phase3_wgs1__plateau_2022-10-07N_012__W002,3,validation,low_capacity_alpha_wgs_xt,reference,1,H2_dry_vol_pct,26.703218158666665,4.1446206509215887e-19,-26.703218158666665,0.0487383384294379,1,0.0149272685779486,,,completed,poor,a2955d2a2f6e850b88d8b206f465d810e1ad86ab,2.233499281137931e-15,-2.2330848190728387e-15,-0.002233084819072839
R52-C-75,R52-C-75__P3__huayi_sy3sy2_phase3_wgs1__plateau_2022-10-07N_012__W002,3,validation,low_capacity_alpha_wgs_xt,reference,1,CO2_dry_vol_pct,9.516697389466666,10.728888221589164,1.2121908321224968,0.0487383384294379,1,0.0149272685779486,,,completed,poor,a2955d2a2f6e850b88d8b206f465d810e1ad86ab,10.529145713372817,0.19974250821634776,0.018970438215387176
R52-C-75,R52-C-75__P3__huayi_sy3sy2_phase3_wgs1__plateau_2022-10-07N_012__W002,3,validation,low_capacity_alpha_wgs_xt,reference,1,H2_CO_ratio,0.4233992677063366,4.847088246890007e-21,-0.4233992677063366,0.0487383384294379,1,0.0149272685779486,,,completed,poor,a2955d2a2f6e850b88d8b206f465d810e1ad86ab,2.604227384646115e-17,-2.603742675821426e-17,-2.603742675821426e-05
R52-C-75,R52-C-75__P3__huayi_sy3sy2_phase3_wgs1__plateau_2022-10-07N_012__W002,3,validation,low_capacity_alpha_wgs_xt,reference,1,dry_syngas_flow,131668.34057762215,131668.34057762215,0.0,0.0487383384294379,1,0.0149272685779486,,,completed,poor,a2955d2a2f6e850b88d8b206f465d810e1ad86ab,56089.42033539451,75578.92024222764,1.347471943733648
R52-C-75,R52-C-75__P3__huayi_sy3sy2_phase3_wgs1__plateau_2022-10-07N_013__W001,3,validation,low_capacity_alpha_wgs_xt,reference,1,CO_dry_vol_pct,62.88505483333334,85.59344024696118,22.70838541362784,0.0488253812866914,1,0.0146221330400396,,,completed,poor,a2955d2a2f6e850b88d8b206f465d810e1ad86ab,85.84169116049189,-0.24825091353071116,-0.002891962054505365
R52-C-75,R52-C-75__P3__huayi_sy3sy2_phase3_wgs1__plateau_2022-10-07N_013__W001,3,validation,low_capacity_alpha_wgs_xt,reference,1,H2_dry_vol_pct,26.601400842666667,8.010303007783054e-19,-26.601400842666667,0.0488253812866914,1,0.0146221330400396,,,completed,poor,a2955d2a2f6e850b88d8b206f465d810e1ad86ab,9.684618181244793e-18,-8.883587880466488e-18,-8.883587880466488e-06
R52-C-75,R52-C-75__P3__huayi_sy3sy2_phase3_wgs1__plateau_2022-10-07N_013__W001,3,validation,low_capacity_alpha_wgs_xt,reference,1,CO2_dry_vol_pct,9.792279007733336,10.691580056276443,0.8993010485431068,0.0488253812866914,1,0.0146221330400396,,,completed,poor,a2955d2a2f6e850b88d8b206f465d810e1ad86ab,10.498014777791091,0.19356527848535166,0.018438274529280107
R52-C-75,R52-C-75__P3__huayi_sy3sy2_phase3_wgs1__plateau_2022-10-07N_013__W001,3,validation,low_capacity_alpha_wgs_xt,reference,1,H2_CO_ratio,0.423014118770965,9.358547786689111e-21,-0.423014118770965,0.0488253812866914,1,0.0146221330400396,,,completed,poor,a2955d2a2f6e850b88d8b206f465d810e1ad86ab,1.1281951753651004e-19,-1.0346096974982093e-19,-1.0346096974982093e-07
R52-C-75,R52-C-75__P3__huayi_sy3sy2_phase3_wgs1__plateau_2022-10-07N_013__W001,3,validation,low_capacity_alpha_wgs_xt,reference,1,dry_syngas_flow,131592.4604701897,131592.4604701897,0.0,0.0488253812866914,1,0.0146221330400396,,,completed,poor,a2955d2a2f6e850b88d8b206f465d810e1ad86ab,56296.49237098302,75295.96809920667,1.3374895118335397
R52-C-75,R52-C-75__P3__huayi_sy3sy2_phase3_wgs1__plateau_2022-10-07N_013__W002,3,validation,low_capacity_alpha_wgs_xt,reference,1,CO_dry_vol_pct,63.35694926133333,85.54683757887405,22.18988831754072,0.0478235342981037,1,0.0147906364691748,,,completed,poor,a2955d2a2f6e850b88d8b206f465d810e1ad86ab,85.79941516652835,-0.25257758765430083,-0.002943814793656486
R52-C-75,R52-C-75__P3__huayi_sy3sy2_phase3_wgs1__plateau_2022-10-07N_013__W002,3,validation,low_capacity_alpha_wgs_xt,reference,1,H2_dry_vol_pct,26.6731104,3.543435052083886e-19,-26.6731104,0.0478235342981037,1,0.0147906364691748,,,completed,poor,a2955d2a2f6e850b88d8b206f465d810e1ad86ab,1.2535526960240693e-14,-1.2535172616735485e-14,-0.012535172616735485
R52-C-75,R52-C-75__P3__huayi_sy3sy2_phase3_wgs1__plateau_2022-10-07N_013__W002,3,validation,low_capacity_alpha_wgs_xt,reference,1,CO2_dry_vol_pct,9.245454039466669,10.711562934390136,1.466108894923467,0.0478235342981037,1,0.0147906364691748,,,completed,poor,a2955d2a2f6e850b88d8b206f465d810e1ad86ab,10.51496168076661,0.1966012536235251,0.018697286741723204
R52-C-75,R52-C-75__P3__huayi_sy3sy2_phase3_wgs1__plateau_2022-10-07N_013__W002,3,validation,low_capacity_alpha_wgs_xt,reference,1,H2_CO_ratio,0.4209977463394885,4.142099407025824e-21,-0.4209977463394885,0.0478235342981037,1,0.0147906364691748,,,completed,poor,a2955d2a2f6e850b88d8b206f465d810e1ad86ab,1.4610270869458085e-16,-1.4609856659517381e-16,-0.00014609856659517382
R52-C-75,R52-C-75__P3__huayi_sy3sy2_phase3_wgs1__plateau_2022-10-07N_013__W002,3,validation,low_capacity_alpha_wgs_xt,reference,1,dry_syngas_flow,132474.12425161866,132474.12425161866,0.0,0.0478235342981037,1,0.0147906364691748,,,completed,poor,a2955d2a2f6e850b88d8b206f465d810e1ad86ab,56007.42884768528,76466.69540393338,1.3652955862674574
R52-C-75,R52-C-75__P3__huayi_sy3sy2_phase3_wgs1__plateau_2022-10-07N_013__W003,3,validation,low_capacity_alpha_wgs_xt,reference,1,CO_dry_vol_pct,63.73691160266669,85.79619267556433,22.05928107289764,0.0477763218530154,1,0.0138835072763119,,,completed,poor,a2955d2a2f6e850b88d8b206f465d810e1ad86ab,86.03003201272531,-0.23383933716098682,-0.0027181128693105445
R52-C-75,R52-C-75__P3__huayi_sy3sy2_phase3_wgs1__plateau_2022-10-07N_013__W003,3,validation,low_capacity_alpha_wgs_xt,reference,1,H2_dry_vol_pct,26.88808170133333,4.160392975281503e-20,-26.88808170133333,0.0477763218530154,1,0.0138835072763119,,,completed,poor,a2955d2a2f6e850b88d8b206f465d810e1ad86ab,3.995140918721883e-15,-3.99509931479213e-15,-0.00399509931479213
R52-C-75,R52-C-75__P3__huayi_sy3sy2_phase3_wgs1__plateau_2022-10-07N_013__W003,3,validation,low_capacity_alpha_wgs_xt,reference,1,CO2_dry_vol_pct,8.629130959866668,10.60479194413943,1.9756609842727624,0.0477763218530154,1,0.0138835072763119,,,completed,poor,a2955d2a2f6e850b88d8b206f465d810e1ad86ab,10.42098690053097,0.1838050436084604,0.017637968971930592
R52-C-75,R52-C-75__P3__huayi_sy3sy2_phase3_wgs1__plateau_2022-10-07N_013__W003,3,validation,low_capacity_alpha_wgs_xt,reference,1,H2_CO_ratio,0.4218614310006409,4.849158040163742e-22,-0.4218614310006409,0.0477763218530154,1,0.0138835072763119,,,completed,poor,a2955d2a2f6e850b88d8b206f465d810e1ad86ab,4.6438910055629567e-17,-4.643842513982555e-17,-4.643842513982555e-05
R52-C-75,R52-C-75__P3__huayi_sy3sy2_phase3_wgs1__plateau_2022-10-07N_013__W003,3,validation,low_capacity_alpha_wgs_xt,reference,1,dry_syngas_flow,132516.12744620998,132516.12744620998,0.0,0.0477763218530154,1,0.0138835072763119,,,completed,poor,a2955d2a2f6e850b88d8b206f465d810e1ad86ab,56822.38056079583,75693.74688541415,1.3321115049804597
R52-C-75,R52-C-75__P3__huayi_sy3sy2_phase3_wgs1__plateau_2022-10-07N_013__W004,3,validation,low_capacity_alpha_wgs_xt,reference,1,CO_dry_vol_pct,63.410470132,85.6551615914974,22.244691459497403,0.0488233341461057,1,0.0144069886708032,,,completed,poor,a2955d2a2f6e850b88d8b206f465d810e1ad86ab,85.89682237879302,-0.2416607872956149,-0.0028133844838860804
R52-C-75,R52-C-75__P3__huayi_sy3sy2_phase3_wgs1__plateau_2022-10-07N_013__W004,3,validation,low_capacity_alpha_wgs_xt,reference,1,H2_dry_vol_pct,26.901885147999995,6.178595086075223e-19,-26.901885147999995,0.0488233341461057,1,0.0144069886708032,,,completed,poor,a2955d2a2f6e850b88d8b206f465d810e1ad86ab,1.7921081859327206e-16,-1.7859295908466454e-16,-0.00017859295908466454
R52-C-75,R52-C-75__P3__huayi_sy3sy2_phase3_wgs1__plateau_2022-10-07N_013__W004,3,validation,low_capacity_alpha_wgs_xt,reference,1,CO2_dry_vol_pct,8.933076006533334,10.664474742180431,1.7313987356470977,0.0488233341461057,1,0.0144069886708032,,,completed,poor,a2955d2a2f6e850b88d8b206f465d810e1ad86ab,10.475627158607944,0.1888475835724872,0.01802732960167535
R52-C-75,R52-C-75__P3__huayi_sy3sy2_phase3_wgs1__plateau_2022-10-07N_013__W004,3,validation,low_capacity_alpha_wgs_xt,reference,1,H2_CO_ratio,0.4242536251772812,7.213336559379681e-21,-0.4242536251772812,0.0488233341461057,1,0.0144069886708032,,,completed,poor,a2955d2a2f6e850b88d8b206f465d810e1ad86ab,2.0863498046875043e-18,-2.0791364681281246e-18,-2.0791364681281246e-06
R52-C-75,R52-C-75__P3__huayi_sy3sy2_phase3_wgs1__plateau_2022-10-07N_013__W004,3,validation,low_capacity_alpha_wgs_xt,reference,1,dry_syngas_flow,131594.2435228393,131594.2435228393,0.0,0.0488233341461057,1,0.0144069886708032,,,completed,poor,a2955d2a2f6e850b88d8b206f465d810e1ad86ab,56375.835425820296,75218.40809701901,1.334231369324751
R52-C-75,R52-C-75__P3__huayi_sy3sy2_phase3_wgs1__shift_morning_handover_2022-10-09__W001,3,validation,low_capacity_alpha_wgs_xt,reference,1,CO_dry_vol_pct,63.63103637333332,85.61104149498603,21.980005121652702,0.0506925841899134,1,0.0146505092654964,,,completed,poor,a2955d2a2f6e850b88d8b206f465d810e1ad86ab,85.84057337610716,-0.2295318811211331,-0.0026739322920811353
R52-C-75,R52-C-75__P3__huayi_sy3sy2_phase3_wgs1__shift_morning_handover_2022-10-09__W001,3,validation,low_capacity_alpha_wgs_xt,reference,1,H2_dry_vol_pct,26.336123365333336,6.378248527832723e-19,-26.336123365333336,0.0506925841899134,1,0.0146505092654964,,,completed,poor,a2955d2a2f6e850b88d8b206f465d810e1ad86ab,5.808755850610487e-15,-5.808118025757704e-15,-0.005808118025757704
R52-C-75,R52-C-75__P3__huayi_sy3sy2_phase3_wgs1__shift_morning_handover_2022-10-09__W001,3,validation,low_capacity_alpha_wgs_xt,reference,1,CO2_dry_vol_pct,9.230614622933334,10.677122428273,1.4465078053396656,0.0506925841899134,1,0.0146505092654964,,,completed,poor,a2955d2a2f6e850b88d8b206f465d810e1ad86ab,10.498270219649132,0.17885220862386753,0.01703635026360038
R52-C-75,R52-C-75__P3__huayi_sy3sy2_phase3_wgs1__shift_morning_handover_2022-10-09__W001,3,validation,low_capacity_alpha_wgs_xt,reference,1,H2_CO_ratio,0.4138872857864837,7.450263910416598e-21,-0.4138872857864837,0.0506925841899134,1,0.0146505092654964,,,completed,poor,a2955d2a2f6e850b88d8b206f465d810e1ad86ab,6.766911755306721e-17,-6.76616672891568e-17,-6.766166728915681e-05
R52-C-75,R52-C-75__P3__huayi_sy3sy2_phase3_wgs1__shift_morning_handover_2022-10-09__W001,3,validation,low_capacity_alpha_wgs_xt,reference,1,dry_syngas_flow,129996.4930274862,129996.4930274862,0.0,0.0506925841899134,1,0.0146505092654964,,,completed,poor,a2955d2a2f6e850b88d8b206f465d810e1ad86ab,55561.615205087066,74434.87782239914,1.3396816767771735
R52-C-75,R52-C-75__P3__huayi_sy3sy2_phase3_wgs1__plateau_2022-10-09D_014__W001,3,validation,low_capacity_alpha_wgs_xt,reference,1,CO_dry_vol_pct,63.740561376,85.57885075485119,21.838289378851183,0.0485413383039098,1,0.0147038638583957,,,completed,poor,a2955d2a2f6e850b88d8b206f465d810e1ad86ab,85.82315478967175,-0.2443040348205585,-0.0028465981636223757
R52-C-75,R52-C-75__P3__huayi_sy3sy2_phase3_wgs1__plateau_2022-10-09D_014__W001,3,validation,low_capacity_alpha_wgs_xt,reference,1,H2_dry_vol_pct,26.487032301333333,1.7117244670669241e-18,-26.487032301333333,0.0485413383039098,1,0.0147038638583957,,,completed,poor,a2955d2a2f6e850b88d8b206f465d810e1ad86ab,1.0532433833641996e-15,-1.0515316588971327e-15,-0.0010515316588971327
R52-C-75,R52-C-75__P3__huayi_sy3sy2_phase3_wgs1__plateau_2022-10-09D_014__W001,3,validation,low_capacity_alpha_wgs_xt,reference,1,CO2_dry_vol_pct,9.021134639866665,10.69566871941874,1.674534079552075,0.0485413383039098,1,0.0147038638583957,,,completed,poor,a2955d2a2f6e850b88d8b206f465d810e1ad86ab,10.505355150959037,0.19031356845970215,0.01811586240778622
R52-C-75,R52-C-75__P3__huayi_sy3sy2_phase3_wgs1__plateau_2022-10-09D_014__W001,3,validation,low_capacity_alpha_wgs_xt,reference,1,H2_CO_ratio,0.4155466080054968,2.000172299544338e-20,-0.4155466080054968,0.0485413383039098,1,0.0147038638583957,,,completed,poor,a2955d2a2f6e850b88d8b206f465d810e1ad86ab,1.2272252004082126e-17,-1.2252250281086682e-17,-1.2252250281086682e-05
R52-C-75,R52-C-75__P3__huayi_sy3sy2_phase3_wgs1__plateau_2022-10-09D_014__W001,3,validation,low_capacity_alpha_wgs_xt,reference,1,dry_syngas_flow,131840.57819571625,131840.57819571625,0.0,0.0485413383039098,1,0.0147038638583957,,,completed,poor,a2955d2a2f6e850b88d8b206f465d810e1ad86ab,55507.02208777875,76333.5561079375,1.3752053927019123
R52-C-75,R52-C-75__P3__huayi_sy3sy2_phase3_wgs1__plateau_2022-10-09D_014__W002,3,validation,low_capacity_alpha_wgs_xt,reference,1,CO_dry_vol_pct,63.625034205405406,85.72719456796445,22.10216036255904,0.0480805866902577,1,0.0141375126958917,,,completed,poor,a2955d2a2f6e850b88d8b206f465d810e1ad86ab,85.96507803542158,-0.23788346745713795,-0.0027672105102855716
R52-C-75,R52-C-75__P3__huayi_sy3sy2_phase3_wgs1__plateau_2022-10-09D_014__W002,3,validation,low_capacity_alpha_wgs_xt,reference,1,H2_dry_vol_pct,26.53407218513513,1.5347371864264595e-20,-26.53407218513513,0.0480805866902577,1,0.0141375126958917,,,completed,poor,a2955d2a2f6e850b88d8b206f465d810e1ad86ab,1.0289383890367224e-16,-1.0287849153180798e-16,-0.00010287849153180799
R52-C-75,R52-C-75__P3__huayi_sy3sy2_phase3_wgs1__plateau_2022-10-09D_014__W002,3,validation,low_capacity_alpha_wgs_xt,reference,1,CO2_dry_vol_pct,9.090208024324324,10.634168516767044,1.5439604924427195,0.0480805866902577,1,0.0141375126958917,,,completed,poor,a2955d2a2f6e850b88d8b206f465d810e1ad86ab,10.447711886487431,0.18645663027961312,0.017846647410019716
R52-C-75,R52-C-75__P3__huayi_sy3sy2_phase3_wgs1__plateau_2022-10-09D_014__W002,3,validation,low_capacity_alpha_wgs_xt,reference,1,H2_CO_ratio,0.4170350224565832,1.7902570988832737e-22,-0.4170350224565832,0.0480805866902577,1,0.0141375126958917,,,completed,poor,a2955d2a2f6e850b88d8b206f465d810e1ad86ab,1.1969260222305065e-18,-1.1967469965206182e-18,-1.1967469965206181e-06
R52-C-75,R52-C-75__P3__huayi_sy3sy2_phase3_wgs1__plateau_2022-10-09D_014__W002,3,validation,low_capacity_alpha_wgs_xt,reference,1,dry_syngas_flow,132246.15910471155,132246.15910471155,0.0,0.0480805866902577,1,0.0141375126958917,,,completed,poor,a2955d2a2f6e850b88d8b206f465d810e1ad86ab,56135.414345937854,76110.7447587737,1.3558418628521502
R52-C-75,R52-C-75__P3__huayi_sy3sy2_phase3_wgs1__plateau_2022-10-09D_014__W003,3,validation,low_capacity_alpha_wgs_xt,reference,1,CO_dry_vol_pct,63.596988644,85.82045626916845,22.22346762516845,0.0462155426249341,1,0.0137521809724757,,,completed,poor,a2955d2a2f6e850b88d8b206f465d810e1ad86ab,86.06115094272123,-0.24069467355278107,-0.002796786597857349
R52-C-75,R52-C-75__P3__huayi_sy3sy2_phase3_wgs1__plateau_2022-10-09D_014__W003,3,validation,low_capacity_alpha_wgs_xt,reference,1,H2_dry_vol_pct,26.524921236,8.7612445092615e-19,-26.524921236,0.0462155426249341,1,0.0137521809724757,,,completed,poor,a2955d2a2f6e850b88d8b206f465d810e1ad86ab,1.2440312964607345e-16,-1.235270051951473e-16,-0.0001235270051951473
R52-C-75,R52-C-75__P3__huayi_sy3sy2_phase3_wgs1__plateau_2022-10-09D_014__W003,3,validation,low_capacity_alpha_wgs_xt,reference,1,CO2_dry_vol_pct,9.133404927733332,10.597663656005228,1.4642587282718953,0.0462155426249341,1,0.0137521809724757,,,completed,poor,a2955d2a2f6e850b88d8b206f465d810e1ad86ab,10.408129626718686,0.18953402928654128,0.018210191079864043
R52-C-75,R52-C-75__P3__huayi_sy3sy2_phase3_wgs1__plateau_2022-10-09D_014__W003,3,validation,low_capacity_alpha_wgs_xt,reference,1,H2_CO_ratio,0.4170757519446523,1.0208806722936328e-20,-0.4170757519446523,0.0462155426249341,1,0.0137521809724757,,,completed,poor,a2955d2a2f6e850b88d8b206f465d810e1ad86ab,1.4455201712195445e-18,-1.435311364496608e-18,-1.4353113644966082e-06
R52-C-75,R52-C-75__P3__huayi_sy3sy2_phase3_wgs1__plateau_2022-10-09D_014__W003,3,validation,low_capacity_alpha_wgs_xt,reference,1,dry_syngas_flow,133928.5809733848,133928.5809733848,0.0,0.0462155426249341,1,0.0137521809724757,,,completed,poor,a2955d2a2f6e850b88d8b206f465d810e1ad86ab,56561.419088076145,77367.16188530864,1.367843366249957
R52-C-75,R52-C-75__P3__huayi_sy3sy2_phase3_wgs1__plateau_2022-10-09D_014__W004,3,validation,low_capacity_alpha_wgs_xt,reference,1,CO_dry_vol_pct,63.387516137333336,85.62868751981301,22.24117138247968,0.046820402266096,1,0.0144851840336403,,,completed,poor,a2955d2a2f6e850b88d8b206f465d810e1ad86ab,85.87624014082486,-0.24755262101184883,-0.002882667203476743
R52-C-75,R52-C-75__P3__huayi_sy3sy2_phase3_wgs1__plateau_2022-10-09D_014__W004,3,validation,low_capacity_alpha_wgs_xt,reference,1,H2_dry_vol_pct,26.5980029,8.87074994382553e-17,-26.5980029,0.046820402266096,1,0.0144851840336403,,,completed,poor,a2955d2a2f6e850b88d8b206f465d810e1ad86ab,2.6664937549522354e-15,-2.5777862555139803e-15,-0.0025777862555139805
R52-C-75,R52-C-75__P3__huayi_sy3sy2_phase3_wgs1__plateau_2022-10-09D_014__W004,3,validation,low_capacity_alpha_wgs_xt,reference,1,CO2_dry_vol_pct,9.270947878666666,10.677165371169096,1.4062174925024298,0.046820402266096,1,0.0144851840336403,,,completed,poor,a2955d2a2f6e850b88d8b206f465d810e1ad86ab,10.483860771076662,0.1933046000924339,0.018438302865079165
R52-C-75,R52-C-75__P3__huayi_sy3sy2_phase3_wgs1__plateau_2022-10-09D_014__W004,3,validation,low_capacity_alpha_wgs_xt,reference,1,H2_CO_ratio,0.4196343334224648,1.0359553790630028e-18,-0.4196343334224648,0.046820402266096,1,0.0144851840336403,,,completed,poor,a2955d2a2f6e850b88d8b206f465d810e1ad86ab,3.1050425013712336e-17,-3.0014469634649335e-17,-3.0014469634649336e-05
R52-C-75,R52-C-75__P3__huayi_sy3sy2_phase3_wgs1__plateau_2022-10-09D_014__W004,3,validation,low_capacity_alpha_wgs_xt,reference,1,dry_syngas_flow,133375.62190245293,133375.62190245293,0.0,0.046820402266096,1,0.0144851840336403,,,completed,poor,a2955d2a2f6e850b88d8b206f465d810e1ad86ab,55719.118563903874,77656.50333854905,1.3937137797591923
R52-C-75,R52-C-75__P3__huayi_sy3sy2_phase3_wgs1__plateau_2022-10-09D_014__W005,3,validation,low_capacity_alpha_wgs_xt,reference,1,CO_dry_vol_pct,62.61618982799999,85.64647240011459,23.0302825721146,0.0480794446405015,1,0.0144417754295729,,,completed,poor,a2955d2a2f6e850b88d8b206f465d810e1ad86ab,85.8883860400681,-0.24191363995350912,-0.0028166047949795344
R52-C-75,R52-C-75__P3__huayi_sy3sy2_phase3_wgs1__plateau_2022-10-09D_014__W005,3,validation,low_capacity_alpha_wgs_xt,reference,1,H2_dry_vol_pct,26.59501441733333,1.2458118038235788e-21,-26.59501441733333,0.0480794446405015,1,0.0144417754295729,,,completed,poor,a2955d2a2f6e850b88d8b206f465d810e1ad86ab,7.186283126197094e-16,-7.186270668079055e-16,-0.0007186270668079056
R52-C-75,R52-C-75__P3__huayi_sy3sy2_phase3_wgs1__plateau_2022-10-09D_014__W005,3,validation,low_capacity_alpha_wgs_xt,reference,1,CO2_dry_vol_pct,10.0661192648,10.667961643529814,0.601842378729815,0.0480794446405015,1,0.0144417754295729,,,completed,poor,a2955d2a2f6e850b88d8b206f465d810e1ad86ab,10.478961422870233,0.18900022065958133,0.018036159599470435
R52-C-75,R52-C-75__P3__huayi_sy3sy2_phase3_wgs1__plateau_2022-10-09D_014__W005,3,validation,low_capacity_alpha_wgs_xt,reference,1,H2_CO_ratio,0.4247432691418862,1.4545979173590718e-23,-0.4247432691418862,0.0480794446405015,1,0.0144417754295729,,,completed,poor,a2955d2a2f6e850b88d8b206f465d810e1ad86ab,8.367002172848602e-18,-8.366987626869428e-18,-8.366987626869429e-06
R52-C-75,R52-C-75__P3__huayi_sy3sy2_phase3_wgs1__plateau_2022-10-09D_014__W005,3,validation,low_capacity_alpha_wgs_xt,reference,1,dry_syngas_flow,132247.16922585663,132247.16922585663,0.0,0.0480794446405015,1,0.0144417754295729,,,completed,poor,a2955d2a2f6e850b88d8b206f465d810e1ad86ab,55866.0719397019,76381.09728615473,1.3672179667221884
R52-C-75,R52-C-75__P3__huayi_sy3sy2_phase3_wgs1__plateau_2022-10-09D_014__W006,3,validation,low_capacity_alpha_wgs_xt,reference,1,CO_dry_vol_pct,62.90352648870969,85.70399258605079,22.8004660973411,0.0475288804363604,1,0.0141947301792893,,,completed,poor,a2955d2a2f6e850b88d8b206f465d810e1ad86ab,85.94866646592122,-0.2446738798704331,-0.0028467443409077985
R52-C-75,R52-C-75__P3__huayi_sy3sy2_phase3_wgs1__plateau_2022-10-09D_014__W006,3,validation,low_capacity_alpha_wgs_xt,reference,1,H2_dry_vol_pct,26.54743136129032,4.090989856801549e-17,-26.54743136129032,0.0475288804363604,1,0.0141947301792893,,,completed,poor,a2955d2a2f6e850b88d8b206f465d810e1ad86ab,2.495286053794174e-13,-2.494876954808494e-13,-0.2494876954808494
R52-C-75,R52-C-75__P3__huayi_sy3sy2_phase3_wgs1__plateau_2022-10-09D_014__W006,3,validation,low_capacity_alpha_wgs_xt,reference,1,CO2_dry_vol_pct,9.81636658032258,10.646192816944671,0.8298262366220914,0.0475288804363604,1,0.0141947301792893,,,completed,poor,a2955d2a2f6e850b88d8b206f465d810e1ad86ab,10.45447354600705,0.19171927093762164,0.018338491182164435
R52-C-75,R52-C-75__P3__huayi_sy3sy2_phase3_wgs1__plateau_2022-10-09D_014__W006,3,validation,low_capacity_alpha_wgs_xt,reference,1,H2_CO_ratio,0.4220389768208398,4.773394719848093e-19,-0.4220389768208398,0.0475288804363604,1,0.0141947301792893,,,completed,poor,a2955d2a2f6e850b88d8b206f465d810e1ad86ab,2.9032283529187257e-15,-2.902751013446741e-15,-0.002902751013446741
R52-C-75,R52-C-75__P3__huayi_sy3sy2_phase3_wgs1__plateau_2022-10-09D_014__W006,3,validation,low_capacity_alpha_wgs_xt,reference,1,dry_syngas_flow,132736.94815261435,132736.94815261435,0.0,0.0475288804363604,1,0.0141947301792893,,,completed,poor,a2955d2a2f6e850b88d8b206f465d810e1ad86ab,56077.74804553584,76659.2001070785,1.3670163795598615
R52-C-75,R52-C-75__P3__huayi_sy3sy2_phase3_wgs1__plateau_2022-10-09D_015__W001,3,validation,low_capacity_alpha_wgs_xt,reference,1,CO_dry_vol_pct,63.271916524000005,87.37218427884552,24.10026775484552,0.0456546087660204,1,0.0086574994526575,,,completed,poor,a2955d2a2f6e850b88d8b206f465d810e1ad86ab,87.52746639291158,-0.15528211406605408,-0.0017740958406015238
R52-C-75,R52-C-75__P3__huayi_sy3sy2_phase3_wgs1__plateau_2022-10-09D_015__W001,3,validation,low_capacity_alpha_wgs_xt,reference,1,H2_dry_vol_pct,26.64901363466667,2.1799445954219224e-20,-26.64901363466667,0.0456546087660204,1,0.0086574994526575,,,completed,poor,a2955d2a2f6e850b88d8b206f465d810e1ad86ab,1.4117603974329144e-14,-1.411758217488319e-14,-0.01411758217488319
R52-C-75,R52-C-75__P3__huayi_sy3sy2_phase3_wgs1__plateau_2022-10-09D_015__W001,3,validation,low_capacity_alpha_wgs_xt,reference,1,CO2_dry_vol_pct,9.323292692,9.881441365964069,0.5581486739640678,0.0456546087660204,1,0.0086574994526575,,,completed,poor,a2955d2a2f6e850b88d8b206f465d810e1ad86ab,9.750516114014166,0.13092525194990223,0.013427520186518818
R52-C-75,R52-C-75__P3__huayi_sy3sy2_phase3_wgs1__plateau_2022-10-09D_015__W001,3,validation,low_capacity_alpha_wgs_xt,reference,1,H2_CO_ratio,0.4211808130725526,2.49500984027674e-22,-0.4211808130725526,0.0456546087660204,1,0.0086574994526575,,,completed,poor,a2955d2a2f6e850b88d8b206f465d810e1ad86ab,1.6129341515445098e-16,-1.6129316565346696e-16,-0.00016129316565346695
R52-C-75,R52-C-75__P3__huayi_sy3sy2_phase3_wgs1__plateau_2022-10-09D_015__W001,3,validation,low_capacity_alpha_wgs_xt,reference,1,dry_syngas_flow,134447.88973925493,134447.88973925493,0.0,0.0456546087660204,1,0.0086574994526575,,,completed,poor,a2955d2a2f6e850b88d8b206f465d810e1ad86ab,62448.42131968523,71999.46841956969,1.1529429711439918
R52-C-75,R52-C-75__P3__huayi_sy3sy2_phase3_wgs1__shift_evening_handover_2022-10-09__W001,3,validation,low_capacity_alpha_wgs_xt,reference,1,CO_dry_vol_pct,63.61560398533333,87.37581186336782,23.760207878034485,0.0444225759096098,1,0.0086188442995058,,,completed,poor,a2955d2a2f6e850b88d8b206f465d810e1ad86ab,87.53757680276271,-0.16176493939489944,-0.0018479485645277092
R52-C-75,R52-C-75__P3__huayi_sy3sy2_phase3_wgs1__shift_evening_handover_2022-10-09__W001,3,validation,low_capacity_alpha_wgs_xt,reference,1,H2_dry_vol_pct,26.73415048933333,5.6241121245014195e-18,-26.73415048933333,0.0444225759096098,1,0.0086188442995058,,,completed,poor,a2955d2a2f6e850b88d8b206f465d810e1ad86ab,7.209500557339129e-13,-7.209444316217884e-13,-0.7209444316217885
R52-C-75,R52-C-75__P3__huayi_sy3sy2_phase3_wgs1__shift_evening_handover_2022-10-09__W001,3,validation,low_capacity_alpha_wgs_xt,reference,1,CO2_dry_vol_pct,8.884175634133333,9.88217360487224,0.9979979707389076,0.0444225759096098,1,0.0086188442995058,,,completed,poor,a2955d2a2f6e850b88d8b206f465d810e1ad86ab,9.745672509354746,0.13650109551749345,0.014006329002587333
R52-C-75,R52-C-75__P3__huayi_sy3sy2_phase3_wgs1__shift_evening_handover_2022-10-09__W001,3,validation,low_capacity_alpha_wgs_xt,reference,1,H2_CO_ratio,0.4202428252415836,6.436692265928255e-20,-0.4202428252415836,0.0444225759096098,1,0.0086188442995058,,,completed,poor,a2955d2a2f6e850b88d8b206f465d810e1ad86ab,8.235892311233814e-15,-8.235827944311155e-15,-0.008235827944311155
R52-C-75,R52-C-75__P3__huayi_sy3sy2_phase3_wgs1__shift_evening_handover_2022-10-09__W001,3,validation,low_capacity_alpha_wgs_xt,reference,1,dry_syngas_flow,135611.25904985415,135611.25904985415,0.0,0.0444225759096098,1,0.0086188442995058,,,completed,poor,a2955d2a2f6e850b88d8b206f465d810e1ad86ab,62578.90028103948,73032.35876881468,1.1670444581293233
R52-C-75,R52-C-75__P3__huayi_sy3sy2_phase3_wgs1__plateau_2022-10-09N_016__W001,3,validation,low_capacity_alpha_wgs_xt,reference,1,CO_dry_vol_pct,63.57898174133332,87.3372707816924,23.758289040359077,0.0454228332544538,1,0.0087442639795011,,,completed,poor,a2955d2a2f6e850b88d8b206f465d810e1ad86ab,87.49769246496784,-0.1604216832754446,-0.0018334390171452113
R52-C-75,R52-C-75__P3__huayi_sy3sy2_phase3_wgs1__plateau_2022-10-09N_016__W001,3,validation,low_capacity_alpha_wgs_xt,reference,1,H2_dry_vol_pct,26.63288796133333,5.3788840095926935e-18,-26.63288796133333,0.0454228332544538,1,0.0087442639795011,,,completed,poor,a2955d2a2f6e850b88d8b206f465d810e1ad86ab,7.432114099176255e-16,-7.378325259080328e-16,-0.0007378325259080328
R52-C-75,R52-C-75__P3__huayi_sy3sy2_phase3_wgs1__plateau_2022-10-09N_016__W001,3,validation,low_capacity_alpha_wgs_xt,reference,1,CO2_dry_vol_pct,9.042767862133331,9.900011045094365,0.8572431829610334,0.0454228332544538,1,0.0087442639795011,,,completed,poor,a2955d2a2f6e850b88d8b206f465d810e1ad86ab,9.764928577700234,0.1350824673941311,0.013833431173538063
R52-C-75,R52-C-75__P3__huayi_sy3sy2_phase3_wgs1__plateau_2022-10-09N_016__W001,3,validation,low_capacity_alpha_wgs_xt,reference,1,H2_CO_ratio,0.4188932190971368,6.158749822899451e-20,-0.4188932190971368,0.0454228332544538,1,0.0087442639795011,,,completed,poor,a2955d2a2f6e850b88d8b206f465d810e1ad86ab,8.494068688899322e-18,-8.432481190670328e-18,-8.432481190670329e-06
R52-C-75,R52-C-75__P3__huayi_sy3sy2_phase3_wgs1__plateau_2022-10-09N_016__W001,3,validation,low_capacity_alpha_wgs_xt,reference,1,dry_syngas_flow,134664.33131861346,134664.33131861346,0.0,0.0454228332544538,1,0.0087442639795011,,,completed,poor,a2955d2a2f6e850b88d8b206f465d810e1ad86ab,62434.33297176395,72229.99834684952,1.1568954917723824
R52-C-75,R52-C-75__P3__huayi_sy3sy2_phase3_wgs1__plateau_2022-10-09N_016__W002,3,validation,low_capacity_alpha_wgs_xt,reference,1,CO_dry_vol_pct,63.81169583733334,87.1682316134742,23.356535776140863,0.0452596017244561,1,0.0092382982085607,,,completed,poor,a2955d2a2f6e850b88d8b206f465d810e1ad86ab,87.33853781802917,-0.17030620455496148,-0.0019499548402080694
R52-C-75,R52-C-75__P3__huayi_sy3sy2_phase3_wgs1__plateau_2022-10-09N_016__W002,3,validation,low_capacity_alpha_wgs_xt,reference,1,H2_dry_vol_pct,26.68631851066667,2.83908337288711e-20,-26.68631851066667,0.0452596017244561,1,0.0092382982085607,,,completed,poor,a2955d2a2f6e850b88d8b206f465d810e1ad86ab,2.1084494091931274e-14,-2.1084465701097546e-14,-0.021084465701097548
R52-C-75,R52-C-75__P3__huayi_sy3sy2_phase3_wgs1__plateau_2022-10-09N_016__W002,3,validation,low_capacity_alpha_wgs_xt,reference,1,CO2_dry_vol_pct,8.74295436293333,9.983285262840134,1.2403308999068037,0.0452596017244561,1,0.0092382982085607,,,completed,poor,a2955d2a2f6e850b88d8b206f465d810e1ad86ab,9.840989984849251,0.1422952779908826,0.014459447495623312
R52-C-75,R52-C-75__P3__huayi_sy3sy2_phase3_wgs1__plateau_2022-10-09N_016__W002,3,validation,low_capacity_alpha_wgs_xt,reference,1,H2_CO_ratio,0.4182040930376027,3.257016140325431e-22,-0.4182040930376027,0.0452596017244561,1,0.0092382982085607,,,completed,poor,a2955d2a2f6e850b88d8b206f465d810e1ad86ab,2.4141111837549944e-16,-2.414107926738854e-16,-0.00024141079267388541
R52-C-75,R52-C-75__P3__huayi_sy3sy2_phase3_wgs1__plateau_2022-10-09N_016__W002,3,validation,low_capacity_alpha_wgs_xt,reference,1,dry_syngas_flow,134817.42750773233,134817.42750773233,0.0,0.0452596017244561,1,0.0092382982085607,,,completed,poor,a2955d2a2f6e850b88d8b206f465d810e1ad86ab,61832.78254602915,72984.64496170318,1.180355176598634
R52-C-75,R52-C-75__P3__huayi_sy3sy2_phase3_wgs1__plateau_2022-10-09N_016__W003,3,validation,low_capacity_alpha_wgs_xt,reference,1,CO_dry_vol_pct,63.38696185199999,87.00782720635888,23.62086535435889,0.0459629065526951,1,0.0097407815821616,,,completed,poor,a2955d2a2f6e850b88d8b206f465d810e1ad86ab,87.18311277115657,-0.17528556479769009,-0.002010544923508181
R52-C-75,R52-C-75__P3__huayi_sy3sy2_phase3_wgs1__plateau_2022-10-09N_016__W003,3,validation,low_capacity_alpha_wgs_xt,reference,1,H2_dry_vol_pct,26.529362196,4.953956147352707e-19,-26.529362196,0.0459629065526951,1,0.0097407815821616,,,completed,poor,a2955d2a2f6e850b88d8b206f465d810e1ad86ab,2.1483945973071342e-19,2.805561550045573e-19,2.805561550045573e-07
R52-C-75,R52-C-75__P3__huayi_sy3sy2_phase3_wgs1__plateau_2022-10-09N_016__W003,3,validation,low_capacity_alpha_wgs_xt,reference,1,CO2_dry_vol_pct,9.348603313333337,10.059431200177338,0.710827886844001,0.0459629065526951,1,0.0097407815821616,,,completed,poor,a2955d2a2f6e850b88d8b206f465d810e1ad86ab,9.914091074537023,0.14534012564031507,0.014659954659242656
R52-C-75,R52-C-75__P3__huayi_sy3sy2_phase3_wgs1__plateau_2022-10-09N_016__W003,3,validation,low_capacity_alpha_wgs_xt,reference,1,H2_CO_ratio,0.4185289784033095,5.693690218930846e-21,-0.4185289784033095,0.0459629065526951,1,0.0097407815821616,,,completed,poor,a2955d2a2f6e850b88d8b206f465d810e1ad86ab,2.4642324975782505e-21,3.2294577213525953e-21,3.2294577213525953e-09
R52-C-75,R52-C-75__P3__huayi_sy3sy2_phase3_wgs1__plateau_2022-10-09N_016__W003,3,validation,low_capacity_alpha_wgs_xt,reference,1,dry_syngas_flow,134161.68516554768,134161.68516554768,0.0,0.0459629065526951,1,0.0097407815821616,,,completed,poor,a2955d2a2f6e850b88d8b206f465d810e1ad86ab,61110.50874966662,73051.17641588105,1.1953946695997615
R52-C-75,R52-C-75__P3__huayi_sy3sy2_phase3_wgs1__plateau_2022-10-09N_017__W001,3,validation,low_capacity_alpha_wgs_xt,reference,1,CO_dry_vol_pct,63.03101568400001,86.67325113945645,23.642235455456444,0.0448845028710774,1,0.0107667708625106,,,completed,poor,a2955d2a2f6e850b88d8b206f465d810e1ad86ab,86.87364538955326,-0.20039425009680656,-0.002306732372035402
R52-C-75,R52-C-75__P3__huayi_sy3sy2_phase3_wgs1__plateau_2022-10-09N_017__W001,3,validation,low_capacity_alpha_wgs_xt,reference,1,H2_dry_vol_pct,26.57533979866667,2.5922999517385024e-22,-26.57533979866667,0.0448845028710774,1,0.0107667708625106,,,completed,poor,a2955d2a2f6e850b88d8b206f465d810e1ad86ab,1.5266120670917293e-17,-1.5265861440922118e-17,-1.526586144092212e-05
R52-C-75,R52-C-75__P3__huayi_sy3sy2_phase3_wgs1__plateau_2022-10-09N_017__W001,3,validation,low_capacity_alpha_wgs_xt,reference,1,CO2_dry_vol_pct,9.648434968,10.22011739325603,0.5716824252560304,0.0448845028710774,1,0.0107667708625106,,,completed,poor,a2955d2a2f6e850b88d8b206f465d810e1ad86ab,10.056327578478266,0.16378981477776478,0.016287239402214226
R52-C-75,R52-C-75__P3__huayi_sy3sy2_phase3_wgs1__plateau_2022-10-09N_017__W001,3,validation,low_capacity_alpha_wgs_xt,reference,1,H2_CO_ratio,0.4216253343188261,2.9908880971448918e-24,-0.4216253343188261,0.0448845028710774,1,0.0107667708625106,,,completed,poor,a2955d2a2f6e850b88d8b206f465d810e1ad86ab,1.7572787008605347e-19,-1.7572487919795633e-19,-1.7572487919795634e-07
R52-C-75,R52-C-75__P3__huayi_sy3sy2_phase3_wgs1__plateau_2022-10-09N_017__W001,3,validation,low_capacity_alpha_wgs_xt,reference,1,dry_syngas_flow,135171.3384146401,135171.3384146401,0.0,0.0448845028710774,1,0.0107667708625106,,,completed,poor,a2955d2a2f6e850b88d8b206f465d810e1ad86ab,59902.89465911692,75268.44375552319,1.2565076226089802
R52-C-75,R52-C-75__P3__huayi_sy3sy2_phase3_wgs1__plateau_2022-10-09N_017__W002,3,validation,low_capacity_alpha_wgs_xt,reference,1,CO_dry_vol_pct,63.31748898000001,86.370806699767,23.053317719766994,0.0448048557084592,1,0.0117597929477503,,,completed,poor,a2955d2a2f6e850b88d8b206f465d810e1ad86ab,86.5902270004911,-0.2194203007240958,-0.002534007685680872
R52-C-75,R52-C-75__P3__huayi_sy3sy2_phase3_wgs1__plateau_2022-10-09N_017__W002,3,validation,low_capacity_alpha_wgs_xt,reference,1,H2_dry_vol_pct,26.751666024,9.33453999478737e-23,-26.751666024,0.0448048557084592,1,0.0117597929477503,,,completed,poor,a2955d2a2f6e850b88d8b206f465d810e1ad86ab,1.1811408719984263e-14,-1.1811408626638863e-14,-0.011811408626638863
R52-C-75,R52-C-75__P3__huayi_sy3sy2_phase3_wgs1__plateau_2022-10-09N_017__W002,3,validation,low_capacity_alpha_wgs_xt,reference,1,CO2_dry_vol_pct,9.180358248266668,10.35962708676152,1.1792688384948526,0.0448048557084592,1,0.0117597929477503,,,completed,poor,a2955d2a2f6e850b88d8b206f465d810e1ad86ab,10.182612932460327,0.17701415430119383,0.017383961805805734
R52-C-75,R52-C-75__P3__huayi_sy3sy2_phase3_wgs1__plateau_2022-10-09N_017__W002,3,validation,low_capacity_alpha_wgs_xt,reference,1,H2_CO_ratio,0.4225033692933648,1.0807517437269171e-24,-0.4225033692933648,0.0448048557084592,1,0.0117597929477503,,,completed,poor,a2955d2a2f6e850b88d8b206f465d810e1ad86ab,1.3640579461602836e-16,-1.3640579353527662e-16,-0.0001364057935352766
R52-C-75,R52-C-75__P3__huayi_sy3sy2_phase3_wgs1__plateau_2022-10-09N_017__W002,3,validation,low_capacity_alpha_wgs_xt,reference,1,dry_syngas_flow,135246.86720652872,135246.86720652872,0.0,0.0448048557084592,1,0.0117597929477503,,,completed,poor,a2955d2a2f6e850b88d8b206f465d810e1ad86ab,58835.22034081052,76411.64686571821,1.298739877629318
R52-C-75,R52-C-75__P3__huayi_sy3sy2_phase3_wgs1__plateau_2022-10-09N_017__W003,3,validation,low_capacity_alpha_wgs_xt,reference,1,CO_dry_vol_pct,63.19876112666668,86.19112526930239,22.992364142635708,0.0448832575458678,1,0.012379637368367,,,completed,poor,a2955d2a2f6e850b88d8b206f465d810e1ad86ab,86.42022707288973,-0.22910180358734067,-0.002651020615742059
R52-C-75,R52-C-75__P3__huayi_sy3sy2_phase3_wgs1__plateau_2022-10-09N_017__W003,3,validation,low_capacity_alpha_wgs_xt,reference,1,H2_dry_vol_pct,26.675932976,7.314355216106914e-22,-26.675932976,0.0448832575458678,1,0.012379637368367,,,completed,poor,a2955d2a2f6e850b88d8b206f465d810e1ad86ab,7.538354431236263e-15,-7.538353699800742e-15,-0.007538353699800742
R52-C-75,R52-C-75__P3__huayi_sy3sy2_phase3_wgs1__plateau_2022-10-09N_017__W003,3,validation,low_capacity_alpha_wgs_xt,reference,1,CO2_dry_vol_pct,9.38341130573333,10.43991923553282,1.0565079297994888,0.0448832575458678,1,0.012379637368367,,,completed,poor,a2955d2a2f6e850b88d8b206f465d810e1ad86ab,10.256526764180105,0.18339247135271464,0.017880562842500888
R52-C-75,R52-C-75__P3__huayi_sy3sy2_phase3_wgs1__plateau_2022-10-09N_017__W003,3,validation,low_capacity_alpha_wgs_xt,reference,1,H2_CO_ratio,0.4220973062465988,8.486204575300951e-24,-0.4220973062465988,0.0448832575458678,1,0.012379637368367,,,completed,poor,a2955d2a2f6e850b88d8b206f465d810e1ad86ab,8.722905142193344e-17,-8.722904293572886e-17,-8.722904293572887e-05
R52-C-75,R52-C-75__P3__huayi_sy3sy2_phase3_wgs1__plateau_2022-10-09N_017__W003,3,validation,low_capacity_alpha_wgs_xt,reference,1,dry_syngas_flow,135172.51831524185,135172.51831524185,0.0,0.0448832575458678,1,0.012379637368367,,,completed,poor,a2955d2a2f6e850b88d8b206f465d810e1ad86ab,58097.61364725058,77074.90466799127,1.3266449313385658
R52-C-75,R52-C-75__P4__huayi_sy3sy2_phase4_wgs1__shift_evening_handover_2022-10-10__W001,4,test,low_capacity_alpha_wgs_xt,reference,1,CO_dry_vol_pct,64.01460700533333,82.763396593603,18.748789588269677,0.0442667711949904,1,0.0133849976023281,,,completed,poor,a2955d2a2f6e850b88d8b206f465d810e1ad86ab,83.07939122144148,-0.315994627838478,-0.003803526039282348
R52-C-75,R52-C-75__P4__huayi_sy3sy2_phase4_wgs1__shift_evening_handover_2022-10-10__W001,4,test,low_capacity_alpha_wgs_xt,reference,1,H2_dry_vol_pct,26.57001626,2.633853635584042e-22,-26.57001626,0.0442667711949904,1,0.0133849976023281,,,completed,poor,a2955d2a2f6e850b88d8b206f465d810e1ad86ab,5.148656368989856e-15,-5.1486561056044925e-15,-0.005148656105604493
R52-C-75,R52-C-75__P4__huayi_sy3sy2_phase4_wgs1__shift_evening_handover_2022-10-10__W001,4,test,low_capacity_alpha_wgs_xt,reference,1,CO2_dry_vol_pct,8.649984683066664,13.4190173466087,4.769032663542035,0.0442667711949904,1,0.0133849976023281,,,completed,poor,a2955d2a2f6e850b88d8b206f465d810e1ad86ab,13.167521537598123,0.2514958090105761,0.019099707434877777
R52-C-75,R52-C-75__P4__huayi_sy3sy2_phase4_wgs1__shift_evening_handover_2022-10-10__W001,4,test,low_capacity_alpha_wgs_xt,reference,1,H2_CO_ratio,0.4150645684105619,3.1823894909934368e-24,-0.4150645684105619,0.0442667711949904,1,0.0133849976023281,,,completed,poor,a2955d2a2f6e850b88d8b206f465d810e1ad86ab,6.197272624767464e-17,-6.197272306528514e-17,-6.197272306528515e-05
R52-C-75,R52-C-75__P4__huayi_sy3sy2_phase4_wgs1__shift_evening_handover_2022-10-10__W001,4,test,low_capacity_alpha_wgs_xt,reference,1,dry_syngas_flow,135760.67350561445,135760.67350561445,0.0,0.0442667711949904,1,0.0133849976023281,,,completed,poor,a2955d2a2f6e850b88d8b206f465d810e1ad86ab,54158.980333272746,81601.69317234171,1.5067066010142263
R52-C-75,R52-C-75__P4__huayi_sy3sy2_phase4_wgs1__plateau_2022-10-10N_005__W001,4,test,low_capacity_alpha_wgs_xt,reference,1,CO_dry_vol_pct,63.82818893200001,82.788121864829,18.959932932828984,0.0450603000181507,1,0.0133122122667817,,,completed,poor,a2955d2a2f6e850b88d8b206f465d810e1ad86ab,83.10022341949006,-0.31210155466106926,-0.0037557246156316583
R52-C-75,R52-C-75__P4__huayi_sy3sy2_phase4_wgs1__plateau_2022-10-10N_005__W001,4,test,low_capacity_alpha_wgs_xt,reference,1,H2_dry_vol_pct,26.570929213333336,2.465474308591267e-19,-26.570929213333336,0.0450603000181507,1,0.0133122122667817,,,completed,poor,a2955d2a2f6e850b88d8b206f465d810e1ad86ab,1.7782971128128054e-17,-1.7536423697268926e-17,-1.7536423697268926e-05
R52-C-75,R52-C-75__P4__huayi_sy3sy2_phase4_wgs1__plateau_2022-10-10N_005__W001,4,test,low_capacity_alpha_wgs_xt,reference,1,CO2_dry_vol_pct,8.839892853199999,13.40734970553248,4.56745685233248,0.0450603000181507,1,0.0133122122667817,,,completed,poor,a2955d2a2f6e850b88d8b206f465d810e1ad86ab,13.158757962817813,0.24859174271466777,0.018891733050877883
R52-C-75,R52-C-75__P4__huayi_sy3sy2_phase4_wgs1__plateau_2022-10-10N_005__W001,4,test,low_capacity_alpha_wgs_xt,reference,1,H2_CO_ratio,0.4162924484200933,2.978053195380772e-21,-0.4162924484200933,0.0450603000181507,1,0.0133122122667817,,,completed,poor,a2955d2a2f6e850b88d8b206f465d810e1ad86ab,2.139942637501657e-19,-2.1101621055478492e-19,-2.1101621055478494e-07
R52-C-75,R52-C-75__P4__huayi_sy3sy2_phase4_wgs1__plateau_2022-10-10N_005__W001,4,test,low_capacity_alpha_wgs_xt,reference,1,dry_syngas_flow,135005.1046139279,135005.1046139279,0.0,0.0450603000181507,1,0.0133122122667817,,,completed,poor,a2955d2a2f6e850b88d8b206f465d810e1ad86ab,54358.83584132297,80646.26877260492,1.4835908003625518
R52-C-75,R52-C-75__P4__huayi_sy3sy2_phase4_wgs1__plateau_2022-10-10N_005__W002,4,test,low_capacity_alpha_wgs_xt,reference,1,CO_dry_vol_pct,64.31116436800001,82.87319172409123,18.56202735609122,0.0445440431610196,1,0.0130431917902237,,,completed,poor,a2955d2a2f6e850b88d8b206f465d810e1ad86ab,83.17700556634318,-0.3038138422519552,-0.0036526181747385564
R52-C-75,R52-C-75__P4__huayi_sy3sy2_phase4_wgs1__plateau_2022-10-10N_005__W002,4,test,low_capacity_alpha_wgs_xt,reference,1,H2_dry_vol_pct,26.508811098666666,3.9539160455793015e-21,-26.508811098666666,0.0445440431610196,1,0.0130431917902237,,,completed,poor,a2955d2a2f6e850b88d8b206f465d810e1ad86ab,3.7933009808205197e-16,-3.793261441660064e-16,-0.00037932614416600637
R52-C-75,R52-C-75__P4__huayi_sy3sy2_phase4_wgs1__plateau_2022-10-10N_005__W002,4,test,low_capacity_alpha_wgs_xt,reference,1,CO2_dry_vol_pct,8.3981092376,13.36875791196589,4.97064867436589,0.0445440431610196,1,0.0130431917902237,,,completed,poor,a2955d2a2f6e850b88d8b206f465d810e1ad86ab,13.125961942419984,0.24279596954590588,0.0184973848477533
R52-C-75,R52-C-75__P4__huayi_sy3sy2_phase4_wgs1__plateau_2022-10-10N_005__W002,4,test,low_capacity_alpha_wgs_xt,reference,1,H2_CO_ratio,0.4121971485284492,4.771043522425237e-23,-0.4121971485284492,0.0445440431610196,1,0.0130431917902237,,,completed,poor,a2955d2a2f6e850b88d8b206f465d810e1ad86ab,4.560516401128348e-18,-4.5604686906931236e-18,-4.560468690693124e-06
R52-C-75,R52-C-75__P4__huayi_sy3sy2_phase4_wgs1__plateau_2022-10-10N_005__W002,4,test,low_capacity_alpha_wgs_xt,reference,1,dry_syngas_flow,135495.13680565485,135495.13680565485,0.0,0.0445440431610196,1,0.0130431917902237,,,completed,poor,a2955d2a2f6e850b88d8b206f465d810e1ad86ab,54469.08585808664,81026.0509475682,1.4875603229081702
R52-C-75,R52-C-75__P4__huayi_sy3sy2_phase4_wgs1__plateau_2022-10-10N_005__W003,4,test,low_capacity_alpha_wgs_xt,reference,1,CO_dry_vol_pct,64.49385571333333,82.95331534828868,18.45945963495535,0.0446806039411318,1,0.0127905234458262,,,completed,poor,a2955d2a2f6e850b88d8b206f465d810e1ad86ab,83.24946731015652,-0.2961519618678352,-0.003557403686013789
R52-C-75,R52-C-75__P4__huayi_sy3sy2_phase4_wgs1__plateau_2022-10-10N_005__W003,4,test,low_capacity_alpha_wgs_xt,reference,1,H2_dry_vol_pct,26.58790125466667,1.0587550962605425e-18,-26.58790125466667,0.0446806039411318,1,0.0127905234458262,,,completed,poor,a2955d2a2f6e850b88d8b206f465d810e1ad86ab,1.0704776988676119e-14,-1.0703718233579858e-14,-0.010703718233579858
R52-C-75,R52-C-75__P4__huayi_sy3sy2_phase4_wgs1__plateau_2022-10-10N_005__W003,4,test,low_capacity_alpha_wgs_xt,reference,1,CO2_dry_vol_pct,8.124114556799997,13.332251200275255,5.2081366434752585,0.0446806039411318,1,0.0127905234458262,,,completed,poor,a2955d2a2f6e850b88d8b206f465d810e1ad86ab,13.094861656936285,0.23738954333897055,0.018128449888069376
R52-C-75,R52-C-75__P4__huayi_sy3sy2_phase4_wgs1__plateau_2022-10-10N_005__W003,4,test,low_capacity_alpha_wgs_xt,reference,1,H2_CO_ratio,0.4122555915079969,1.2763264395343838e-20,-0.4122555915079969,0.0446806039411318,1,0.0127905234458262,,,completed,poor,a2955d2a2f6e850b88d8b206f465d810e1ad86ab,1.2858673255882953e-16,-1.285739692944342e-16,-0.0001285739692944342
R52-C-75,R52-C-75__P4__huayi_sy3sy2_phase4_wgs1__plateau_2022-10-10N_005__W003,4,test,low_capacity_alpha_wgs_xt,reference,1,dry_syngas_flow,135364.9627240593,135364.9627240593,0.0,0.0446806039411318,1,0.0127905234458262,,,completed,poor,a2955d2a2f6e850b88d8b206f465d810e1ad86ab,54726.16781224125,80638.79491181805,1.473496101325418
R52-C-75,R52-C-75__P4__huayi_sy3sy2_phase4_wgs1__plateau_2022-10-10N_006__W001,4,test,low_capacity_alpha_wgs_xt,reference,1,CO_dry_vol_pct,63.77916357866667,82.72597313609484,18.946809557428168,0.0468472723063431,1,0.0135973697778877,,,completed,poor,a2955d2a2f6e850b88d8b206f465d810e1ad86ab,83.02640173168263,-0.300428595587789,-0.0036184706228590702
R52-C-75,R52-C-75__P4__huayi_sy3sy2_phase4_wgs1__plateau_2022-10-10N_006__W001,4,test,low_capacity_alpha_wgs_xt,reference,1,H2_dry_vol_pct,26.443332844,4.1393142298988124e-24,-26.443332844,0.0468472723063431,1,0.0135973697778877,,,completed,poor,a2955d2a2f6e850b88d8b206f465d810e1ad86ab,6.858849093852924e-16,-6.858849052459782e-16,-0.0006858849052459782
R52-C-75,R52-C-75__P4__huayi_sy3sy2_phase4_wgs1__plateau_2022-10-10N_006__W001,4,test,low_capacity_alpha_wgs_xt,reference,1,CO2_dry_vol_pct,9.051822255066666,13.428266113764236,4.37644385869757,0.0468472723063431,1,0.0135973697778877,,,completed,poor,a2955d2a2f6e850b88d8b206f465d810e1ad86ab,13.189864516422045,0.23840159734219135,0.018074605470387462
R52-C-75,R52-C-75__P4__huayi_sy3sy2_phase4_wgs1__plateau_2022-10-10N_006__W001,4,test,low_capacity_alpha_wgs_xt,reference,1,H2_CO_ratio,0.4146093339609317,5.003645255510151e-26,-0.4146093339609317,0.0468472723063431,1,0.0135973697778877,,,completed,poor,a2955d2a2f6e850b88d8b206f465d810e1ad86ab,8.261045824939812e-18,-8.26104577490336e-18,-8.261045774903361e-06
R52-C-75,R52-C-75__P4__huayi_sy3sy2_phase4_wgs1__plateau_2022-10-10N_006__W001,4,test,low_capacity_alpha_wgs_xt,reference,1,dry_syngas_flow,133351.22348692224,133351.22348692224,0.0,0.0468472723063431,1,0.0135973697778877,,,completed,poor,a2955d2a2f6e850b88d8b206f465d810e1ad86ab,53895.523444243234,79455.700042679,1.4742541674148253
R52-C-75,R52-C-75__P4__huayi_sy3sy2_phase4_wgs1__plateau_2022-10-11D_007__W001,4,test,low_capacity_alpha_wgs_xt,reference,1,CO_dry_vol_pct,63.626893033333324,82.90059357084509,19.273700537511765,0.043981900059141,1,0.0128976472034032,,,completed,poor,a2955d2a2f6e850b88d8b206f465d810e1ad86ab,83.2138957317649,-0.3133021609198039,-0.0037650221536282237
R52-C-75,R52-C-75__P4__huayi_sy3sy2_phase4_wgs1__plateau_2022-10-11D_007__W001,4,test,low_capacity_alpha_wgs_xt,reference,1,H2_dry_vol_pct,26.43668682133333,1.4051797250827388e-25,-26.43668682133333,0.043981900059141,1,0.0128976472034032,,,completed,poor,a2955d2a2f6e850b88d8b206f465d810e1ad86ab,1.1246456049790277e-16,-1.124645603573848e-16,-0.0001124645603573848
R52-C-75,R52-C-75__P4__huayi_sy3sy2_phase4_wgs1__plateau_2022-10-11D_007__W001,4,test,low_capacity_alpha_wgs_xt,reference,1,CO2_dry_vol_pct,9.1923174696,13.36120644480532,4.16888897520532,0.043981900059141,1,0.0128976472034032,,,completed,poor,a2955d2a2f6e850b88d8b206f465d810e1ad86ab,13.110315682746213,0.25089076205910743,0.019136897091600272
R52-C-75,R52-C-75__P4__huayi_sy3sy2_phase4_wgs1__plateau_2022-10-11D_007__W001,4,test,low_capacity_alpha_wgs_xt,reference,1,H2_CO_ratio,0.4154965959629,1.6950176887236663e-27,-0.4154965959629,0.043981900059141,1,0.0128976472034032,,,completed,poor,a2955d2a2f6e850b88d8b206f465d810e1ad86ab,1.3515117818834691e-18,-1.3515117801884515e-18,-1.3515117801884516e-06
R52-C-75,R52-C-75__P4__huayi_sy3sy2_phase4_wgs1__plateau_2022-10-11D_007__W001,4,test,low_capacity_alpha_wgs_xt,reference,1,dry_syngas_flow,136035.22563336554,136035.22563336554,0.0,0.043981900059141,1,0.0128976472034032,,,completed,poor,a2955d2a2f6e850b88d8b206f465d810e1ad86ab,55407.49731611876,80627.72831724677,1.455177227320663
R52-C-75,R52-C-75__P4__huayi_sy3sy2_phase4_wgs1__plateau_2022-10-11D_007__W002,4,test,low_capacity_alpha_wgs_xt,reference,1,CO_dry_vol_pct,64.09863798533333,82.69624184414128,18.59760385880796,0.0420252394983069,1,0.0135163370514985,,,completed,poor,a2955d2a2f6e850b88d8b206f465d810e1ad86ab,83.03631040935619,-0.34006856521490647,-0.004095419986008783
R52-C-75,R52-C-75__P4__huayi_sy3sy2_phase4_wgs1__plateau_2022-10-11D_007__W002,4,test,low_capacity_alpha_wgs_xt,reference,1,H2_dry_vol_pct,26.54015314933333,8.217111534504068e-26,-26.54015314933333,0.0420252394983069,1,0.0135163370514985,,,completed,poor,a2955d2a2f6e850b88d8b206f465d810e1ad86ab,5.0302947293545065e-19,-5.030293907643353e-19,-5.030293907643353e-07
R52-C-75,R52-C-75__P4__huayi_sy3sy2_phase4_wgs1__plateau_2022-10-11D_007__W002,4,test,low_capacity_alpha_wgs_xt,reference,1,CO2_dry_vol_pct,8.621761675599998,13.456120048415068,4.834358372815069,0.0420252394983069,1,0.0135163370514985,,,completed,poor,a2955d2a2f6e850b88d8b206f465d810e1ad86ab,13.185783083165992,0.2703369652490757,0.02050215474833718
R52-C-75,R52-C-75__P4__huayi_sy3sy2_phase4_wgs1__plateau_2022-10-11D_007__W002,4,test,low_capacity_alpha_wgs_xt,reference,1,H2_CO_ratio,0.4140545108796176,9.93649935143482e-28,-0.4140545108796176,0.0420252394983069,1,0.0135163370514985,,,completed,poor,a2955d2a2f6e850b88d8b206f465d810e1ad86ab,6.0579458607396334e-21,-6.057944867089698e-21,-6.057944867089698e-09
R52-C-75,R52-C-75__P4__huayi_sy3sy2_phase4_wgs1__plateau_2022-10-11D_007__W002,4,test,low_capacity_alpha_wgs_xt,reference,1,dry_syngas_flow,137970.48403627425,137970.48403627425,0.0,0.0420252394983069,1,0.0135163370514985,,,completed,poor,a2955d2a2f6e850b88d8b206f465d810e1ad86ab,54633.435763540525,83337.04827273372,1.525385455043054
R52-C-75,R52-C-75__P4__huayi_sy3sy2_phase4_wgs1__plateau_2022-10-11D_007__W003,4,test,low_capacity_alpha_wgs_xt,reference,1,CO_dry_vol_pct,64.07335221866667,82.87892269744943,18.805570478782755,0.0431725267846234,1,0.0129665047497995,,,completed,poor,a2955d2a2f6e850b88d8b206f465d810e1ad86ab,83.19444027782924,-0.3155175803798187,-0.0037925320409169455
R52-C-75,R52-C-75__P4__huayi_sy3sy2_phase4_wgs1__plateau_2022-10-11D_007__W003,4,test,low_capacity_alpha_wgs_xt,reference,1,H2_dry_vol_pct,26.416445604,1.25522005378367e-20,-26.416445604,0.0431725267846234,1,0.0129665047497995,,,completed,poor,a2955d2a2f6e850b88d8b206f465d810e1ad86ab,2.1149798688165956e-17,-2.113724648762812e-17,-2.113724648762812e-05
R52-C-75,R52-C-75__P4__huayi_sy3sy2_phase4_wgs1__plateau_2022-10-11D_007__W003,4,test,low_capacity_alpha_wgs_xt,reference,1,CO2_dry_vol_pct,8.779726567466666,13.371024180069918,4.5912976126032525,0.0431725267846234,1,0.0129665047497995,,,completed,poor,a2955d2a2f6e850b88d8b206f465d810e1ad86ab,13.118546525301793,0.2524776547681249,0.01924585580278808
R52-C-75,R52-C-75__P4__huayi_sy3sy2_phase4_wgs1__plateau_2022-10-11D_007__W003,4,test,low_capacity_alpha_wgs_xt,reference,1,H2_CO_ratio,0.4122867225679864,1.5145226469290232e-22,-0.4122867225679864,0.0431725267846234,1,0.0129665047497995,,,completed,poor,a2955d2a2f6e850b88d8b206f465d810e1ad86ab,2.5422129913412294e-19,-2.5406984686943003e-19,-2.5406984686943006e-07
R52-C-75,R52-C-75__P4__huayi_sy3sy2_phase4_wgs1__plateau_2022-10-11D_007__W003,4,test,low_capacity_alpha_wgs_xt,reference,1,dry_syngas_flow,136825.0943745475,136825.0943745475,0.0,0.0431725267846234,1,0.0129665047497995,,,completed,poor,a2955d2a2f6e850b88d8b206f465d810e1ad86ab,55220.314898154415,81604.7794763931,1.4778035878082345
R52-C-75,R52-C-75__P4__huayi_sy3sy2_phase4_wgs1__plateau_2022-10-11D_008__W001,4,test,low_capacity_alpha_wgs_xt,reference,1,CO_dry_vol_pct,64.444292672,82.49463389954043,18.05034122754043,0.0428375273389078,1,0.0142064506048138,,,completed,poor,a2955d2a2f6e850b88d8b206f465d810e1ad86ab,82.84726897567137,-0.35263507613093736,-0.004256447804386779
R52-C-75,R52-C-75__P4__huayi_sy3sy2_phase4_wgs1__plateau_2022-10-11D_008__W001,4,test,low_capacity_alpha_wgs_xt,reference,1,H2_dry_vol_pct,26.184946909333338,4.483330944632197e-21,-26.184946909333338,0.0428375273389078,1,0.0142064506048138,,,completed,poor,a2955d2a2f6e850b88d8b206f465d810e1ad86ab,6.070298863978478e-17,-6.069850530884014e-17,-6.069850530884015e-05
R52-C-75,R52-C-75__P4__huayi_sy3sy2_phase4_wgs1__plateau_2022-10-11D_008__W001,4,test,low_capacity_alpha_wgs_xt,reference,1,CO2_dry_vol_pct,8.629577009866667,13.5428676839316,4.913290674064934,0.0428375273389078,1,0.0142064506048138,,,completed,poor,a2955d2a2f6e850b88d8b206f465d810e1ad86ab,13.264825547386822,0.2780421365447783,0.020960858893432844
R52-C-75,R52-C-75__P4__huayi_sy3sy2_phase4_wgs1__plateau_2022-10-11D_008__W001,4,test,low_capacity_alpha_wgs_xt,reference,1,H2_CO_ratio,0.406323052860725,5.434694031240708e-23,-0.406323052860725,0.0428375273389078,1,0.0142064506048138,,,completed,poor,a2955d2a2f6e850b88d8b206f465d810e1ad86ab,7.327095918829937e-19,-7.326552449426813e-19,-7.326552449426813e-07
R52-C-75,R52-C-75__P4__huayi_sy3sy2_phase4_wgs1__plateau_2022-10-11D_008__W001,4,test,low_capacity_alpha_wgs_xt,reference,1,dry_syngas_flow,137156.36284060925,137156.36284060925,0.0,0.0428375273389078,1,0.0142064506048138,,,completed,poor,a2955d2a2f6e850b88d8b206f465d810e1ad86ab,53993.89877367545,83162.4640669338,1.540219653622779
R52-C-75,R52-C-75__P4__huayi_sy3sy2_phase4_wgs1__plateau_2022-10-11D_008__W002,4,test,low_capacity_alpha_wgs_xt,reference,1,CO_dry_vol_pct,64.04580293866667,82.34486751918034,18.299064580513672,0.0440268406423003,1,0.0147754041272528,,,completed,poor,a2955d2a2f6e850b88d8b206f465d810e1ad86ab,82.69777404924864,-0.35290653006829587,-0.004267424778061512
R52-C-75,R52-C-75__P4__huayi_sy3sy2_phase4_wgs1__plateau_2022-10-11D_008__W002,4,test,low_capacity_alpha_wgs_xt,reference,1,H2_dry_vol_pct,26.15345603733333,1.8131287236229567e-19,-26.15345603733333,0.0440268406423003,1,0.0147754041272528,,,completed,poor,a2955d2a2f6e850b88d8b206f465d810e1ad86ab,2.1888344972536944e-13,-2.1888326841249707e-13,-0.21888326841249708
R52-C-75,R52-C-75__P4__huayi_sy3sy2_phase4_wgs1__plateau_2022-10-11D_008__W002,4,test,low_capacity_alpha_wgs_xt,reference,1,CO2_dry_vol_pct,9.0779215036,13.602599923170333,4.524678419570332,0.0440268406423003,1,0.0147754041272528,,,completed,poor,a2955d2a2f6e850b88d8b206f465d810e1ad86ab,13.326243081542824,0.27635684162750884,0.020737790833957537
R52-C-75,R52-C-75__P4__huayi_sy3sy2_phase4_wgs1__plateau_2022-10-11D_008__W002,4,test,low_capacity_alpha_wgs_xt,reference,1,H2_CO_ratio,0.4083561392281232,2.201872172786762e-21,-0.4083561392281232,0.0440268406423003,1,0.0147754041272528,,,completed,poor,a2955d2a2f6e850b88d8b206f465d810e1ad86ab,2.646787682519952e-15,-2.6467854806477792e-15,-0.0026467854806477794
R52-C-75,R52-C-75__P4__huayi_sy3sy2_phase4_wgs1__plateau_2022-10-11D_008__W002,4,test,low_capacity_alpha_wgs_xt,reference,1,dry_syngas_flow,135991.79501952455,135991.79501952455,0.0,0.0440268406423003,1,0.0147754041272528,,,completed,poor,a2955d2a2f6e850b88d8b206f465d810e1ad86ab,53348.67724502425,82643.11777450031,1.549112781089775
R52-C-75,R52-C-75__P4__huayi_sy3sy2_phase4_wgs1__plateau_2022-10-11D_008__W003,4,test,low_capacity_alpha_wgs_xt,reference,1,CO_dry_vol_pct,64.256238388,82.19536349638791,17.939125108387913,0.0430173971245396,1,0.0152555081626056,,,completed,poor,a2955d2a2f6e850b88d8b206f465d810e1ad86ab,82.5678652035833,-0.3725017071953829,-0.004511461042100638
R52-C-75,R52-C-75__P4__huayi_sy3sy2_phase4_wgs1__plateau_2022-10-11D_008__W003,4,test,low_capacity_alpha_wgs_xt,reference,1,H2_dry_vol_pct,26.36602994,3.871612404769981e-23,-26.36602994,0.0430173971245396,1,0.0152555081626056,,,completed,poor,a2955d2a2f6e850b88d8b206f465d810e1ad86ab,3.620563280026493e-18,-3.6205245639024454e-18,-3.6205245639024456e-06
R52-C-75,R52-C-75__P4__huayi_sy3sy2_phase4_wgs1__plateau_2022-10-11D_008__W003,4,test,low_capacity_alpha_wgs_xt,reference,1,CO2_dry_vol_pct,8.608786961733331,13.66913296668826,5.06034600495493,0.0430173971245396,1,0.0152555081626056,,,completed,poor,a2955d2a2f6e850b88d8b206f465d810e1ad86ab,13.37890534228346,0.29022762440479966,0.021692927558695525
R52-C-75,R52-C-75__P4__huayi_sy3sy2_phase4_wgs1__plateau_2022-10-11D_008__W003,4,test,low_capacity_alpha_wgs_xt,reference,1,H2_CO_ratio,0.4103342401837222,4.710256442798163e-25,-0.4103342401837222,0.0430173971245396,1,0.0152555081626056,,,completed,poor,a2955d2a2f6e850b88d8b206f465d810e1ad86ab,4.384954450620055e-20,-4.3849073480556267e-20,-4.3849073480556266e-08
R52-C-75,R52-C-75__P4__huayi_sy3sy2_phase4_wgs1__plateau_2022-10-11D_008__W003,4,test,low_capacity_alpha_wgs_xt,reference,1,dry_syngas_flow,136978.1755701889,136978.1755701889,0.0,0.0430173971245396,1,0.0152555081626056,,,completed,poor,a2955d2a2f6e850b88d8b206f465d810e1ad86ab,52896.43619335379,84081.73937683512,1.589553955383475
R52-C-75,R52-C-75__P4__huayi_sy3sy2_phase4_wgs1__shift_evening_handover_2022-10-11__W001,4,test,low_capacity_alpha_wgs_xt,reference,1,CO_dry_vol_pct,64.19336817733334,82.15099674246925,17.957628565135906,0.0433847118685409,1,0.0154308282806653,,,completed,poor,a2955d2a2f6e850b88d8b206f465d810e1ad86ab,82.52309753298853,-0.37210079051928346,-0.004509050213130167
R52-C-75,R52-C-75__P4__huayi_sy3sy2_phase4_wgs1__shift_evening_handover_2022-10-11__W001,4,test,low_capacity_alpha_wgs_xt,reference,1,H2_dry_vol_pct,26.30245188,1.2994166026495766e-19,-26.30245188,0.0433847118685409,1,0.0154308282806653,,,completed,poor,a2955d2a2f6e850b88d8b206f465d810e1ad86ab,4.846632592135323e-16,-4.845333175532673e-16,-0.00048453331755326736
R52-C-75,R52-C-75__P4__huayi_sy3sy2_phase4_wgs1__shift_evening_handover_2022-10-11__W001,4,test,low_capacity_alpha_wgs_xt,reference,1,CO2_dry_vol_pct,8.784614966399998,13.686198021056631,4.901583054656635,0.0433847118685409,1,0.0154308282806653,,,completed,poor,a2955d2a2f6e850b88d8b206f465d810e1ad86ab,13.396878929666833,0.28931909138979783,0.021596007018404317
R52-C-75,R52-C-75__P4__huayi_sy3sy2_phase4_wgs1__shift_evening_handover_2022-10-11__W001,4,test,low_capacity_alpha_wgs_xt,reference,1,H2_CO_ratio,0.409741372657507,1.5817417367716769e-21,-0.409741372657507,0.0433847118685409,1,0.0154308282806653,,,completed,poor,a2955d2a2f6e850b88d8b206f465d810e1ad86ab,5.873061890579042e-18,-5.871480148842271e-18,-5.871480148842271e-06
R52-C-75,R52-C-75__P4__huayi_sy3sy2_phase4_wgs1__shift_evening_handover_2022-10-11__W001,4,test,low_capacity_alpha_wgs_xt,reference,1,dry_syngas_flow,136616.59951076444,136616.59951076444,0.0,0.0433847118685409,1,0.0154308282806653,,,completed,poor,a2955d2a2f6e850b88d8b206f465d810e1ad86ab,52782.87087163781,83833.72863912664,1.588275272919526
R52-C-75,R52-C-75__P4__huayi_sy3sy2_phase4_wgs1__plateau_2022-10-11N_009__W001,4,test,low_capacity_alpha_wgs_xt,reference,1,CO_dry_vol_pct,63.91786433733334,82.18576442998146,18.26790009264812,0.0447409266155469,1,0.0153607326208684,,,completed,poor,a2955d2a2f6e850b88d8b206f465d810e1ad86ab,82.54475145439623,-0.35898702441477326,-0.004348998792650117
R52-C-75,R52-C-75__P4__huayi_sy3sy2_phase4_wgs1__plateau_2022-10-11N_009__W001,4,test,low_capacity_alpha_wgs_xt,reference,1,H2_dry_vol_pct,26.21391532,1.4699351459231825e-22,-26.21391532,0.0447409266155469,1,0.0153607326208684,,,completed,poor,a2955d2a2f6e850b88d8b206f465d810e1ad86ab,1.571508717145849e-16,-1.5715072472107031e-16,-0.00015715072472107032
R52-C-75,R52-C-75__P4__huayi_sy3sy2_phase4_wgs1__plateau_2022-10-11N_009__W001,4,test,low_capacity_alpha_wgs_xt,reference,1,CO2_dry_vol_pct,9.138149151733332,13.667468353776218,4.529319202042887,0.0447409266155469,1,0.0153607326208684,,,completed,poor,a2955d2a2f6e850b88d8b206f465d810e1ad86ab,13.388187144478383,0.2792812092978352,0.020860270795737837
R52-C-75,R52-C-75__P4__huayi_sy3sy2_phase4_wgs1__plateau_2022-10-11N_009__W001,4,test,low_capacity_alpha_wgs_xt,reference,1,H2_CO_ratio,0.410123458800239,1.788552015203923e-24,-0.410123458800239,0.0447409266155469,1,0.0153607326208684,,,completed,poor,a2955d2a2f6e850b88d8b206f465d810e1ad86ab,1.9038263359652437e-18,-1.9038245474132284e-18,-1.9038245474132285e-06
R52-C-75,R52-C-75__P4__huayi_sy3sy2_phase4_wgs1__plateau_2022-10-11N_009__W001,4,test,low_capacity_alpha_wgs_xt,reference,1,dry_syngas_flow,135307.58787081367,135307.58787081367,0.0,0.0447409266155469,1,0.0153607326208684,,,completed,poor,a2955d2a2f6e850b88d8b206f465d810e1ad86ab,52852.561573709936,82455.02629710373,1.5600951749918348
R52-C-75,R52-C-75__P4__huayi_sy3sy2_phase4_wgs1__plateau_2022-10-11N_009__W002,4,test,low_capacity_alpha_wgs_xt,reference,1,CO_dry_vol_pct,63.931436388,82.45186530642252,18.52042891842252,0.0434799786670486,1,0.0143916963856661,,,completed,poor,a2955d2a2f6e850b88d8b206f465d810e1ad86ab,82.79983435913931,-0.3479690527167918,-0.004202533198405892
R52-C-75,R52-C-75__P4__huayi_sy3sy2_phase4_wgs1__plateau_2022-10-11N_009__W002,4,test,low_capacity_alpha_wgs_xt,reference,1,H2_dry_vol_pct,26.263043389333337,2.1576526199454904e-21,-26.263043389333337,0.0434799786670486,1,0.0143916963856661,,,completed,poor,a2955d2a2f6e850b88d8b206f465d810e1ad86ab,7.569567778497084e-15,-7.569565620844465e-15,-0.007569565620844466
R52-C-75,R52-C-75__P4__huayi_sy3sy2_phase4_wgs1__plateau_2022-10-11N_009__W002,4,test,low_capacity_alpha_wgs_xt,reference,1,CO2_dry_vol_pct,9.063825851066666,13.558097557750145,4.494271706683479,0.0434799786670486,1,0.0143916963856661,,,completed,poor,a2955d2a2f6e850b88d8b206f465d810e1ad86ab,13.284362326293556,0.2737352314565893,0.020605823955493062
R52-C-75,R52-C-75__P4__huayi_sy3sy2_phase4_wgs1__plateau_2022-10-11N_009__W002,4,test,low_capacity_alpha_wgs_xt,reference,1,H2_CO_ratio,0.4108069567492254,2.616863320104199e-23,-0.4108069567492254,0.0434799786670486,1,0.0143916963856661,,,completed,poor,a2955d2a2f6e850b88d8b206f465d810e1ad86ab,9.14200835917683e-17,-9.14200574231351e-17,-9.14200574231351e-05
R52-C-75,R52-C-75__P4__huayi_sy3sy2_phase4_wgs1__plateau_2022-10-11N_009__W002,4,test,low_capacity_alpha_wgs_xt,reference,1,dry_syngas_flow,136523.3210220265,136523.3210220265,0.0,0.0434799786670486,1,0.0143916963856661,,,completed,poor,a2955d2a2f6e850b88d8b206f465d810e1ad86ab,53816.23519202521,82707.08583000129,1.5368426560291473
R52-C-75,R52-C-75__P4__huayi_sy3sy2_phase4_wgs1__plateau_2022-10-11N_009__W003,4,test,low_capacity_alpha_wgs_xt,reference,1,CO_dry_vol_pct,64.51372475733334,82.35082233591322,17.837097578579886,0.041720757643088,1,0.0146843499445637,,,completed,poor,a2955d2a2f6e850b88d8b206f465d810e1ad86ab,82.71772342853852,-0.366901092625298,-0.004435580156437346
R52-C-75,R52-C-75__P4__huayi_sy3sy2_phase4_wgs1__plateau_2022-10-11N_009__W003,4,test,low_capacity_alpha_wgs_xt,reference,1,H2_dry_vol_pct,26.241503150666663,2.752696654155774e-24,-26.241503150666663,0.041720757643088,1,0.0146843499445637,,,completed,poor,a2955d2a2f6e850b88d8b206f465d810e1ad86ab,5.798733669770872e-19,-5.79870614280433e-19,-5.79870614280433e-07
R52-C-75,R52-C-75__P4__huayi_sy3sy2_phase4_wgs1__plateau_2022-10-11N_009__W003,4,test,low_capacity_alpha_wgs_xt,reference,1,CO2_dry_vol_pct,8.492468518533332,13.605741105606748,5.113272587073414,0.041720757643088,1,0.0146843499445637,,,completed,poor,a2955d2a2f6e850b88d8b206f465d810e1ad86ab,13.31801787457277,0.28772323103397746,0.021604058032037094
R52-C-75,R52-C-75__P4__huayi_sy3sy2_phase4_wgs1__plateau_2022-10-11N_009__W003,4,test,low_capacity_alpha_wgs_xt,reference,1,H2_CO_ratio,0.4067595263541621,3.3426462251067554e-26,-0.4067595263541621,0.041720757643088,1,0.0146843499445637,,,completed,poor,a2955d2a2f6e850b88d8b206f465d810e1ad86ab,7.010267484912726e-21,-7.010234058450475e-21,-7.010234058450475e-09
R52-C-75,R52-C-75__P4__huayi_sy3sy2_phase4_wgs1__plateau_2022-10-11N_009__W003,4,test,low_capacity_alpha_wgs_xt,reference,1,dry_syngas_flow,138279.71452432888,138279.71452432888,0.0,0.041720757643088,1,0.0146843499445637,,,completed,poor,a2955d2a2f6e850b88d8b206f465d810e1ad86ab,53534.43149526929,84745.28302905959,1.5830051923975008
R52-C-75,R52-C-75__P4__huayi_sy3sy2_phase4_wgs1__plateau_2022-10-11N_009__W004,4,test,low_capacity_alpha_wgs_xt,reference,1,CO_dry_vol_pct,64.815687,82.34412791226904,17.528440912269048,0.0410813195011428,1,0.0146652068228291,,,completed,poor,a2955d2a2f6e850b88d8b206f465d810e1ad86ab,82.71996539964181,-0.37583748737276323,-0.004543491834855031
R52-C-75,R52-C-75__P4__huayi_sy3sy2_phase4_wgs1__plateau_2022-10-11N_009__W004,4,test,low_capacity_alpha_wgs_xt,reference,1,H2_dry_vol_pct,26.31384755466667,6.593184069251645e-19,-26.31384755466667,0.0410813195011428,1,0.0146652068228291,,,completed,poor,a2955d2a2f6e850b88d8b206f465d810e1ad86ab,3.061316817096197e-16,-3.0547236330269455e-16,-0.00030547236330269456
R52-C-75,R52-C-75__P4__huayi_sy3sy2_phase4_wgs1__plateau_2022-10-11N_009__W004,4,test,low_capacity_alpha_wgs_xt,reference,1,CO2_dry_vol_pct,8.0893161844,13.611996934827753,5.522680750427753,0.0410813195011428,1,0.0146652068228291,,,completed,poor,a2955d2a2f6e850b88d8b206f465d810e1ad86ab,13.317160881583428,0.2948360532443246,0.022139557813111603
R52-C-75,R52-C-75__P4__huayi_sy3sy2_phase4_wgs1__plateau_2022-10-11N_009__W004,4,test,low_capacity_alpha_wgs_xt,reference,1,H2_CO_ratio,0.4059818060279888,8.006866107412232e-21,-0.4059818060279888,0.0410813195011428,1,0.0146652068228291,,,completed,poor,a2955d2a2f6e850b88d8b206f465d810e1ad86ab,3.700819750475201e-18,-3.692812884367789e-18,-3.6928128843677895e-06
R52-C-75,R52-C-75__P4__huayi_sy3sy2_phase4_wgs1__plateau_2022-10-11N_009__W004,4,test,low_capacity_alpha_wgs_xt,reference,1,dry_syngas_flow,138936.53846362265,138936.53846362265,0.0,0.0410813195011428,1,0.0146652068228291,,,completed,poor,a2955d2a2f6e850b88d8b206f465d810e1ad86ab,53531.18827751755,85405.3501861051,1.5954316153668182
R52-C-75,R52-C-75__P4__huayi_sy3sy2_phase4_wgs1__plateau_2022-10-11N_009__W005,4,test,low_capacity_alpha_wgs_xt,reference,1,CO_dry_vol_pct,64.46017079333336,82.29105978140714,17.83088898807378,0.0425035441724906,1,0.0148882582254957,,,completed,poor,a2955d2a2f6e850b88d8b206f465d810e1ad86ab,82.6627730819824,-0.37171330057525154,-0.004496743657590554
R52-C-75,R52-C-75__P4__huayi_sy3sy2_phase4_wgs1__plateau_2022-10-11N_009__W005,4,test,low_capacity_alpha_wgs_xt,reference,1,H2_dry_vol_pct,26.17235382933333,3.9695003313184196e-24,-26.17235382933333,0.0425035441724906,1,0.0148882582254957,,,completed,poor,a2955d2a2f6e850b88d8b206f465d810e1ad86ab,7.339324929003167e-16,-7.339324889308163e-16,-0.0007339324889308164
R52-C-75,R52-C-75__P4__huayi_sy3sy2_phase4_wgs1__plateau_2022-10-11N_009__W005,4,test,low_capacity_alpha_wgs_xt,reference,1,CO2_dry_vol_pct,8.628939237866666,13.631383571365271,5.002444333498605,0.0425035441724906,1,0.0148882582254957,,,completed,poor,a2955d2a2f6e850b88d8b206f465d810e1ad86ab,13.340534844225207,0.29084872714006416,0.02180187905029651
R52-C-75,R52-C-75__P4__huayi_sy3sy2_phase4_wgs1__plateau_2022-10-11N_009__W005,4,test,low_capacity_alpha_wgs_xt,reference,1,H2_CO_ratio,0.4060283721132489,4.823732179246145e-26,-0.4060283721132489,0.0425035441724906,1,0.0148882582254957,,,completed,poor,a2955d2a2f6e850b88d8b206f465d810e1ad86ab,8.878633821931246e-18,-8.878633773693924e-18,-8.878633773693925e-06
R52-C-75,R52-C-75__P4__huayi_sy3sy2_phase4_wgs1__plateau_2022-10-11N_009__W005,4,test,low_capacity_alpha_wgs_xt,reference,1,dry_syngas_flow,137489.2152743003,137489.2152743003,0.0,0.0425035441724906,1,0.0148882582254957,,,completed,poor,a2955d2a2f6e850b88d8b206f465d810e1ad86ab,53370.162268080305,84119.05300622,1.5761438495106475
