{
  "Paper_Case_6": {
    "K_f=1.0": {
      "T_C": 1908.0648398631347,
      "CO": 37.655605174068675,
      "H2": 13.835425600263523,
      "CO2": 47.02599376927319
    },
    "K_f=0.5": {
      "T_C": 1947.4686506668172,
      "CO": 40.92215991633885,
      "H2": 7.349051809735155,
      "CO2": 50.578277595717644
    },
    "K_f=0.3": {
      "T_C": 1818.3047749461248,
      "CO": 53.48355066046426,
      "H2": 9.729543453606945,
      "CO2": 34.64525321674573
    },
    "K_f=0.2": {
      "T_C": 1697.3267918168913,
      "CO": 59.49040726827699,
      "H2": 10.701997397442256,
      "CO2": 27.11951133951615
    },
    "K_f=0.1": {
      "T_C": 1469.3282685664412,
      "CO": 66.9293212762611,
      "H2": 13.128504619711698,
      "CO2": 16.914806717633248
    }
  },
  "LuNan_Texaco": {
    "K_f=1.0": {
      "T_C": 1767.174689627318,
      "CO": 50.93260117906541,
      "H2": 23.45816938551337,
      "CO2": 23.26236881080952
    },
    "K_f=0.5": {
      "T_C": 1581.8367974552093,
      "CO": 57.24909796441837,
      "H2": 24.415212492285725,
      "CO2": 15.907472087760397
    },
    "K_f=0.3": {
      "T_C": 1448.7531628500933,
      "CO": 60.46074812012348,
      "H2": 25.641674416941107,
      "CO2": 11.504191877614392
    },
    "K_f=0.2": {
      "T_C": 1342.117448592404,
      "CO": 62.055325350467186,
      "H2": 26.922199238382944,
      "CO2": 8.677656259065675
    },
    "K_f=0.1": {
      "T_C": 1185.4928287501157,
      "CO": 63.52082152203812,
      "H2": 28.99410968596011,
      "CO2": 5.260821407185227
    }
  }
}