{
  "Paper_Case_6": {
    "f=0.5": {
      "T_C": 1908.0648398631347,
      "CO": 37.655605174068675,
      "H2": 13.835425600263523,
      "CO2": 47.02599376927319
    },
    "f=0.6": {
      "T_C": 1904.487388816453,
      "CO": 37.86344544180898,
      "H2": 14.034325810527237,
      "CO2": 46.59497220442439
    },
    "f=0.8": {
      "T_C": 1899.4463833068103,
      "CO": 38.16928977214517,
      "H2": 14.30863627701575,
      "CO2": 45.98243895644539
    },
    "f=1.0": {
      "T_C": 1896.0518388397281,
      "CO": 38.39467715578977,
      "H2": 14.48082783374264,
      "CO2": 45.564315076862584
    }
  },
  "LuNan_Texaco": {
    "f=0.5": {
      "T_C": 1719.881449697495,
      "CO": 50.33869310775273,
      "H2": 25.368587737888955,
      "CO2": 21.782297324894913
    },
    "f=0.6": {
      "T_C": 1713.265706866613,
      "CO": 50.22290905805195,
      "H2": 25.641425893957294,
      "CO2": 21.60931401432539
    },
    "f=0.8": {
      "T_C": 1704.6327617329412,
      "CO": 50.02242059236419,
      "H2": 26.021682898667343,
      "CO2": 21.41247408557826
    },
    "f=1.0": {
      "T_C": 1699.3023045571308,
      "CO": 49.84298324024824,
      "H2": 26.285520841779103,
      "CO2": 21.320236319072315
    }
  }
}