{
  "best": {
    "Paper_Case_6": {
      "HeatLossPercent": 8.0,
      "result": {
        "T_C": 1401.3036908127706,
        "CO": 56.3500646709817,
        "H2": 13.861486890044059,
        "CO2": 27.33134806916323,
        "cost": 19.016665548363797
      },
      "cost": 19.016665548363797
    },
    "LuNan_Texaco": {
      "HeatLossPercent": 8.0,
      "result": {
        "T_C": 1108.9086545702016,
        "CO": 49.154277451390286,
        "H2": 29.864638430156127,
        "CO2": 18.87596804832791,
        "cost": 7.275523379413434
      },
      "cost": 7.275523379413434
    }
  },
  "all": {
    "Paper_Case_6": {
      "3.0": {
        "T_C": 1697.3267918168913,
        "CO": 59.49040726827699,
        "H2": 10.701997397442256,
        "CO2": 27.11951133951615,
        "cost": 21.922918987164138
      },
      "4.0": {
        "T_C": 1641.0313254506464,
        "CO": 59.014535595365224,
        "H2": 11.184136401648551,
        "CO2": 27.15346907988546,
        "cost": 21.367017979965215
      },
      "5.0": {
        "T_C": 1583.411429522142,
        "CO": 58.473063825858794,
        "H2": 11.730141177359812,
        "CO2": 27.18699892010089,
        "cost": 20.79861146964239
      },
      "6.0": {
        "T_C": 1524.2133234513458,
        "CO": 57.852706794612985,
        "H2": 12.345396022551407,
        "CO2": 27.2478141590436,
        "cost": 20.22742607364434
      },
      "7.0": {
        "T_C": 1463.5122993412133,
        "CO": 57.15543420756245,
        "H2": 13.054824480156002,
        "CO2": 27.289569330933194,
        "cost": 19.626864448832865
      },
      "8.0": {
        "T_C": 1401.3036908127706,
        "CO": 56.3500646709817,
        "H2": 13.861486890044059,
        "CO2": 27.33134806916323,
        "cost": 19.016665548363797
      },
      "10.0": {
        "T_C": 1274.2430462664552,
        "CO": 54.36085055492409,
        "H2": 15.728369122789108,
        "CO2": 27.55019928021756,
        "cost": 19.78801948254412
      },
      "12.0": {
        "T_C": 1142.9440090054622,
        "CO": 51.85005484762223,
        "H2": 17.94430966067026,
        "CO2": 27.955538244377166,
        "cost": 21.370039129112282
      }
    },
    "LuNan_Texaco": {
      "2.5": {
        "T_C": 1511.8000920232175,
        "CO": 56.26314672557536,
        "H2": 25.1102153118591,
        "CO2": 16.242958902149713,
        "cost": 11.624354297735218
      },
      "3.0": {
        "T_C": 1476.4788620817617,
        "CO": 55.73345047187747,
        "H2": 25.47770141325602,
        "CO2": 16.428128478501257,
        "cost": 10.878101693678717
      },
      "4.0": {
        "T_C": 1405.1884457436722,
        "CO": 54.59556860987613,
        "H2": 26.25522430400479,
        "CO2": 16.83590320103742,
        "cost": 9.329827570683618
      },
      "5.0": {
        "T_C": 1332.9613225491075,
        "CO": 53.349836808833665,
        "H2": 27.091228495813695,
        "CO2": 17.295132325506096,
        "cost": 8.045230628670737
      },
      "6.0": {
        "T_C": 1259.6723532001552,
        "CO": 52.00218130890657,
        "H2": 27.98320142447751,
        "CO2": 17.8023493493862,
        "cost": 7.810471215028839
      },
      "7.0": {
        "T_C": 1185.11275904906,
        "CO": 50.58083824936429,
        "H2": 28.918189599489892,
        "CO2": 18.341904700259153,
        "cost": 7.539768144524344
      },
      "8.0": {
        "T_C": 1108.9086545702016,
        "CO": 49.154277451390286,
        "H2": 29.864638430156127,
        "CO2": 18.87596804832791,
        "cost": 7.275523379413434
      },
      "10.0": {
        "T_C": 956.3969162884497,
        "CO": 46.7207808325031,
        "H2": 31.473040700554883,
        "CO2": 19.793890569282834,
        "cost": 9.15428724137136
      }
    }
  }
}