{
  "Paper_Case_6": {
    "CO_Ox=1.0": {
      "T_C": 1908.0648398631347,
      "CO": 37.655605174068675,
      "H2": 13.835425600263523,
      "CO2": 47.02599376927319
    },
    "CO_Ox=0.8": {
      "T_C": 1886.958404745566,
      "CO": 38.219652688747104,
      "H2": 14.36563874485413,
      "CO2": 45.921683583822755
    },
    "CO_Ox=0.5": {
      "T_C": 1873.424128449713,
      "CO": 38.44189573162605,
      "H2": 14.280260749218154,
      "CO2": 45.929929758699664
    },
    "CO_Ox=0.3": {
      "T_C": 1874.2577933191365,
      "CO": 38.60946824558603,
      "H2": 13.831807282302103,
      "CO2": 46.39738644329718
    },
    "CO_Ox=0.2": {
      "T_C": 1874.8265999736363,
      "CO": 38.971257750714074,
      "H2": 13.540184990440713,
      "CO2": 46.477239915669
    }
  },
  "LuNan_Texaco": {
    "CO_Ox=1.0": {
      "T_C": 1767.174689627318,
      "CO": 50.93260117906541,
      "H2": 23.45816938551337,
      "CO2": 23.26236881080952
    },
    "CO_Ox=0.8": {
      "T_C": 1777.9218922456694,
      "CO": 51.41400840955362,
      "H2": 22.596780122851285,
      "CO2": 23.827004833996597
    },
    "CO_Ox=0.5": {
      "T_C": 1741.9263968575592,
      "CO": 51.717106542908475,
      "H2": 23.420923267713665,
      "CO2": 22.772893173291298
    },
    "CO_Ox=0.3": {
      "T_C": 1706.6743888905771,
      "CO": 51.9429453032323,
      "H2": 24.201405791580214,
      "CO2": 21.834170738744042
    },
    "CO_Ox=0.2": {
      "T_C": 1680.4945933763497,
      "CO": 52.0701082358893,
      "H2": 24.764366271488733,
      "CO2": 21.191894385436292
    }
  }
}