{
  "current": {
    "T_C": 1929.7866633849085,
    "CO_pct": 36.48274454663951
  },
  "revert_P0-1": {
    "T_C": 1929.7866633849085,
    "CO_pct": 36.48274454663951
  },
  "revert_P0-2": {
    "T_C": 2018.4503722930708,
    "CO_pct": 36.49201850850964
  },
  "revert_both": {
    "T_C": 2018.4503722930708,
    "CO_pct": 36.49201850850964
  }
}